Price,Close,Close,High,High,Low,Low,Open,Open,Volume,Volume
Ticker,EGRI.PA,^STOXX,EGRI.PA,^STOXX,EGRI.PA,^STOXX,EGRI.PA,^STOXX,EGRI.PA,^STOXX
Date,,,,,,,,,,
2004-04-26,,247.07000732421875,,248.14999389648438,,246.89999389648438,,246.9499969482422,,0.0
2004-04-27,,246.9199981689453,,247.66000366210938,,246.22999572753906,,247.19000244140625,,0.0
2004-04-28,,243.3800048828125,,247.0500030517578,,243.3800048828125,,246.9600067138672,,0.0
2004-04-29,,241.25,,243.42999267578125,,240.1699981689453,,243.19000244140625,,0.0
2004-04-30,,239.0500030517578,,240.80999755859375,,239.0500030517578,,240.80999755859375,,0.0
2004-05-03,,240.38999938964844,,240.49000549316406,,238.49000549316406,,239.3000030517578,,0.0
2004-05-04,,241.33999633789062,,241.74000549316406,,239.9600067138672,,240.64999389648438,,0.0
2004-05-05,,242.38999938964844,,242.6699981689453,,240.3699951171875,,241.02999877929688,,0.0
2004-05-06,,239.1999969482422,,242.19000244140625,,239.02000427246094,,242.19000244140625,,0.0
2004-05-07,,239.35000610351562,,239.6699981689453,,237.32000732421875,,239.2100067138672,,0.0
2004-05-10,,232.99000549316406,,239.3000030517578,,232.94000244140625,,239.3000030517578,,0.0
2004-05-11,,235.52999877929688,,235.52999877929688,,232.9499969482422,,232.9499969482422,,0.0
2004-05-12,,233.1300048828125,,235.58999633789062,,233.07000732421875,,235.2899932861328,,0.0
2004-05-13,,235.52999877929688,,235.5500030517578,,232.94000244140625,,232.94000244140625,,0.0
2004-05-14,,234.0399932861328,,235.41000366210938,,232.67999267578125,,235.41000366210938,,0.0
2004-05-17,,230.60000610351562,,233.1699981689453,,228.8800048828125,,233.1699981689453,,0.0
2004-05-18,,232.2899932861328,,232.6199951171875,,230.5399932861328,,230.5399932861328,,0.0
2004-05-19,,236.14999389648438,,236.52000427246094,,232.39999389648438,,232.39999389648438,,0.0
2004-05-20,,234.6699981689453,,236.00999450683594,,234.0,,236.00999450683594,,0.0
2004-05-21,,234.49000549316406,,235.77000427246094,,233.67999267578125,,234.66000366210938,,0.0
2004-05-24,,235.72999572753906,,237.2100067138672,,234.77000427246094,,234.77999877929688,,0.0
2004-05-25,,234.4199981689453,,235.41000366210938,,233.55999755859375,,235.41000366210938,,0.0
2004-05-26,,236.50999450683594,,237.22000122070312,,234.67999267578125,,234.67999267578125,,0.0
2004-05-27,,237.72000122070312,,238.50999450683594,,236.52000427246094,,236.52000427246094,,0.0
2004-05-28,,236.92999267578125,,238.66000366210938,,236.69000244140625,,237.92999267578125,,0.0
2004-06-01,,235.75,,237.69000244140625,,235.41000366210938,,237.3699951171875,,0.0
2004-06-02,,236.61000061035156,,238.05999755859375,,235.8300018310547,,235.8300018310547,,0.0
2004-06-03,,237.4600067138672,,237.4600067138672,,235.30999755859375,,236.52999877929688,,0.0
2004-06-04,,239.1699981689453,,239.35000610351562,,237.27999877929688,,237.58999633789062,,0.0
2004-06-07,,240.8000030517578,,241.17999267578125,,239.13999938964844,,239.13999938964844,,0.0
2004-06-08,,241.4600067138672,,241.7899932861328,,240.6300048828125,,241.0800018310547,,0.0
2004-06-09,,241.5800018310547,,242.5800018310547,,241.39999389648438,,241.77000427246094,,0.0
2004-06-10,,241.94000244140625,,242.2899932861328,,241.2100067138672,,241.75,,0.0
2004-06-11,,241.64999389648438,,242.47999572753906,,241.3000030517578,,242.47999572753906,,0.0
2004-06-14,,238.1999969482422,,241.67999267578125,,237.8300018310547,,241.67999267578125,,0.0
2004-06-15,,239.9600067138672,,240.2899932861328,,237.99000549316406,,238.30999755859375,,0.0
2004-06-16,,242.35000610351562,,242.5,,240.14999389648438,,240.19000244140625,,0.0
2004-06-17,,242.72999572753906,,243.36000061035156,,242.02999877929688,,242.36000061035156,,0.0
2004-06-18,,243.0,,243.14999389648438,,241.8300018310547,,242.72000122070312,,0.0
2004-06-21,,242.7100067138672,,243.3800048828125,,242.1199951171875,,242.9199981689453,,0.0
2004-06-22,,240.19000244140625,,242.5,,239.75999450683594,,242.5,,0.0
2004-06-23,,241.02000427246094,,241.3800048828125,,239.8300018310547,,239.8300018310547,,0.0
2004-06-24,,242.00999450683594,,242.89999389648438,,241.05999755859375,,241.05999755859375,,0.0
2004-06-25,,242.0399932861328,,242.4600067138672,,241.2899932861328,,242.25999450683594,,0.0
2004-06-28,,243.60000610351562,,244.0399932861328,,241.60000610351562,,242.08999633789062,,0.0
2004-06-29,,242.47999572753906,,243.38999938964844,,241.83999633789062,,243.38999938964844,,0.0
2004-06-30,,240.86000061035156,,242.8800048828125,,240.86000061035156,,242.6199951171875,,0.0
2004-07-01,,240.0800018310547,,242.82000732421875,,239.9600067138672,,241.33999633789062,,0.0
2004-07-02,,238.44000244140625,,240.3300018310547,,238.02999877929688,,240.11000061035156,,0.0
2004-07-05,,238.3000030517578,,239.27999877929688,,238.3000030517578,,238.50999450683594,,0.0
2004-07-06,,237.0800018310547,,238.6199951171875,,236.42999267578125,,238.2899932861328,,0.0
2004-07-07,,236.74000549316406,,237.97999572753906,,236.47000122070312,,236.9600067138672,,0.0
2004-07-08,,237.44000244140625,,237.44000244140625,,235.02999877929688,,236.6300048828125,,0.0
2004-07-09,,237.32000732421875,,237.39999389648438,,235.50999450683594,,237.11000061035156,,0.0
2004-07-12,,236.3300018310547,,238.02999877929688,,236.11000061035156,,237.41000366210938,,0.0
2004-07-13,,236.6999969482422,,237.3300018310547,,236.0500030517578,,236.5800018310547,,0.0
2004-07-14,,236.22999572753906,,236.3699951171875,,234.13999938964844,,236.3699951171875,,0.0
2004-07-15,,233.8000030517578,,236.1999969482422,,233.8000030517578,,236.1999969482422,,0.0
2004-07-16,,234.32000732421875,,235.42999267578125,,233.66000366210938,,233.91000366210938,,0.0
2004-07-19,,233.13999938964844,,234.3800048828125,,233.13999938964844,,234.33999633789062,,0.0
2004-07-20,,233.52999877929688,,233.74000549316406,,231.3000030517578,,232.5500030517578,,0.0
2004-07-21,,235.80999755859375,,236.4600067138672,,234.1300048828125,,234.1300048828125,,0.0
2004-07-22,,232.1999969482422,,235.4199981689453,,232.1999969482422,,235.4199981689453,,0.0
2004-07-23,,232.8000030517578,,233.3000030517578,,232.1999969482422,,232.5800018310547,,0.0
2004-07-26,,230.7100067138672,,233.25999450683594,,230.5500030517578,,232.77999877929688,,0.0
2004-07-27,,232.6699981689453,,232.74000549316406,,230.8300018310547,,230.8300018310547,,0.0
2004-07-28,,233.4499969482422,,234.47999572753906,,232.85000610351562,,233.02000427246094,,0.0
2004-07-29,,236.08999633789062,,236.22000122070312,,233.58999633789062,,233.58999633789062,,0.0
2004-07-30,,236.39999389648438,,237.05999755859375,,234.94000244140625,,236.1300048828125,,0.0
2004-08-02,,236.13999938964844,,236.44000244140625,,235.1699981689453,,236.44000244140625,,0.0
2004-08-03,,236.80999755859375,,236.92999267578125,,235.9199981689453,,236.3000030517578,,0.0
2004-08-04,,234.89999389648438,,236.69000244140625,,233.94000244140625,,236.69000244140625,,0.0
2004-08-05,,235.2899932861328,,236.39999389648438,,235.16000366210938,,235.16000366210938,,0.0
2004-08-06,,229.97000122070312,,234.8800048828125,,229.97000122070312,,234.8800048828125,,0.0
2004-08-09,,228.00999450683594,,230.19000244140625,,227.1199951171875,,229.8699951171875,,0.0
2004-08-10,,229.39999389648438,,229.39999389648438,,227.77999877929688,,227.88999938964844,,0.0
2004-08-11,,227.77000427246094,,229.77000427246094,,226.41000366210938,,229.57000732421875,,0.0
2004-08-12,,227.35000610351562,,229.25,,226.60000610351562,,227.97000122070312,,0.0
2004-08-13,,226.57000732421875,,227.49000549316406,,225.97000122070312,,227.1999969482422,,0.0
2004-08-16,,228.74000549316406,,228.8300018310547,,225.17999267578125,,226.25,,0.0
2004-08-17,,229.05999755859375,,230.25,,228.0500030517578,,228.52999877929688,,0.0
2004-08-18,,229.16000366210938,,229.3000030517578,,227.52999877929688,,228.88999938964844,,0.0
2004-08-19,,229.66000366210938,,230.32000732421875,,228.99000549316406,,228.99000549316406,,0.0
2004-08-20,,229.08999633789062,,229.5,,228.3699951171875,,229.49000549316406,,0.0
2004-08-23,,232.1699981689453,,232.3699951171875,,229.32000732421875,,229.32000732421875,,0.0
2004-08-24,,231.8800048828125,,232.9199981689453,,231.58999633789062,,232.22000122070312,,0.0
2004-08-25,,232.55999755859375,,232.97000122070312,,231.75999450683594,,232.38999938964844,,0.0
2004-08-26,,234.4499969482422,,234.4499969482422,,232.7899932861328,,232.7899932861328,,0.0
2004-08-27,,236.24000549316406,,236.24000549316406,,234.47000122070312,,234.52999877929688,,0.0
2004-08-30,,235.88999938964844,,236.27999877929688,,235.6300048828125,,236.1699981689453,,0.0
2004-08-31,,233.6300048828125,,235.4600067138672,,233.55999755859375,,235.4600067138672,,0.0
2004-09-01,,235.2100067138672,,235.47000122070312,,233.6699981689453,,233.6699981689453,,0.0
2004-09-02,,236.11000061035156,,236.5399932861328,,234.38999938964844,,235.08999633789062,,0.0
2004-09-03,,237.9499969482422,,238.2100067138672,,235.52999877929688,,236.02000427246094,,0.0
2004-09-06,,238.7899932861328,,239.05999755859375,,237.94000244140625,,237.94000244140625,,0.0
2004-09-07,,238.6699981689453,,239.22000122070312,,238.19000244140625,,239.0,,0.0
2004-09-08,,238.60000610351562,,239.25,,238.27999877929688,,238.8000030517578,,0.0
2004-09-09,,237.13999938964844,,238.13999938964844,,236.27999877929688,,238.13999938964844,,0.0
2004-09-10,,237.9499969482422,,238.4499969482422,,236.86000061035156,,236.86000061035156,,0.0
2004-09-13,,240.0,,240.0399932861328,,238.41000366210938,,238.41000366210938,,0.0
2004-09-14,,239.17999267578125,,239.91000366210938,,238.72000122070312,,239.91000366210938,,0.0
2004-09-15,,238.6999969482422,,240.0399932861328,,238.4499969482422,,239.1300048828125,,0.0
2004-09-16,,239.75,,239.91000366210938,,238.75,,238.75,,0.0
2004-09-17,,241.11000061035156,,241.7100067138672,,239.10000610351562,,239.55999755859375,,0.0
2004-09-20,,240.25999450683594,,241.10000610351562,,239.3699951171875,,241.10000610351562,,0.0
2004-09-21,,241.3699951171875,,241.5399932861328,,239.89999389648438,,240.0500030517578,,0.0
2004-09-22,,240.00999450683594,,241.75,,239.88999938964844,,241.1699981689453,,0.0
2004-09-23,,238.22000122070312,,239.8300018310547,,237.72999572753906,,239.8300018310547,,0.0
2004-09-24,,238.94000244140625,,239.13999938964844,,237.6199951171875,,238.2100067138672,,0.0
2004-09-27,,237.3699951171875,,239.11000061035156,,237.02000427246094,,239.11000061035156,,0.0
2004-09-28,,238.50999450683594,,238.7899932861328,,236.75999450683594,,237.38999938964844,,0.0
2004-09-29,,239.33999633789062,,240.0399932861328,,238.42999267578125,,238.42999267578125,,0.0
2004-09-30,,237.74000549316406,,240.36000061035156,,237.69000244140625,,239.24000549316406,,0.0
2004-10-01,,241.85000610351562,,241.85000610351562,,237.88999938964844,,237.88999938964844,,0.0
2004-10-04,,244.17999267578125,,244.5500030517578,,242.07000732421875,,242.07000732421875,,0.0
2004-10-05,,244.38999938964844,,245.41000366210938,,243.61000061035156,,244.1999969482422,,0.0
2004-10-06,,244.19000244140625,,245.07000732421875,,243.61000061035156,,244.33999633789062,,0.0
2004-10-07,,244.14999389648438,,245.57000732421875,,243.69000244140625,,244.4199981689453,,0.0
2004-10-08,,243.07000732421875,,245.05999755859375,,242.64999389648438,,243.77000427246094,,0.0
2004-10-11,,242.92999267578125,,243.1699981689453,,242.1999969482422,,243.0800018310547,,0.0
2004-10-12,,241.0500030517578,,243.05999755859375,,240.22000122070312,,243.05999755859375,,0.0
2004-10-13,,241.60000610351562,,243.02000427246094,,241.35000610351562,,241.35000610351562,,0.0
2004-10-14,,239.97000122070312,,241.27999877929688,,239.8300018310547,,241.27999877929688,,0.0
2004-10-15,,239.49000549316406,,239.97999572753906,,238.47000122070312,,239.97999572753906,,0.0
2004-10-18,,238.77000427246094,,239.99000549316406,,238.39999389648438,,239.38999938964844,,0.0
2004-10-19,,241.0500030517578,,241.72000122070312,,238.92999267578125,,238.92999267578125,,0.0
2004-10-20,,238.64999389648438,,240.8699951171875,,237.97999572753906,,240.8699951171875,,0.0
2004-10-21,,240.05999755859375,,240.41000366210938,,238.52000427246094,,239.13999938964844,,0.0
2004-10-22,,239.8699951171875,,241.1999969482422,,239.7899932861328,,239.85000610351562,,0.0
2004-10-25,,235.9499969482422,,239.49000549316406,,235.77000427246094,,239.49000549316406,,0.0
2004-10-26,,236.64999389648438,,237.02999877929688,,235.77999877929688,,235.89999389648438,,0.0
2004-10-27,,239.47999572753906,,239.47999572753906,,236.94000244140625,,236.94000244140625,,0.0
2004-10-28,,240.94000244140625,,241.58999633789062,,239.6199951171875,,239.6199951171875,,0.0
2004-10-29,,240.3000030517578,,241.6699981689453,,240.16000366210938,,240.80999755859375,,0.0
2004-11-01,,242.2899932861328,,242.57000732421875,,239.97000122070312,,240.07000732421875,,0.0
2004-11-02,,244.5,,244.5,,242.6199951171875,,242.72000122070312,,0.0
2004-11-03,,245.2899932861328,,246.0500030517578,,244.66000366210938,,244.66000366210938,,0.0
2004-11-04,,244.55999755859375,,245.0,,243.47000122070312,,245.0,,0.0
2004-11-05,,245.89999389648438,,247.16000366210938,,244.77999877929688,,244.77999877929688,,0.0
2004-11-08,,245.60000610351562,,246.22999572753906,,245.1300048828125,,245.99000549316406,,0.0
2004-11-09,,245.52000427246094,,246.0500030517578,,245.2100067138672,,245.60000610351562,,0.0
2004-11-10,,246.0500030517578,,246.9199981689453,,245.6999969482422,,245.6999969482422,,0.0
2004-11-11,,248.32000732421875,,248.41000366210938,,245.8800048828125,,246.25,,0.0
2004-11-12,,249.1999969482422,,249.42999267578125,,248.52999877929688,,248.52999877929688,,0.0
2004-11-15,,248.88999938964844,,250.47999572753906,,248.44000244140625,,249.3300018310547,,0.0
2004-11-16,,247.24000549316406,,248.94000244140625,,246.77000427246094,,248.72999572753906,,0.0
2004-11-17,,249.4499969482422,,249.4499969482422,,247.1699981689453,,247.38999938964844,,0.0
2004-11-18,,249.5,,249.72999572753906,,248.5500030517578,,249.3300018310547,,0.0
2004-11-19,,247.61000061035156,,250.08999633789062,,247.42999267578125,,249.64999389648438,,0.0
2004-11-22,,246.32000732421875,,247.58999633789062,,245.2899932861328,,247.58999633789062,,0.0
2004-11-23,,246.7100067138672,,248.2899932861328,,246.4600067138672,,246.57000732421875,,0.0
2004-11-24,,246.39999389648438,,247.3800048828125,,246.00999450683594,,246.6199951171875,,0.0
2004-11-25,,248.1699981689453,,248.22000122070312,,246.49000549316406,,246.49000549316406,,0.0
2004-11-26,,247.77999877929688,,248.10000610351562,,247.00999450683594,,248.10000610351562,,0.0
2004-11-29,,247.52999877929688,,249.60000610351562,,247.52999877929688,,247.6699981689453,,0.0
2004-11-30,,246.50999450683594,,247.97999572753906,,246.14999389648438,,247.77000427246094,,0.0
2004-12-01,,249.2899932861328,,249.47999572753906,,246.2100067138672,,246.44000244140625,,0.0
2004-12-02,,250.32000732421875,,250.60000610351562,,249.25999450683594,,249.6199951171875,,0.0
2004-12-03,,249.74000549316406,,251.02000427246094,,249.0500030517578,,250.2100067138672,,0.0
2004-12-06,,248.5399932861328,,249.39999389648438,,247.85000610351562,,249.39999389648438,,0.0
2004-12-07,,249.44000244140625,,250.0800018310547,,248.4600067138672,,248.72999572753906,,0.0
2004-12-08,,248.97000122070312,,249.5,,248.24000549316406,,249.5,,0.0
2004-12-09,,247.19000244140625,,248.9199981689453,,246.50999450683594,,248.4199981689453,,0.0
2004-12-10,,248.17999267578125,,248.44000244140625,,247.25999450683594,,247.25999450683594,,0.0
2004-12-13,,250.0399932861328,,250.14999389648438,,248.13999938964844,,248.13999938964844,,0.0
2004-12-14,,250.30999755859375,,251.10000610351562,,249.67999267578125,,250.25,,0.0
2004-12-15,,250.17999267578125,,251.2100067138672,,250.11000061035156,,250.27999877929688,,0.0
2004-12-16,,251.08999633789062,,251.4600067138672,,250.27999877929688,,250.27999877929688,,0.0
2004-12-17,,249.1300048828125,,251.60000610351562,,248.83999633789062,,251.1699981689453,,0.0
2004-12-20,,250.2899932861328,,250.83999633789062,,248.89999389648438,,248.91000366210938,,0.0
2004-12-21,,249.77000427246094,,250.47999572753906,,249.55999755859375,,250.16000366210938,,0.0
2004-12-22,,250.91000366210938,,251.4600067138672,,249.85000610351562,,249.85000610351562,,0.0
2004-12-23,,250.97999572753906,,251.3699951171875,,250.5,,250.8699951171875,,0.0
2004-12-27,,250.83999633789062,,251.27000427246094,,250.74000549316406,,251.13999938964844,,0.0
2004-12-28,,251.08999633789062,,251.22000122070312,,250.66000366210938,,250.97000122070312,,0.0
2004-12-29,,251.02999877929688,,251.66000366210938,,250.25,,251.0399932861328,,0.0
2004-12-30,,251.02000427246094,,251.47000122070312,,250.8699951171875,,250.9499969482422,,0.0
2005-01-03,,252.5500030517578,,253.1999969482422,,251.24000549316406,,251.24000549316406,,0.0
2005-01-04,,253.5500030517578,,253.8800048828125,,252.22000122070312,,252.55999755859375,,0.0
2005-01-05,,251.85000610351562,,253.44000244140625,,251.44000244140625,,253.44000244140625,,0.0
2005-01-06,,253.08999633789062,,253.08999633789062,,251.8800048828125,,251.8800048828125,,0.0
2005-01-07,,254.72000122070312,,254.72999572753906,,252.94000244140625,,253.0500030517578,,0.0
2005-01-10,,254.6199951171875,,255.1999969482422,,254.02999877929688,,254.89999389648438,,0.0
2005-01-11,,252.72999572753906,,254.72000122070312,,252.3300018310547,,254.5,,0.0
2005-01-12,,250.7899932861328,,253.19000244140625,,250.0399932861328,,252.89999389648438,,0.0
2005-01-13,,251.72999572753906,,252.3000030517578,,250.8300018310547,,251.0399932861328,,0.0
2005-01-14,,252.99000549316406,,253.30999755859375,,251.1199951171875,,251.8300018310547,,0.0
2005-01-17,,254.02999877929688,,254.1199951171875,,253.0,,253.0,,0.0
2005-01-18,,254.27999877929688,,254.35000610351562,,252.89999389648438,,254.27000427246094,,0.0
2005-01-19,,254.72999572753906,,255.42999267578125,,254.3699951171875,,254.3699951171875,,0.0
2005-01-20,,253.69000244140625,,254.55999755859375,,252.6300048828125,,254.55999755859375,,0.0
2005-01-21,,253.4199981689453,,253.72999572753906,,252.35000610351562,,253.47000122070312,,0.0
2005-01-24,,253.27999877929688,,253.4499969482422,,251.66000366210938,,253.4499969482422,,0.0
2005-01-25,,254.94000244140625,,255.16000366210938,,252.92999267578125,,253.38999938964844,,0.0
2005-01-26,,255.02999877929688,,255.55999755859375,,254.83999633789062,,254.9199981689453,,0.0
2005-01-27,,256.1199951171875,,256.1199951171875,,254.6199951171875,,255.00999450683594,,0.0
2005-01-28,,255.13999938964844,,256.6400146484375,,254.88999938964844,,256.2200012207031,,0.0
2005-01-31,,256.8500061035156,,257.42999267578125,,255.39999389648438,,255.39999389648438,,0.0
2005-02-01,,258.8599853515625,,258.8599853515625,,256.54998779296875,,256.6600036621094,,0.0
2005-02-02,,259.6700134277344,,259.739990234375,,258.4599914550781,,258.70001220703125,,0.0
2005-02-03,,259.5400085449219,,260.07000732421875,,258.989990234375,,259.6099853515625,,0.0
2005-02-04,,261.9200134277344,,262.04998779296875,,259.6199951171875,,259.6199951171875,,0.0
2005-02-07,,263.32000732421875,,263.4599914550781,,262.07000732421875,,262.07000732421875,,0.0
2005-02-08,,263.80999755859375,,263.94000244140625,,262.8800048828125,,263.2699890136719,,0.0
2005-02-09,,263.3900146484375,,264.6099853515625,,262.80999755859375,,263.8299865722656,,0.0
2005-02-10,,263.1300048828125,,263.95001220703125,,262.7699890136719,,263.4100036621094,,0.0
2005-02-11,,265.5199890136719,,265.5199890136719,,263.3900146484375,,263.3900146484375,,0.0
2005-02-14,,265.9100036621094,,265.9599914550781,,265.3800048828125,,265.6300048828125,,0.0
2005-02-15,,266.9700012207031,,267.2099914550781,,265.6099853515625,,265.95001220703125,,0.0
2005-02-16,,265.3500061035156,,266.9200134277344,,264.3999938964844,,266.9200134277344,,0.0
2005-02-17,,265.6400146484375,,266.57000732421875,,265.30999755859375,,265.30999755859375,,0.0
2005-02-18,,266.010009765625,,266.57000732421875,,265.55999755859375,,265.8299865722656,,0.0
2005-02-21,,265.6600036621094,,266.82000732421875,,265.25,,266.1199951171875,,0.0
2005-02-22,,263.75,,265.45001220703125,,262.8699951171875,,265.42999267578125,,0.0
2005-02-23,,262.29998779296875,,263.6300048828125,,261.0400085449219,,263.6300048828125,,0.0
2005-02-24,,262.1400146484375,,262.75,,261.6400146484375,,262.29998779296875,,0.0
2005-02-25,,265.1400146484375,,265.1400146484375,,262.510009765625,,262.510009765625,,0.0
2005-02-28,,264.2900085449219,,266.4200134277344,,264.25,,265.1300048828125,,0.0
2005-03-01,,266.25,,266.42999267578125,,264.2799987792969,,264.4200134277344,,0.0
2005-03-02,,266.1600036621094,,266.3299865722656,,264.7900085449219,,266.3299865722656,,0.0
2005-03-03,,266.1499938964844,,266.739990234375,,265.6000061035156,,265.989990234375,,0.0
2005-03-04,,267.9100036621094,,267.9100036621094,,266.0400085449219,,266.29998779296875,,0.0
2005-03-07,,267.67999267578125,,268.29998779296875,,267.1199951171875,,267.70001220703125,,0.0
2005-03-08,,266.2099914550781,,267.44000244140625,,265.9599914550781,,267.44000244140625,,0.0
2005-03-09,,264.5899963378906,,266.92999267578125,,264.44000244140625,,266.1000061035156,,0.0
2005-03-10,,262.45001220703125,,264.2799987792969,,262.20001220703125,,264.2799987792969,,0.0
2005-03-11,,263.04998779296875,,263.8500061035156,,262.57000732421875,,262.57000732421875,,0.0
2005-03-14,,262.6600036621094,,263.2699890136719,,261.9700012207031,,262.9200134277344,,0.0
2005-03-15,,264.7900085449219,,264.8699951171875,,262.94000244140625,,262.94000244140625,,0.0
2005-03-16,,261.1199951171875,,264.70001220703125,,260.8900146484375,,264.70001220703125,,0.0
2005-03-17,,261.1199951171875,,261.6700134277344,,260.45001220703125,,261.2699890136719,,0.0
2005-03-18,,261.69000244140625,,262.4700012207031,,261.17999267578125,,261.17999267578125,,0.0
2005-03-21,,261.05999755859375,,262.3599853515625,,260.95001220703125,,261.94000244140625,,0.0
2005-03-22,,261.54998779296875,,261.67999267578125,,260.05999755859375,,261.2799987792969,,0.0
2005-03-23,,260.6600036621094,,261.45001220703125,,259.3599853515625,,261.45001220703125,,0.0
2005-03-24,,262.1700134277344,,262.45001220703125,,260.57000732421875,,260.75,,0.0
2005-03-29,,262.8900146484375,,262.8900146484375,,261.0899963378906,,262.4100036621094,,0.0
2005-03-30,,262.0899963378906,,262.6199951171875,,261.2099914550781,,262.6199951171875,,0.0
2005-03-31,,262.19000244140625,,263.7099914550781,,262.19000244140625,,262.3699951171875,,0.0
2005-04-01,,263.42999267578125,,264.4700012207031,,262.2900085449219,,262.2900085449219,,0.0
2005-04-04,,262.260009765625,,263.32000732421875,,261.0199890136719,,263.32000732421875,,0.0
2005-04-05,,264.4700012207031,,264.5400085449219,,262.57000732421875,,262.57000732421875,,0.0
2005-04-06,,265.5199890136719,,265.5199890136719,,264.6600036621094,,264.69000244140625,,0.0
2005-04-07,,266.30999755859375,,266.45001220703125,,264.9100036621094,,265.17999267578125,,0.0
2005-04-08,,266.8900146484375,,267.3299865722656,,266.3999938964844,,266.510009765625,,0.0
2005-04-11,,266.32000732421875,,266.7099914550781,,265.7200012207031,,266.7099914550781,,0.0
2005-04-12,,265.4200134277344,,266.239990234375,,265.17999267578125,,266.2200012207031,,0.0
2005-04-13,,266.6499938964844,,266.8900146484375,,265.57000732421875,,265.57000732421875,,0.0
2005-04-14,,266.010009765625,,266.69000244140625,,265.4200134277344,,266.57000732421875,,0.0
2005-04-15,,261.8500061035156,,265.760009765625,,261.8500061035156,,265.760009765625,,0.0
2005-04-18,,257.2799987792969,,261.7200012207031,,256.1000061035156,,261.7200012207031,,0.0
2005-04-19,,259.04998779296875,,259.5199890136719,,257.57000732421875,,257.57000732421875,,0.0
2005-04-20,,257.6600036621094,,259.92999267578125,,257.510009765625,,259.0,,0.0
2005-04-21,,257.2799987792969,,258.32000732421875,,256.7300109863281,,257.4800109863281,,0.0
2005-04-22,,259.2699890136719,,259.5899963378906,,257.6700134277344,,257.6700134277344,,0.0
2005-04-25,,260.45001220703125,,260.4800109863281,,259.0,,259.489990234375,,0.0
2005-04-26,,259.5199890136719,,260.54998779296875,,258.5899963378906,,260.1700134277344,,0.0
2005-04-27,,255.99000549316406,,259.5799865722656,,255.3300018310547,,259.5799865722656,,0.0
2005-04-28,,255.6300048828125,,257.17999267578125,,254.8000030517578,,256.1099853515625,,0.0
2005-04-29,,256.05999755859375,,256.8399963378906,,254.3800048828125,,255.42999267578125,,0.0
2005-05-02,,256.8299865722656,,257.5199890136719,,256.19000244140625,,256.19000244140625,,0.0
2005-05-03,,257.9599914550781,,258.1600036621094,,256.7699890136719,,256.7699890136719,,0.0
2005-05-04,,259.2900085449219,,259.2900085449219,,257.6000061035156,,257.9700012207031,,0.0
2005-05-05,,260.7699890136719,,260.989990234375,,259.3900146484375,,259.3900146484375,,0.0
2005-05-06,,261.8999938964844,,262.0899963378906,,259.92999267578125,,260.5799865722656,,0.0
2005-05-09,,261.010009765625,,262.010009765625,,260.4100036621094,,261.8800048828125,,0.0
2005-05-10,,259.1099853515625,,261.6300048828125,,258.7300109863281,,260.7099914550781,,0.0
2005-05-11,,258.54998779296875,,259.7799987792969,,258.1099853515625,,259.1000061035156,,0.0
2005-05-12,,260.1300048828125,,260.45001220703125,,258.7699890136719,,258.7699890136719,,0.0
2005-05-13,,260.1499938964844,,260.29998779296875,,258.7099914550781,,260.29998779296875,,0.0
2005-05-16,,259.05999755859375,,259.8699951171875,,258.55999755859375,,259.8699951171875,,0.0
2005-05-17,,259.32000732421875,,259.760009765625,,258.67999267578125,,259.1199951171875,,0.0
2005-05-18,,259.1199951171875,,262.4700012207031,,259.1199951171875,,259.1199951171875,,0.0
2005-05-19,,263.5199890136719,,263.7200012207031,,262.3399963378906,,262.3399963378906,,0.0
2005-05-20,,263.75,,264.2300109863281,,263.260009765625,,263.44000244140625,,0.0
2005-05-23,,264.8399963378906,,264.8699951171875,,263.9800109863281,,263.9800109863281,,0.0
2005-05-24,,264.6300048828125,,264.8599853515625,,264.07000732421875,,264.8599853515625,,0.0
2005-05-25,,264.4800109863281,,265.05999755859375,,264.0299987792969,,264.6499938964844,,0.0
2005-05-26,,266.3299865722656,,266.3999938964844,,264.1300048828125,,264.3500061035156,,0.0
2005-05-27,,266.1000061035156,,266.3599853515625,,265.489990234375,,266.3599853515625,,0.0
2005-05-30,,267.3699951171875,,267.3699951171875,,265.8399963378906,,266.2799987792969,,0.0
2005-05-31,,267.2900085449219,,268.5,,267.2900085449219,,267.6400146484375,,0.0
2005-06-01,,270.8699951171875,,270.8699951171875,,267.5199890136719,,267.5199890136719,,0.0
2005-06-02,,270.8299865722656,,271.3900146484375,,270.2300109863281,,270.989990234375,,0.0
2005-06-03,,270.25,,271.45001220703125,,269.7900085449219,,271.0199890136719,,0.0
2005-06-06,,269.3999938964844,,270.7699890136719,,269.1099853515625,,270.4800109863281,,0.0
2005-06-07,,272.57000732421875,,272.6099853515625,,269.8599853515625,,269.8599853515625,,0.0
2005-06-08,,271.9200134277344,,272.4700012207031,,271.3999938964844,,272.4700012207031,,0.0
2005-06-09,,271.9800109863281,,272.0199890136719,,270.82000732421875,,271.9700012207031,,0.0
2005-06-10,,273.6300048828125,,274.25,,272.1400146484375,,272.1400146484375,,0.0
2005-06-13,,274.7200012207031,,274.75,,273.45001220703125,,273.69000244140625,,0.0
2005-06-14,,275.1000061035156,,275.260009765625,,273.5899963378906,,274.2300109863281,,0.0
2005-06-15,,273.989990234375,,275.75,,273.739990234375,,275.2200012207031,,0.0
2005-06-16,,275.510009765625,,275.7099914550781,,274.3599853515625,,274.3599853515625,,0.0
2005-06-17,,275.8699951171875,,277.30999755859375,,275.4100036621094,,275.4100036621094,,0.0
2005-06-20,,275.7799987792969,,275.989990234375,,274.5,,275.9800109863281,,0.0
2005-06-21,,277.1000061035156,,277.25,,275.8699951171875,,275.8699951171875,,0.0
2005-06-22,,277.4200134277344,,278.1499938964844,,276.69000244140625,,276.8699951171875,,0.0
2005-06-23,,278.5899963378906,,278.6499938964844,,277.3999938964844,,277.3999938964844,,0.0
2005-06-24,,276.32000732421875,,278.3500061035156,,275.9599914550781,,278.3500061035156,,0.0
2005-06-27,,273.6400146484375,,275.8599853515625,,273.3399963378906,,275.8599853515625,,0.0
2005-06-28,,275.9700012207031,,275.9700012207031,,273.7699890136719,,273.7699890136719,,0.0
2005-06-29,,276.7900085449219,,277.4800109863281,,276.0799865722656,,276.3299865722656,,0.0
2005-06-30,,275.9200134277344,,277.2200012207031,,275.8699951171875,,276.6600036621094,,0.0
2005-07-01,,278.07000732421875,,278.07000732421875,,275.1099853515625,,275.8500061035156,,0.0
2005-07-04,,278.760009765625,,278.92999267578125,,277.6300048828125,,277.67999267578125,,0.0
2005-07-05,,278.1400146484375,,278.7200012207031,,277.25,,278.57000732421875,,0.0
2005-07-06,,279.7799987792969,,280.19000244140625,,278.1400146484375,,278.1400146484375,,0.0
2005-07-07,,274.69000244140625,,279.1600036621094,,267.8800048828125,,279.1600036621094,,0.0
2005-07-08,,278.4700012207031,,278.4700012207031,,275.0199890136719,,275.0199890136719,,0.0
2005-07-11,,279.92999267578125,,280.1099853515625,,278.0899963378906,,278.0899963378906,,0.0
2005-07-12,,278.8599853515625,,279.7799987792969,,278.29998779296875,,279.7099914550781,,0.0
2005-07-13,,280.4599914550781,,280.4800109863281,,278.8800048828125,,278.8800048828125,,0.0
2005-07-14,,281.739990234375,,282.8699951171875,,281.07000732421875,,281.07000732421875,,0.0
2005-07-15,,281.2300109863281,,281.7699890136719,,280.8299865722656,,281.5400085449219,,0.0
2005-07-18,,280.57000732421875,,281.7300109863281,,280.1499938964844,,280.8699951171875,,0.0
2005-07-19,,281.6700134277344,,281.739990234375,,280.3800048828125,,280.3800048828125,,0.0
2005-07-20,,281.05999755859375,,282.1400146484375,,280.1600036621094,,280.9100036621094,,0.0
2005-07-21,,281.4599914550781,,283.0299987792969,,279.6600036621094,,280.7699890136719,,0.0
2005-07-22,,281.6600036621094,,281.8500061035156,,280.510009765625,,281.489990234375,,0.0
2005-07-25,,282.8299865722656,,283.0799865722656,,281.55999755859375,,281.989990234375,,0.0
2005-07-26,,283.0,,283.82000732421875,,282.3399963378906,,282.8500061035156,,0.0
2005-07-27,,283.7900085449219,,284.44000244140625,,282.92999267578125,,282.92999267578125,,0.0
2005-07-28,,285.20001220703125,,285.42999267578125,,283.739990234375,,283.739990234375,,0.0
2005-07-29,,285.0299987792969,,286.3999938964844,,284.6600036621094,,285.0,,0.0
2005-08-01,,285.29998779296875,,285.82000732421875,,284.8399963378906,,284.8399963378906,,0.0
2005-08-02,,287.44000244140625,,287.44000244140625,,285.30999755859375,,285.3399963378906,,0.0
2005-08-03,,287.0899963378906,,287.4200134277344,,286.1400146484375,,287.3399963378906,,0.0
2005-08-04,,284.92999267578125,,286.79998779296875,,284.6700134277344,,286.79998779296875,,0.0
2005-08-05,,283.8500061035156,,285.510009765625,,283.8500061035156,,284.80999755859375,,0.0
2005-08-08,,285.6199951171875,,286.19000244140625,,284.0199890136719,,284.0199890136719,,0.0
2005-08-09,,287.3599853515625,,287.3699951171875,,285.29998779296875,,285.45001220703125,,0.0
2005-08-10,,289.760009765625,,289.760009765625,,287.3299865722656,,287.3699951171875,,0.0
2005-08-11,,288.8500061035156,,289.55999755859375,,288.20001220703125,,289.55999755859375,,0.0
2005-08-12,,288.20001220703125,,289.30999755859375,,287.8999938964844,,288.8900146484375,,0.0
2005-08-15,,288.0799865722656,,289.1499938964844,,287.94000244140625,,288.3800048828125,,0.0
2005-08-16,,287.3999938964844,,289.2699890136719,,286.9700012207031,,288.3699951171875,,0.0
2005-08-17,,286.6600036621094,,287.2200012207031,,285.739990234375,,287.2200012207031,,0.0
2005-08-18,,285.75,,287.1199951171875,,285.2799987792969,,286.67999267578125,,0.0
2005-08-19,,288.4800109863281,,288.54998779296875,,285.69000244140625,,285.69000244140625,,0.0
2005-08-22,,288.67999267578125,,289.3500061035156,,288.4599914550781,,288.6099853515625,,0.0
2005-08-23,,287.0299987792969,,288.6000061035156,,286.5899963378906,,288.6000061035156,,0.0
2005-08-24,,285.6300048828125,,286.8699951171875,,284.6199951171875,,286.8699951171875,,0.0
2005-08-25,,283.67999267578125,,285.57000732421875,,283.3399963378906,,285.57000732421875,,0.0
2005-08-26,,281.82000732421875,,284.9200134277344,,281.82000732421875,,283.6000061035156,,0.0
2005-08-29,,282.6099853515625,,282.6099853515625,,280.510009765625,,281.70001220703125,,0.0
2005-08-30,,282.5400085449219,,283.8999938964844,,282.4700012207031,,282.6600036621094,,0.0
2005-08-31,,284.82000732421875,,284.9200134277344,,282.4700012207031,,282.4700012207031,,0.0
2005-09-01,,286.8399963378906,,287.2699890136719,,285.04998779296875,,285.04998779296875,,0.0
2005-09-02,,286.7099914550781,,287.42999267578125,,285.8699951171875,,286.8999938964844,,0.0
2005-09-05,,288.3299865722656,,288.3599853515625,,286.6600036621094,,286.7200012207031,,0.0
2005-09-06,,290.7300109863281,,290.8299865722656,,288.29998779296875,,288.29998779296875,,0.0
2005-09-07,,291.8299865722656,,292.010009765625,,290.7699890136719,,290.7699890136719,,0.0
2005-09-08,,291.54998779296875,,291.8900146484375,,290.8999938964844,,291.8900146484375,,0.0
2005-09-09,,292.45001220703125,,292.6300048828125,,291.44000244140625,,291.5799865722656,,0.0
2005-09-12,,293.1199951171875,,293.8699951171875,,292.4599914550781,,292.4599914550781,,0.0
2005-09-13,,291.0899963378906,,293.32000732421875,,290.8900146484375,,293.1199951171875,,0.0
2005-09-14,,292.04998779296875,,292.25,,291.1099853515625,,291.1099853515625,,0.0
2005-09-15,,292.1300048828125,,293.010009765625,,291.67999267578125,,292.04998779296875,,0.0
2005-09-16,,293.8800048828125,,294.2900085449219,,292.0299987792969,,292.1300048828125,,0.0
2005-09-19,,294.6000061035156,,295.2799987792969,,292.3399963378906,,293.8599853515625,,0.0
2005-09-20,,294.92999267578125,,295.7799987792969,,294.5199890136719,,294.5199890136719,,0.0
2005-09-21,,291.8900146484375,,294.8599853515625,,291.8800048828125,,294.8599853515625,,0.0
2005-09-22,,290.8399963378906,,291.4800109863281,,289.8599853515625,,291.4800109863281,,0.0
2005-09-23,,292.2099914550781,,292.3500061035156,,291.0299987792969,,291.0299987792969,,0.0
2005-09-26,,295.75,,295.75,,292.2799987792969,,292.2799987792969,,0.0
2005-09-27,,294.80999755859375,,295.6099853515625,,294.4700012207031,,295.6000061035156,,0.0
2005-09-28,,297.3299865722656,,297.3299865722656,,294.9700012207031,,294.9700012207031,,0.0
2005-09-29,,296.32000732421875,,297.67999267578125,,295.9800109863281,,297.2200012207031,,0.0
2005-09-30,,297.3999938964844,,297.75,,296.29998779296875,,296.29998779296875,,0.0
2005-10-03,,299.75,,299.80999755859375,,297.6300048828125,,297.6300048828125,,0.0
2005-10-04,,300.6099853515625,,300.6099853515625,,298.75,,299.6400146484375,,0.0
2005-10-05,,297.5199890136719,,300.4100036621094,,297.510009765625,,300.4100036621094,,0.0
2005-10-06,,293.4200134277344,,297.0,,292.739990234375,,297.0,,0.0
2005-10-07,,292.07000732421875,,293.3599853515625,,291.5899963378906,,292.9800109863281,,0.0
2005-10-10,,292.8699951171875,,294.0400085449219,,291.9800109863281,,291.9800109863281,,0.0
2005-10-11,,293.5400085449219,,294.82000732421875,,292.8599853515625,,292.8699951171875,,0.0
2005-10-12,,291.44000244140625,,293.3900146484375,,291.3399963378906,,293.3900146484375,,0.0
2005-10-13,,288.44000244140625,,291.4200134277344,,287.5199890136719,,291.4200134277344,,0.0
2005-10-14,,288.9100036621094,,289.67999267578125,,287.17999267578125,,288.2300109863281,,0.0
2005-10-17,,288.8299865722656,,290.0199890136719,,288.6099853515625,,288.8500061035156,,0.0
2005-10-18,,288.260009765625,,289.9100036621094,,287.92999267578125,,289.2200012207031,,0.0
2005-10-19,,283.260009765625,,288.239990234375,,283.010009765625,,288.239990234375,,0.0
2005-10-20,,284.55999755859375,,287.2699890136719,,283.54998779296875,,283.54998779296875,,0.0
2005-10-21,,283.2799987792969,,284.239990234375,,282.9100036621094,,284.04998779296875,,0.0
2005-10-24,,286.6099853515625,,286.6099853515625,,283.2799987792969,,283.4800109863281,,0.0
2005-10-25,,285.7699890136719,,287.8399963378906,,285.7699890136719,,286.7200012207031,,0.0
2005-10-26,,286.9100036621094,,287.57000732421875,,285.739990234375,,285.739990234375,,0.0
2005-10-27,,283.1099853515625,,286.9800109863281,,282.92999267578125,,286.9800109863281,,0.0
2005-10-28,,283.5199890136719,,284.2900085449219,,280.9100036621094,,282.9200134277344,,0.0
2005-10-31,,290.2900085449219,,290.2900085449219,,284.5799865722656,,284.5799865722656,,0.0
2005-11-01,,290.45001220703125,,291.0899963378906,,289.5299987792969,,290.2300109863281,,0.0
2005-11-02,,291.54998779296875,,291.6700134277344,,289.4599914550781,,290.3399963378906,,0.0
2005-11-03,,295.8800048828125,,295.8800048828125,,291.760009765625,,291.760009765625,,0.0
2005-11-04,,295.510009765625,,296.2799987792969,,294.8699951171875,,295.9800109863281,,0.0
2005-11-07,,296.6700134277344,,297.17999267578125,,294.6600036621094,,295.54998779296875,,0.0
2005-11-08,,296.80999755859375,,298.30999755859375,,296.3399963378906,,297.0,,0.0
2005-11-09,,296.5199890136719,,297.4700012207031,,296.2200012207031,,296.8900146484375,,0.0
2005-11-10,,296.7200012207031,,298.0199890136719,,296.44000244140625,,296.4599914550781,,0.0
2005-11-11,,299.8500061035156,,299.8699951171875,,297.4800109863281,,297.4800109863281,,0.0
2005-11-14,,299.9100036621094,,300.8800048828125,,299.2300109863281,,299.69000244140625,,0.0
2005-11-15,,299.0199890136719,,300.2699890136719,,298.2200012207031,,299.9200134277344,,0.0
2005-11-16,,296.739990234375,,298.739990234375,,296.05999755859375,,298.7099914550781,,0.0
2005-11-17,,298.0299987792969,,299.2699890136719,,297.2799987792969,,297.2799987792969,,0.0
2005-11-18,,299.8699951171875,,301.2200012207031,,298.05999755859375,,298.05999755859375,,0.0
2005-11-21,,300.7200012207031,,301.1099853515625,,298.9700012207031,,299.489990234375,,0.0
2005-11-22,,300.9599914550781,,301.3599853515625,,300.42999267578125,,300.80999755859375,,0.0
2005-11-23,,302.19000244140625,,302.19000244140625,,300.82000732421875,,300.8599853515625,,0.0
2005-11-24,,301.42999267578125,,302.4100036621094,,300.67999267578125,,302.1400146484375,,0.0
2005-11-25,,302.30999755859375,,302.55999755859375,,301.3800048828125,,301.45001220703125,,0.0
2005-11-28,,300.2799987792969,,303.8500061035156,,300.2799987792969,,302.3900146484375,,0.0
2005-11-29,,300.95001220703125,,301.92999267578125,,299.239990234375,,300.19000244140625,,0.0
2005-11-30,,299.4700012207031,,300.8599853515625,,299.3800048828125,,300.8599853515625,,0.0
2005-12-01,,304.30999755859375,,304.44000244140625,,299.7200012207031,,299.7200012207031,,0.0
2005-12-02,,306.67999267578125,,306.67999267578125,,304.45001220703125,,304.45001220703125,,0.0
2005-12-05,,305.489990234375,,306.8999938964844,,304.94000244140625,,306.70001220703125,,0.0
2005-12-06,,307.1000061035156,,307.3599853515625,,305.6499938964844,,305.6499938964844,,0.0
2005-12-07,,306.7799987792969,,308.6199951171875,,306.30999755859375,,307.1300048828125,,0.0
2005-12-08,,306.9200134277344,,306.9200134277344,,305.05999755859375,,306.6400146484375,,0.0
2005-12-09,,306.8599853515625,,307.2900085449219,,306.19000244140625,,307.2900085449219,,0.0
2005-12-12,,306.79998779296875,,308.9100036621094,,306.55999755859375,,307.2099914550781,,0.0
2005-12-13,,307.2200012207031,,307.739990234375,,306.6099853515625,,306.989990234375,,0.0
2005-12-14,,306.30999755859375,,307.30999755859375,,305.8500061035156,,306.8900146484375,,0.0
2005-12-15,,305.6700134277344,,306.7699890136719,,305.30999755859375,,306.45001220703125,,0.0
2005-12-16,,307.82000732421875,,308.32000732421875,,305.6199951171875,,305.6199951171875,,0.0
2005-12-19,,307.45001220703125,,307.92999267578125,,307.2200012207031,,307.44000244140625,,0.0
2005-12-20,,308.5899963378906,,308.69000244140625,,306.510009765625,,307.2900085449219,,0.0
2005-12-21,,310.17999267578125,,310.44000244140625,,308.4700012207031,,308.4700012207031,,0.0
2005-12-22,,309.54998779296875,,310.6300048828125,,309.3900146484375,,310.17999267578125,,0.0
2005-12-23,,309.70001220703125,,310.5400085449219,,309.5,,309.6700134277344,,0.0
2005-12-27,,310.5400085449219,,310.94000244140625,,309.8699951171875,,309.8800048828125,,0.0
2005-12-28,,310.1099853515625,,311.07000732421875,,309.7699890136719,,310.489990234375,,0.0
2005-12-29,,311.8599853515625,,311.8599853515625,,310.3599853515625,,310.3599853515625,,0.0
2005-12-30,,310.0299987792969,,311.7099914550781,,309.3299865722656,,311.7099914550781,,0.0
2006-01-02,,311.19000244140625,,311.4100036621094,,310.010009765625,,310.010009765625,,0.0
2006-01-03,,313.0400085449219,,314.32000732421875,,311.0899963378906,,311.0899963378906,,0.0
2006-01-04,,316.1400146484375,,316.1400146484375,,313.17999267578125,,313.17999267578125,,0.0
2006-01-05,,315.0400085449219,,315.95001220703125,,314.8800048828125,,315.8900146484375,,0.0
2006-01-06,,317.1000061035156,,317.1000061035156,,314.92999267578125,,314.92999267578125,,0.0
2006-01-09,,317.7099914550781,,318.57000732421875,,317.3900146484375,,317.3900146484375,,0.0
2006-01-10,,315.70001220703125,,317.8500061035156,,315.4599914550781,,317.8500061035156,,0.0
2006-01-11,,317.54998779296875,,317.54998779296875,,315.70001220703125,,315.70001220703125,,0.0
2006-01-12,,318.67999267578125,,318.8500061035156,,317.2200012207031,,317.4599914550781,,0.0
2006-01-13,,316.8699951171875,,318.57000732421875,,316.0,,318.57000732421875,,0.0
2006-01-16,,317.57000732421875,,317.6600036621094,,316.1499938964844,,316.54998779296875,,0.0
2006-01-17,,315.2300109863281,,317.3999938964844,,315.1400146484375,,317.3999938964844,,0.0
2006-01-18,,312.510009765625,,315.1099853515625,,310.8800048828125,,315.1099853515625,,0.0
2006-01-19,,314.3500061035156,,314.760009765625,,312.3500061035156,,312.3500061035156,,0.0
2006-01-20,,312.4599914550781,,315.989990234375,,312.4599914550781,,314.42999267578125,,0.0
2006-01-23,,311.70001220703125,,311.95001220703125,,309.2900085449219,,311.95001220703125,,0.0
2006-01-24,,311.0,,312.3999938964844,,310.6400146484375,,311.6199951171875,,0.0
2006-01-25,,314.489990234375,,314.489990234375,,310.94000244140625,,310.94000244140625,,0.0
2006-01-26,,317.5400085449219,,317.7300109863281,,314.2900085449219,,314.2900085449219,,0.0
2006-01-27,,321.2200012207031,,321.3699951171875,,318.0400085449219,,318.0400085449219,,0.0
2006-01-30,,321.07000732421875,,321.54998779296875,,320.4700012207031,,321.04998779296875,,0.0
2006-01-31,,321.0400085449219,,322.489990234375,,320.239990234375,,321.04998779296875,,0.0
2006-02-01,,324.4800109863281,,324.6400146484375,,320.6300048828125,,321.0799865722656,,0.0
2006-02-02,,321.55999755859375,,325.5299987792969,,321.55999755859375,,324.489990234375,,0.0
2006-02-03,,321.7699890136719,,322.7699890136719,,320.5799865722656,,321.7300109863281,,0.0
2006-02-06,,322.1300048828125,,323.3999938964844,,321.6499938964844,,321.7300109863281,,0.0
2006-02-07,,321.1000061035156,,322.8599853515625,,320.17999267578125,,322.1000061035156,,0.0
2006-02-08,,320.55999755859375,,321.2300109863281,,318.05999755859375,,321.04998779296875,,0.0
2006-02-09,,324.29998779296875,,324.29998779296875,,320.489990234375,,320.489990234375,,0.0
2006-02-10,,323.0899963378906,,324.8399963378906,,322.8800048828125,,324.4200134277344,,0.0
2006-02-13,,324.70001220703125,,324.70001220703125,,322.8599853515625,,323.07000732421875,,0.0
2006-02-14,,324.1199951171875,,326.0899963378906,,322.82000732421875,,324.82000732421875,,0.0
2006-02-15,,324.510009765625,,325.3900146484375,,323.5899963378906,,324.1400146484375,,0.0
2006-02-16,,326.3399963378906,,326.3399963378906,,324.4100036621094,,324.44000244140625,,0.0
2006-02-17,,327.30999755859375,,327.8699951171875,,326.2200012207031,,326.5199890136719,,0.0
2006-02-20,,328.0799865722656,,328.2200012207031,,326.54998779296875,,327.25,,0.0
2006-02-21,,329.17999267578125,,330.42999267578125,,328.2900085449219,,328.2900085449219,,0.0
2006-02-22,,331.04998779296875,,331.04998779296875,,328.4700012207031,,329.0799865722656,,0.0
2006-02-23,,330.45001220703125,,331.8299865722656,,329.70001220703125,,331.20001220703125,,0.0
2006-02-24,,331.489990234375,,331.55999755859375,,330.55999755859375,,330.7300109863281,,0.0
2006-02-27,,332.4800109863281,,332.5,,331.3500061035156,,331.489990234375,,0.0
2006-02-28,,327.8800048828125,,332.44000244140625,,327.8299865722656,,332.44000244140625,,0.0
2006-03-01,,330.739990234375,,330.739990234375,,328.0,,328.0,,0.0
2006-03-02,,327.75,,331.989990234375,,326.6400146484375,,330.6300048828125,,0.0
2006-03-03,,327.5899963378906,,329.25,,325.94000244140625,,327.8500061035156,,0.0
2006-03-06,,329.4100036621094,,330.4700012207031,,327.80999755859375,,327.80999755859375,,0.0
2006-03-07,,327.55999755859375,,329.3599853515625,,326.0199890136719,,329.3599853515625,,0.0
2006-03-08,,324.9200134277344,,327.7200012207031,,323.6700134277344,,327.5899963378906,,0.0
2006-03-09,,327.5,,327.5899963378906,,325.30999755859375,,325.30999755859375,,0.0
2006-03-10,,330.1000061035156,,330.1000061035156,,326.4599914550781,,327.1700134277344,,0.0
2006-03-13,,332.6099853515625,,332.79998779296875,,329.7900085449219,,329.7900085449219,,0.0
2006-03-14,,333.260009765625,,333.3299865722656,,331.760009765625,,332.42999267578125,,0.0
2006-03-15,,334.0,,334.6700134277344,,333.2300109863281,,333.2300109863281,,0.0
2006-03-16,,334.1600036621094,,334.45001220703125,,333.1000061035156,,334.239990234375,,0.0
2006-03-17,,334.4100036621094,,336.57000732421875,,333.8599853515625,,334.1300048828125,,0.0
2006-03-20,,335.1300048828125,,336.8599853515625,,334.6600036621094,,334.6600036621094,,0.0
2006-03-21,,335.4800109863281,,335.4800109863281,,333.1300048828125,,335.17999267578125,,0.0
2006-03-22,,336.44000244140625,,336.6600036621094,,334.8299865722656,,335.3999938964844,,0.0
2006-03-23,,336.1700134277344,,337.3500061035156,,335.3699951171875,,336.6700134277344,,0.0
2006-03-24,,337.8599853515625,,337.95001220703125,,336.239990234375,,336.239990234375,,0.0
2006-03-27,,335.2300109863281,,338.1099853515625,,335.2300109863281,,338.010009765625,,0.0
2006-03-28,,333.2200012207031,,336.2699890136719,,332.7799987792969,,335.3900146484375,,0.0
2006-03-29,,333.9800109863281,,334.6099853515625,,332.7200012207031,,333.3999938964844,,0.0
2006-03-30,,336.6400146484375,,337.1400146484375,,334.04998779296875,,334.04998779296875,,0.0
2006-03-31,,334.44000244140625,,336.3599853515625,,334.25,,336.3599853515625,,0.0
2006-04-03,,337.20001220703125,,337.260009765625,,334.92999267578125,,334.92999267578125,,0.0
2006-04-04,,335.54998779296875,,336.9800109863281,,334.95001220703125,,336.9800109863281,,0.0
2006-04-05,,336.75,,337.0400085449219,,334.6499938964844,,335.8399963378906,,0.0
2006-04-06,,337.5400085449219,,337.7300109863281,,336.989990234375,,336.989990234375,,0.0
2006-04-07,,336.0199890136719,,338.82000732421875,,335.8399963378906,,337.7699890136719,,0.0
2006-04-10,,337.6499938964844,,337.6499938964844,,335.9200134277344,,336.2300109863281,,0.0
2006-04-11,,333.739990234375,,337.8800048828125,,333.3500061035156,,337.3900146484375,,0.0
2006-04-12,,333.0799865722656,,333.8399963378906,,331.54998779296875,,333.67999267578125,,0.0
2006-04-13,,334.3599853515625,,334.510009765625,,332.6499938964844,,333.32000732421875,,0.0
2006-04-18,,334.0400085449219,,334.4800109863281,,332.9599914550781,,334.2200012207031,,0.0
2006-04-19,,337.8800048828125,,337.8800048828125,,334.2799987792969,,334.2799987792969,,0.0
2006-04-20,,338.7200012207031,,340.0,,337.7699890136719,,337.7699890136719,,0.0
2006-04-21,,341.1000061035156,,341.1300048828125,,339.0299987792969,,339.0299987792969,,0.0
2006-04-24,,339.29998779296875,,341.010009765625,,339.29998779296875,,341.010009765625,,0.0
2006-04-25,,339.05999755859375,,341.1499938964844,,338.7099914550781,,339.4599914550781,,0.0
2006-04-26,,339.70001220703125,,340.1499938964844,,338.9700012207031,,338.9700012207031,,0.0
2006-04-27,,337.8399963378906,,339.5799865722656,,335.510009765625,,339.5,,0.0
2006-04-28,,336.4800109863281,,337.80999755859375,,335.9599914550781,,337.80999755859375,,0.0
2006-05-02,,339.8900146484375,,340.07000732421875,,336.7900085449219,,336.9700012207031,,0.0
2006-05-03,,337.20001220703125,,341.30999755859375,,337.1199951171875,,340.3699951171875,,0.0
2006-05-04,,338.760009765625,,338.8699951171875,,336.1600036621094,,336.9599914550781,,0.0
2006-05-05,,342.1099853515625,,342.1099853515625,,338.9200134277344,,339.0299987792969,,0.0
2006-05-08,,342.3699951171875,,344.1300048828125,,342.1199951171875,,342.5799865722656,,0.0
2006-05-09,,343.8399963378906,,343.8399963378906,,341.75,,342.6199951171875,,0.0
2006-05-10,,341.94000244140625,,343.79998779296875,,341.8800048828125,,343.67999267578125,,0.0
2006-05-11,,340.7799987792969,,344.3900146484375,,340.7300109863281,,342.0199890136719,,0.0
2006-05-12,,333.67999267578125,,340.3599853515625,,333.67999267578125,,340.3599853515625,,0.0
2006-05-15,,328.79998779296875,,333.30999755859375,,328.79998779296875,,333.30999755859375,,0.0
2006-05-16,,329.2900085449219,,330.75,,327.0799865722656,,328.95001220703125,,0.0
2006-05-17,,320.0799865722656,,329.54998779296875,,320.0799865722656,,329.54998779296875,,0.0
2006-05-18,,318.6300048828125,,321.75,,315.989990234375,,320.2200012207031,,0.0
2006-05-19,,318.7699890136719,,320.42999267578125,,317.69000244140625,,318.4599914550781,,0.0
2006-05-22,,309.6199951171875,,318.3800048828125,,308.82000732421875,,318.3800048828125,,0.0
2006-05-23,,317.510009765625,,318.67999267578125,,309.7099914550781,,309.7099914550781,,0.0
2006-05-24,,313.05999755859375,,317.4100036621094,,311.54998779296875,,317.4100036621094,,0.0
2006-05-25,,316.9100036621094,,316.9100036621094,,311.8599853515625,,313.30999755859375,,0.0
2006-05-26,,323.1700134277344,,323.1700134277344,,317.3999938964844,,317.3999938964844,,0.0
2006-05-29,,322.9100036621094,,323.3900146484375,,322.6400146484375,,323.1499938964844,,0.0
2006-05-30,,315.8500061035156,,323.1400146484375,,315.6199951171875,,323.0400085449219,,0.0
2006-05-31,,318.8599853515625,,319.4599914550781,,311.70001220703125,,315.1499938964844,,0.0
2006-06-01,,320.1000061035156,,320.3599853515625,,316.3399963378906,,318.95001220703125,,0.0
2006-06-02,,320.9599914550781,,323.6700134277344,,320.0400085449219,,320.4800109863281,,0.0
2006-06-05,,318.94000244140625,,321.2900085449219,,318.4200134277344,,320.8900146484375,,0.0
2006-06-06,,312.57000732421875,,318.79998779296875,,311.92999267578125,,318.79998779296875,,0.0
2006-06-07,,314.260009765625,,314.989990234375,,310.95001220703125,,312.8399963378906,,0.0
2006-06-08,,305.8399963378906,,313.2300109863281,,305.8399963378906,,313.2300109863281,,0.0
2006-06-09,,311.010009765625,,311.7300109863281,,306.6099853515625,,306.6099853515625,,0.0
2006-06-12,,308.54998779296875,,311.6700134277344,,308.2699890136719,,311.1000061035156,,0.0
2006-06-13,,301.6600036621094,,308.1099853515625,,299.80999755859375,,308.1099853515625,,0.0
2006-06-14,,302.25,,303.6499938964844,,299.7099914550781,,301.8699951171875,,0.0
2006-06-15,,309.6199951171875,,310.0199890136719,,302.6499938964844,,302.6499938964844,,0.0
2006-06-16,,307.55999755859375,,313.9700012207031,,307.4100036621094,,310.20001220703125,,0.0
2006-06-19,,309.7799987792969,,311.8800048828125,,308.19000244140625,,308.19000244140625,,0.0
2006-06-20,,311.3999938964844,,311.3999938964844,,307.0899963378906,,308.8800048828125,,0.0
2006-06-21,,311.4700012207031,,312.2699890136719,,308.2799987792969,,311.6099853515625,,0.0
2006-06-22,,312.7200012207031,,315.0299987792969,,311.29998779296875,,312.1099853515625,,0.0
2006-06-23,,313.1700134277344,,314.1099853515625,,311.7900085449219,,312.7799987792969,,0.0
2006-06-26,,312.29998779296875,,314.5400085449219,,312.04998779296875,,313.30999755859375,,0.0
2006-06-27,,310.19000244140625,,314.2300109863281,,310.1300048828125,,312.8500061035156,,0.0
2006-06-28,,310.70001220703125,,312.0199890136719,,308.6199951171875,,309.9100036621094,,0.0
2006-06-29,,316.2200012207031,,316.2900085449219,,311.3299865722656,,311.3299865722656,,0.0
2006-06-30,,320.6600036621094,,321.2900085449219,,316.9700012207031,,316.9700012207031,,0.0
2006-07-03,,322.20001220703125,,322.20001220703125,,320.2799987792969,,320.7200012207031,,0.0
2006-07-04,,322.8699951171875,,322.8699951171875,,320.95001220703125,,322.2200012207031,,0.0
2006-07-05,,318.9800109863281,,322.2900085449219,,318.2799987792969,,322.2900085449219,,0.0
2006-07-06,,321.94000244140625,,322.2099914550781,,319.25,,319.25,,0.0
2006-07-07,,321.3500061035156,,322.3399963378906,,319.4100036621094,,321.75,,0.0
2006-07-10,,322.4100036621094,,322.5400085449219,,319.7200012207031,,321.2099914550781,,0.0
2006-07-11,,319.45001220703125,,321.9700012207031,,318.8299865722656,,321.9700012207031,,0.0
2006-07-12,,320.29998779296875,,322.6600036621094,,319.760009765625,,320.05999755859375,,0.0
2006-07-13,,315.6400146484375,,319.8299865722656,,314.92999267578125,,319.8299865722656,,0.0
2006-07-14,,311.67999267578125,,315.0,,311.67999267578125,,314.8500061035156,,0.0
2006-07-17,,310.3999938964844,,312.2699890136719,,308.29998779296875,,311.9200134277344,,0.0
2006-07-18,,309.82000732421875,,311.510009765625,,308.6000061035156,,310.1000061035156,,0.0
2006-07-19,,316.79998779296875,,316.79998779296875,,310.07000732421875,,310.07000732421875,,0.0
2006-07-20,,317.5,,319.2900085449219,,316.760009765625,,317.4200134277344,,0.0
2006-07-21,,314.55999755859375,,317.0199890136719,,313.7099914550781,,317.0199890136719,,0.0
2006-07-24,,320.4100036621094,,320.42999267578125,,314.6600036621094,,314.6600036621094,,0.0
2006-07-25,,320.7799987792969,,322.0899963378906,,319.8599853515625,,320.6000061035156,,0.0
2006-07-26,,322.1099853515625,,322.3800048828125,,320.9800109863281,,320.9800109863281,,0.0
2006-07-27,,325.3699951171875,,325.3699951171875,,322.7799987792969,,322.8299865722656,,0.0
2006-07-28,,327.32000732421875,,327.3900146484375,,323.9700012207031,,324.7900085449219,,0.0
2006-07-31,,326.0400085449219,,327.489990234375,,325.94000244140625,,327.3599853515625,,0.0
2006-08-01,,323.510009765625,,326.9599914550781,,322.94000244140625,,326.1000061035156,,0.0
2006-08-02,,326.79998779296875,,326.79998779296875,,324.0400085449219,,324.0400085449219,,0.0
2006-08-03,,324.1199951171875,,327.2300109863281,,322.9700012207031,,326.8399963378906,,0.0
2006-08-04,,327.8699951171875,,328.1099853515625,,324.44000244140625,,324.44000244140625,,0.0
2006-08-07,,324.2300109863281,,327.3999938964844,,324.1000061035156,,327.3999938964844,,0.0
2006-08-08,,324.44000244140625,,326.32000732421875,,323.82000732421875,,324.989990234375,,0.0
2006-08-09,,326.6099853515625,,326.8699951171875,,322.44000244140625,,324.6400146484375,,0.0
2006-08-10,,324.0400085449219,,325.6600036621094,,320.739990234375,,325.6600036621094,,0.0
2006-08-11,,324.45001220703125,,325.79998779296875,,323.32000732421875,,324.2099914550781,,0.0
2006-08-14,,327.3599853515625,,327.3599853515625,,324.8699951171875,,324.8699951171875,,0.0
2006-08-15,,330.1199951171875,,330.4700012207031,,326.3699951171875,,327.0,,0.0
2006-08-16,,331.42999267578125,,331.7900085449219,,329.05999755859375,,330.2099914550781,,0.0
2006-08-17,,331.8399963378906,,332.4100036621094,,330.8999938964844,,331.44000244140625,,0.0
2006-08-18,,330.9800109863281,,332.3399963378906,,330.6499938964844,,331.79998779296875,,0.0
2006-08-21,,330.69000244140625,,331.75,,329.6700134277344,,331.1400146484375,,0.0
2006-08-22,,331.7300109863281,,332.3399963378906,,329.5299987792969,,331.17999267578125,,0.0
2006-08-23,,330.1600036621094,,331.9599914550781,,329.69000244140625,,331.7900085449219,,0.0
2006-08-24,,331.05999755859375,,332.0299987792969,,328.6499938964844,,330.2099914550781,,0.0
2006-08-25,,331.4100036621094,,332.1400146484375,,330.5400085449219,,331.260009765625,,0.0
2006-08-28,,332.7900085449219,,332.9800109863281,,330.260009765625,,331.3500061035156,,0.0
2006-08-29,,333.6000061035156,,334.989990234375,,332.8399963378906,,333.19000244140625,,0.0
2006-08-30,,335.510009765625,,336.19000244140625,,333.8500061035156,,333.8500061035156,,0.0
2006-08-31,,334.7300109863281,,336.0899963378906,,334.1199951171875,,335.739990234375,,0.0
2006-09-01,,336.42999267578125,,337.42999267578125,,334.8599853515625,,334.8599853515625,,0.0
2006-09-04,,337.79998779296875,,337.8599853515625,,336.2900085449219,,336.2900085449219,,0.0
2006-09-05,,336.6499938964844,,337.8800048828125,,335.5400085449219,,337.80999755859375,,0.0
2006-09-06,,332.9800109863281,,336.67999267578125,,332.6600036621094,,336.67999267578125,,0.0
2006-09-07,,329.8699951171875,,332.6400146484375,,329.42999267578125,,332.6400146484375,,0.0
2006-09-08,,331.2200012207031,,331.989990234375,,330.3299865722656,,330.3299865722656,,0.0
2006-09-11,,329.4100036621094,,330.7799987792969,,327.95001220703125,,330.7799987792969,,0.0
2006-09-12,,333.6400146484375,,333.760009765625,,328.4599914550781,,329.6700134277344,,0.0
2006-09-13,,334.6499938964844,,335.05999755859375,,333.6499938964844,,333.94000244140625,,0.0
2006-09-14,,334.6600036621094,,337.1199951171875,,334.05999755859375,,334.92999267578125,,0.0
2006-09-15,,335.67999267578125,,336.55999755859375,,334.260009765625,,334.7300109863281,,0.0
2006-09-18,,335.79998779296875,,336.8900146484375,,334.82000732421875,,335.94000244140625,,0.0
2006-09-19,,333.9700012207031,,336.1700134277344,,333.75,,336.0199890136719,,0.0
2006-09-20,,337.5299987792969,,337.8599853515625,,333.7099914550781,,334.1000061035156,,0.0
2006-09-21,,339.0,,339.44000244140625,,337.0,,337.7099914550781,,0.0
2006-09-22,,335.1099853515625,,337.7799987792969,,334.489990234375,,337.7799987792969,,0.0
2006-09-25,,334.92999267578125,,336.989990234375,,333.70001220703125,,335.5,,0.0
2006-09-26,,339.5199890136719,,339.80999755859375,,335.70001220703125,,335.70001220703125,,0.0
2006-09-27,,341.3800048828125,,341.75,,339.6600036621094,,339.6600036621094,,0.0
2006-09-28,,341.6300048828125,,342.2900085449219,,340.6199951171875,,340.9700012207031,,0.0
2006-09-29,,341.42999267578125,,343.17999267578125,,340.9700012207031,,341.6400146484375,,0.0
2006-10-02,,341.3900146484375,,342.8800048828125,,340.6600036621094,,341.92999267578125,,0.0
2006-10-03,,340.5199890136719,,341.17999267578125,,338.7900085449219,,341.17999267578125,,0.0
2006-10-04,,343.010009765625,,343.04998779296875,,340.3500061035156,,340.5299987792969,,0.0
2006-10-05,,344.989990234375,,345.7200012207031,,343.5400085449219,,343.5400085449219,,0.0
2006-10-06,,345.54998779296875,,345.6600036621094,,344.3399963378906,,344.8999938964844,,0.0
2006-10-09,,345.94000244140625,,346.2300109863281,,344.44000244140625,,345.1000061035156,,0.0
2006-10-10,,348.260009765625,,348.3399963378906,,346.4700012207031,,346.5199890136719,,0.0
2006-10-11,,348.57000732421875,,348.79998779296875,,346.6000061035156,,347.739990234375,,0.0
2006-10-12,,351.4200134277344,,351.4200134277344,,348.7300109863281,,348.8399963378906,,0.0
2006-10-13,,352.3800048828125,,353.0899963378906,,350.44000244140625,,351.6600036621094,,0.0
2006-10-16,,353.0799865722656,,353.3900146484375,,351.9800109863281,,352.3900146484375,,0.0
2006-10-17,,349.260009765625,,352.75,,349.1099853515625,,352.75,,0.0
2006-10-18,,352.5899963378906,,353.55999755859375,,349.739990234375,,349.739990234375,,0.0
2006-10-19,,352.5799865722656,,353.55999755859375,,350.739990234375,,352.2799987792969,,0.0
2006-10-20,,353.6499938964844,,354.82000732421875,,352.6199951171875,,352.6600036621094,,0.0
2006-10-23,,354.8399963378906,,355.3500061035156,,352.2900085449219,,353.8399963378906,,0.0
2006-10-24,,354.8999938964844,,355.2200012207031,,354.07000732421875,,354.7900085449219,,0.0
2006-10-25,,356.010009765625,,356.3500061035156,,354.70001220703125,,354.8900146484375,,0.0
2006-10-26,,355.4599914550781,,357.6300048828125,,355.1499938964844,,356.1199951171875,,0.0
2006-10-27,,354.54998779296875,,356.5,,353.19000244140625,,355.7200012207031,,0.0
2006-10-30,,353.4100036621094,,354.25,,351.8900146484375,,354.25,,0.0
2006-10-31,,353.3399963378906,,354.510009765625,,352.30999755859375,,353.2699890136719,,0.0
2006-11-01,,354.6000061035156,,355.8699951171875,,353.4599914550781,,353.4599914550781,,0.0
2006-11-02,,353.19000244140625,,355.0199890136719,,351.7300109863281,,354.2099914550781,,0.0
2006-11-03,,354.3299865722656,,355.5,,353.1099853515625,,353.3299865722656,,0.0
2006-11-06,,358.2699890136719,,358.2699890136719,,354.2900085449219,,354.2900085449219,,0.0
2006-11-07,,359.8399963378906,,359.9800109863281,,358.3999938964844,,358.44000244140625,,0.0
2006-11-08,,359.55999755859375,,359.75,,357.7799987792969,,359.32000732421875,,0.0
2006-11-09,,358.9200134277344,,360.4599914550781,,357.9800109863281,,359.55999755859375,,0.0
2006-11-10,,358.4700012207031,,359.17999267578125,,357.1400146484375,,358.54998779296875,,0.0
2006-11-13,,359.2200012207031,,360.1600036621094,,357.8900146484375,,358.45001220703125,,0.0
2006-11-14,,358.2300109863281,,360.20001220703125,,357.3900146484375,,359.1199951171875,,0.0
2006-11-15,,360.239990234375,,360.239990234375,,358.4200134277344,,358.4200134277344,,0.0
2006-11-16,,361.0400085449219,,361.2099914550781,,359.3500061035156,,360.05999755859375,,0.0
2006-11-17,,358.25,,360.7300109863281,,357.260009765625,,360.7300109863281,,0.0
2006-11-20,,359.4800109863281,,359.9700012207031,,355.760009765625,,357.9800109863281,,0.0
2006-11-21,,359.9800109863281,,361.07000732421875,,359.2099914550781,,359.3999938964844,,0.0
2006-11-22,,359.54998779296875,,362.0400085449219,,358.8800048828125,,360.45001220703125,,0.0
2006-11-23,,358.69000244140625,,360.3800048828125,,357.6700134277344,,359.8299865722656,,0.0
2006-11-24,,355.9800109863281,,358.3999938964844,,353.95001220703125,,358.25,,0.0
2006-11-27,,350.6000061035156,,356.2900085449219,,350.6000061035156,,355.75,,0.0
2006-11-28,,349.5400085449219,,351.0,,348.30999755859375,,350.6700134277344,,0.0
2006-11-29,,354.2300109863281,,354.4100036621094,,350.44000244140625,,350.44000244140625,,0.0
2006-11-30,,351.7799987792969,,355.2200012207031,,351.760009765625,,354.44000244140625,,0.0
2006-12-01,,349.30999755859375,,354.3599853515625,,347.8500061035156,,352.3999938964844,,0.0
2006-12-04,,351.5899963378906,,351.70001220703125,,349.1499938964844,,349.6099853515625,,0.0
2006-12-05,,353.9100036621094,,354.489990234375,,351.3999938964844,,351.75,,0.0
2006-12-06,,354.0299987792969,,354.80999755859375,,352.7300109863281,,353.8500061035156,,0.0
2006-12-07,,356.0299987792969,,357.07000732421875,,353.45001220703125,,353.6700134277344,,0.0
2006-12-08,,356.3399963378906,,356.3699951171875,,353.8599853515625,,355.55999755859375,,0.0
2006-12-11,,358.42999267578125,,359.1000061035156,,356.94000244140625,,356.94000244140625,,0.0
2006-12-12,,359.70001220703125,,359.7900085449219,,357.95001220703125,,358.44000244140625,,0.0
2006-12-13,,361.989990234375,,362.0899963378906,,359.19000244140625,,359.6700134277344,,0.0
2006-12-14,,364.17999267578125,,364.17999267578125,,362.3900146484375,,362.3900146484375,,0.0
2006-12-15,,366.1600036621094,,366.6000061035156,,364.32000732421875,,364.32000732421875,,0.0
2006-12-18,,365.94000244140625,,366.8399963378906,,365.75,,366.3699951171875,,0.0
2006-12-19,,363.489990234375,,365.3699951171875,,362.5899963378906,,365.3699951171875,,0.0
2006-12-20,,364.55999755859375,,365.79998779296875,,364.29998779296875,,364.29998779296875,,0.0
2006-12-21,,364.1499938964844,,365.1099853515625,,363.4800109863281,,364.20001220703125,,0.0
2006-12-22,,362.45001220703125,,363.82000732421875,,362.3800048828125,,363.82000732421875,,0.0
2006-12-27,,366.1700134277344,,366.1700134277344,,362.7300109863281,,362.7300109863281,,0.0
2006-12-28,,366.32000732421875,,366.75,,365.6300048828125,,366.3399963378906,,0.0
2006-12-29,,365.260009765625,,366.70001220703125,,365.20001220703125,,366.2699890136719,,0.0
2007-01-03,,369.8399963378906,,370.2900085449219,,368.82000732421875,,369.7900085449219,,0.0
2007-01-04,,368.760009765625,,369.6199951171875,,367.04998779296875,,369.6199951171875,,0.0
2007-01-05,,365.69000244140625,,368.3599853515625,,365.69000244140625,,368.3599853515625,,0.0
2007-01-08,,365.3800048828125,,367.2200012207031,,364.82000732421875,,366.0400085449219,,0.0
2007-01-09,,366.2099914550781,,367.760009765625,,365.7900085449219,,365.7900085449219,,0.0
2007-01-10,,363.8399963378906,,365.8699951171875,,362.4800109863281,,365.8699951171875,,0.0
2007-01-11,,370.1000061035156,,370.1000061035156,,363.9800109863281,,363.9800109863281,,0.0
2007-01-12,,371.8599853515625,,371.8599853515625,,369.4700012207031,,370.1600036621094,,0.0
2007-01-15,,374.1600036621094,,374.6199951171875,,372.0899963378906,,372.0899963378906,,0.0
2007-01-16,,372.0199890136719,,374.29998779296875,,371.8599853515625,,373.95001220703125,,0.0
2007-01-17,,371.7300109863281,,373.2200012207031,,370.2900085449219,,372.3699951171875,,0.0
2007-01-18,,371.5799865722656,,374.0,,370.9100036621094,,371.9800109863281,,0.0
2007-01-19,,374.2300109863281,,374.3500061035156,,369.7900085449219,,371.25,,0.0
2007-01-22,,372.79998779296875,,375.7200012207031,,372.6700134277344,,374.04998779296875,,0.0
2007-01-23,,372.6099853515625,,373.7300109863281,,370.8900146484375,,373.1400146484375,,0.0
2007-01-24,,376.0199890136719,,376.4700012207031,,372.3999938964844,,372.3999938964844,,0.0
2007-01-25,,374.8699951171875,,377.6099853515625,,374.2200012207031,,376.239990234375,,0.0
2007-01-26,,372.3800048828125,,374.45001220703125,,371.80999755859375,,374.45001220703125,,0.0
2007-01-29,,373.3399963378906,,373.8900146484375,,371.75,,372.32000732421875,,0.0
2007-01-30,,374.6000061035156,,374.8399963378906,,372.6600036621094,,373.5,,0.0
2007-01-31,,372.7200012207031,,374.7300109863281,,372.4100036621094,,374.2200012207031,,0.0
2007-02-01,,376.95001220703125,,378.0899963378906,,373.6300048828125,,373.6300048828125,,0.0
2007-02-02,,378.9800109863281,,379.4700012207031,,376.7699890136719,,376.7699890136719,,0.0
2007-02-05,,379.2300109863281,,379.510009765625,,378.20001220703125,,378.989990234375,,0.0
2007-02-06,,380.5400085449219,,381.82000732421875,,379.3699951171875,,379.3699951171875,,0.0
2007-02-07,,381.6199951171875,,381.8699951171875,,380.54998779296875,,380.54998779296875,,0.0
2007-02-08,,378.29998779296875,,381.6199951171875,,377.6499938964844,,381.510009765625,,0.0
2007-02-09,,380.239990234375,,380.6700134277344,,378.32000732421875,,378.32000732421875,,0.0
2007-02-12,,378.05999755859375,,380.0400085449219,,377.3599853515625,,380.0400085449219,,0.0
2007-02-13,,378.7200012207031,,379.2699890136719,,377.57000732421875,,378.05999755859375,,0.0
2007-02-14,,381.70001220703125,,381.70001220703125,,379.0299987792969,,379.0299987792969,,0.0
2007-02-15,,381.2900085449219,,382.29998779296875,,380.30999755859375,,381.9200134277344,,0.0
2007-02-16,,380.80999755859375,,381.2300109863281,,380.07000732421875,,381.1199951171875,,0.0
2007-02-19,,382.19000244140625,,382.8500061035156,,380.82000732421875,,380.82000732421875,,0.0
2007-02-20,,380.989990234375,,382.42999267578125,,379.3599853515625,,382.1099853515625,,0.0
2007-02-21,,378.4599914550781,,382.3800048828125,,377.9599914550781,,381.3299865722656,,0.0
2007-02-22,,379.70001220703125,,381.3900146484375,,379.1499938964844,,379.1499938964844,,0.0
2007-02-23,,380.5299987792969,,380.9800109863281,,378.80999755859375,,380.19000244140625,,0.0
2007-02-26,,382.1700134277344,,382.6400146484375,,380.67999267578125,,380.67999267578125,,0.0
2007-02-27,,370.55999755859375,,381.55999755859375,,370.25,,381.55999755859375,,0.0
2007-02-28,,365.0299987792969,,369.79998779296875,,362.29998779296875,,369.79998779296875,,0.0
2007-03-01,,361.7900085449219,,368.3500061035156,,356.45001220703125,,364.94000244140625,,0.0
2007-03-02,,360.6700134277344,,364.7099914550781,,358.0799865722656,,362.2099914550781,,0.0
2007-03-05,,356.3999938964844,,359.3299865722656,,351.3500061035156,,359.3299865722656,,0.0
2007-03-06,,359.69000244140625,,360.05999755859375,,357.1099853515625,,357.1099853515625,,0.0
2007-03-07,,361.6499938964844,,362.2799987792969,,359.2900085449219,,359.94000244140625,,0.0
2007-03-08,,366.5400085449219,,366.5799865722656,,362.04998779296875,,362.04998779296875,,0.0
2007-03-09,,367.3500061035156,,368.2900085449219,,363.7099914550781,,366.2300109863281,,0.0
2007-03-12,,365.489990234375,,369.8999938964844,,364.760009765625,,367.67999267578125,,0.0
2007-03-13,,361.55999755859375,,366.1099853515625,,361.55999755859375,,365.69000244140625,,0.0
2007-03-14,,351.92999267578125,,360.739990234375,,351.92999267578125,,360.739990234375,,0.0
2007-03-15,,359.0199890136719,,359.0299987792969,,352.6700134277344,,352.6700134277344,,0.0
2007-03-16,,359.05999755859375,,360.67999267578125,,357.0299987792969,,358.5299987792969,,0.0
2007-03-19,,364.4200134277344,,364.5199890136719,,359.8599853515625,,359.8599853515625,,0.0
2007-03-20,,367.2300109863281,,367.2300109863281,,363.3800048828125,,364.5,,0.0
2007-03-21,,368.75,,369.7900085449219,,366.9800109863281,,367.1099853515625,,0.0
2007-03-22,,374.20001220703125,,374.7300109863281,,369.20001220703125,,369.20001220703125,,0.0
2007-03-23,,375.9800109863281,,376.1199951171875,,373.1400146484375,,374.2200012207031,,0.0
2007-03-26,,372.8500061035156,,376.69000244140625,,371.67999267578125,,376.25,,0.0
2007-03-27,,372.4599914550781,,375.30999755859375,,372.1000061035156,,373.29998779296875,,0.0
2007-03-28,,370.1000061035156,,371.9200134277344,,368.9800109863281,,371.9200134277344,,0.0
2007-03-29,,374.2900085449219,,374.3599853515625,,370.9200134277344,,370.9200134277344,,0.0
2007-03-30,,374.2200012207031,,375.7699890136719,,372.739990234375,,374.1499938964844,,0.0
2007-04-02,,375.5299987792969,,375.9200134277344,,373.2900085449219,,374.32000732421875,,0.0
2007-04-03,,379.489990234375,,379.489990234375,,376.1300048828125,,376.1300048828125,,0.0
2007-04-04,,379.989990234375,,380.4599914550781,,378.6600036621094,,379.989990234375,,0.0
2007-04-05,,380.260009765625,,380.4200134277344,,379.2699890136719,,379.94000244140625,,0.0
2007-04-10,,382.510009765625,,383.0799865722656,,380.1099853515625,,380.3699951171875,,0.0
2007-04-11,,382.19000244140625,,384.4700012207031,,381.5,,383.0,,0.0
2007-04-12,,380.7900085449219,,381.4700012207031,,378.5400085449219,,381.4700012207031,,0.0
2007-04-13,,383.3299865722656,,383.3299865722656,,381.19000244140625,,381.19000244140625,,0.0
2007-04-16,,387.7200012207031,,387.7200012207031,,383.8800048828125,,383.8800048828125,,0.0
2007-04-17,,387.8599853515625,,388.32000732421875,,385.5400085449219,,387.6400146484375,,0.0
2007-04-18,,385.8800048828125,,387.6300048828125,,384.70001220703125,,387.6300048828125,,0.0
2007-04-19,,384.3900146484375,,384.5799865722656,,380.7699890136719,,384.5799865722656,,0.0
2007-04-20,,389.2699890136719,,390.0299987792969,,384.9599914550781,,384.9599914550781,,0.0
2007-04-23,,388.8500061035156,,390.17999267578125,,388.1199951171875,,389.19000244140625,,0.0
2007-04-24,,385.3800048828125,,388.8599853515625,,383.9599914550781,,388.67999267578125,,0.0
2007-04-25,,387.79998779296875,,388.489990234375,,385.7099914550781,,385.7099914550781,,0.0
2007-04-26,,388.3999938964844,,390.6400146484375,,387.0400085449219,,388.6600036621094,,0.0
2007-04-27,,386.1000061035156,,388.0899963378906,,385.17999267578125,,387.9700012207031,,0.0
2007-04-30,,386.92999267578125,,388.2200012207031,,385.5,,385.8900146484375,,0.0
2007-05-02,,388.6400146484375,,389.0299987792969,,386.7900085449219,,386.9800109863281,,0.0
2007-05-03,,389.7200012207031,,390.1000061035156,,387.0799865722656,,389.2099914550781,,0.0
2007-05-04,,392.7300109863281,,393.1099853515625,,389.5400085449219,,389.80999755859375,,0.0
2007-05-07,,392.8800048828125,,393.4100036621094,,392.3500061035156,,392.8800048828125,,0.0
2007-05-08,,389.7900085449219,,392.6300048828125,,388.8900146484375,,392.6000061035156,,0.0
2007-05-09,,390.5799865722656,,392.0400085449219,,388.8999938964844,,390.0199890136719,,0.0
2007-05-10,,387.7200012207031,,390.7900085449219,,387.5400085449219,,390.44000244140625,,0.0
2007-05-11,,389.7799987792969,,390.07000732421875,,383.1199951171875,,387.0299987792969,,0.0
2007-05-14,,388.9599914550781,,391.4100036621094,,388.010009765625,,390.19000244140625,,0.0
2007-05-15,,390.2099914550781,,390.70001220703125,,387.3500061035156,,388.4700012207031,,0.0
2007-05-16,,389.4700012207031,,390.5899963378906,,388.489990234375,,389.95001220703125,,0.0
2007-05-18,,393.95001220703125,,394.3900146484375,,390.3800048828125,,390.4200134277344,,0.0
2007-05-21,,393.3599853515625,,395.2799987792969,,392.4200134277344,,393.9200134277344,,0.0
2007-05-22,,393.3900146484375,,394.6199951171875,,392.8399963378906,,393.5,,0.0
2007-05-23,,396.3900146484375,,396.6099853515625,,393.3999938964844,,393.7200012207031,,0.0
2007-05-24,,393.54998779296875,,396.7900085449219,,393.1700134277344,,395.7300109863281,,0.0
2007-05-25,,393.4800109863281,,393.69000244140625,,391.42999267578125,,393.010009765625,,0.0
2007-05-29,,394.3900146484375,,395.1700134277344,,393.80999755859375,,394.3699951171875,,0.0
2007-05-30,,393.6499938964844,,393.69000244140625,,390.4100036621094,,393.55999755859375,,0.0
2007-05-31,,396.739990234375,,397.57000732421875,,394.30999755859375,,394.30999755859375,,0.0
2007-06-01,,400.30999755859375,,400.54998779296875,,397.0299987792969,,397.0400085449219,,0.0
2007-06-04,,399.0199890136719,,400.7300109863281,,397.7699890136719,,400.1300048828125,,0.0
2007-06-05,,396.6099853515625,,400.010009765625,,396.260009765625,,399.17999267578125,,0.0
2007-06-06,,390.07000732421875,,396.7099914550781,,389.6400146484375,,396.54998779296875,,0.0
2007-06-07,,385.4599914550781,,392.29998779296875,,384.54998779296875,,390.7699890136719,,0.0
2007-06-08,,385.0899963378906,,386.1700134277344,,381.260009765625,,384.9700012207031,,0.0
2007-06-11,,388.8800048828125,,388.8800048828125,,385.92999267578125,,385.92999267578125,,0.0
2007-06-12,,386.79998779296875,,389.8800048828125,,385.92999267578125,,388.9599914550781,,0.0
2007-06-13,,388.2200012207031,,388.67999267578125,,384.1700134277344,,386.4200134277344,,0.0
2007-06-14,,394.2900085449219,,394.2900085449219,,389.239990234375,,389.239990234375,,0.0
2007-06-15,,399.2699890136719,,399.7300109863281,,394.6700134277344,,394.6700134277344,,0.0
2007-06-18,,397.8699951171875,,400.489990234375,,397.07000732421875,,399.5199890136719,,0.0
2007-06-19,,396.4200134277344,,399.0199890136719,,396.2099914550781,,397.8999938964844,,0.0
2007-06-20,,397.8500061035156,,399.8399963378906,,397.0299987792969,,397.0299987792969,,0.0
2007-06-21,,393.70001220703125,,397.0199890136719,,391.6499938964844,,397.0199890136719,,0.0
2007-06-22,,392.42999267578125,,395.010009765625,,392.05999755859375,,394.1000061035156,,0.0
2007-06-25,,391.94000244140625,,392.2699890136719,,388.57000732421875,,391.2699890136719,,0.0
2007-06-26,,389.5199890136719,,391.32000732421875,,388.3500061035156,,390.9800109863281,,0.0
2007-06-27,,387.69000244140625,,388.5,,385.6099853515625,,388.5,,0.0
2007-06-28,,391.6000061035156,,391.6000061035156,,389.17999267578125,,389.17999267578125,,0.0
2007-06-29,,393.7099914550781,,393.7099914550781,,389.5,,392.2900085449219,,0.0
2007-07-02,,392.2300109863281,,393.20001220703125,,391.05999755859375,,392.5899963378906,,0.0
2007-07-03,,395.7099914550781,,396.1199951171875,,393.3399963378906,,393.3399963378906,,0.0
2007-07-04,,397.5,,397.79998779296875,,395.92999267578125,,395.92999267578125,,0.0
2007-07-05,,394.92999267578125,,398.6600036621094,,394.6000061035156,,398.2300109863281,,0.0
2007-07-06,,397.2699890136719,,397.2699890136719,,394.7699890136719,,395.07000732421875,,0.0
2007-07-09,,398.5199890136719,,399.5299987792969,,397.7200012207031,,397.7200012207031,,0.0
2007-07-10,,394.0199890136719,,399.8699951171875,,393.1199951171875,,398.7799987792969,,0.0
2007-07-11,,392.7200012207031,,393.260009765625,,389.7099914550781,,392.75,,0.0
2007-07-12,,397.3399963378906,,397.3399963378906,,391.7099914550781,,393.25,,0.0
2007-07-13,,399.0199890136719,,400.989990234375,,398.32000732421875,,398.69000244140625,,0.0
2007-07-16,,399.7099914550781,,400.75,,398.6099853515625,,399.3800048828125,,0.0
2007-07-17,,397.7900085449219,,399.6499938964844,,396.54998779296875,,399.6499938964844,,0.0
2007-07-18,,393.1400146484375,,396.4800109863281,,393.1400146484375,,396.3999938964844,,0.0
2007-07-19,,396.94000244140625,,398.1099853515625,,394.5,,394.5,,0.0
2007-07-20,,392.5899963378906,,398.3399963378906,,392.5899963378906,,396.8599853515625,,0.0
2007-07-23,,394.989990234375,,395.010009765625,,391.8299865722656,,392.6700134277344,,0.0
2007-07-24,,388.94000244140625,,395.29998779296875,,388.94000244140625,,394.989990234375,,0.0
2007-07-25,,385.5,,389.57000732421875,,384.55999755859375,,388.04998779296875,,0.0
2007-07-26,,374.55999755859375,,387.2200012207031,,374.55999755859375,,386.1600036621094,,0.0
2007-07-27,,372.69000244140625,,377.19000244140625,,370.54998779296875,,372.9100036621094,,0.0
2007-07-30,,372.0299987792969,,374.4200134277344,,370.5,,372.6400146484375,,0.0
2007-07-31,,380.07000732421875,,380.2799987792969,,373.5799865722656,,373.5799865722656,,0.0
2007-08-02,,376.92999267578125,,378.4599914550781,,375.4599914550781,,375.75,,0.0
2007-08-03,,372.0299987792969,,378.20001220703125,,371.3699951171875,,377.3800048828125,,0.0
2007-08-06,,368.6400146484375,,370.80999755859375,,367.9100036621094,,370.19000244140625,,0.0
2007-08-07,,373.6199951171875,,373.6199951171875,,370.1499938964844,,370.1499938964844,,0.0
2007-08-08,,381.04998779296875,,381.7099914550781,,374.9599914550781,,374.9599914550781,,0.0
2007-08-09,,374.2699890136719,,380.6099853515625,,371.6099853515625,,380.6099853515625,,0.0
2007-08-10,,362.7699890136719,,371.7200012207031,,361.44000244140625,,371.7200012207031,,0.0
2007-08-13,,370.9100036621094,,371.32000732421875,,364.5799865722656,,364.5799865722656,,0.0
2007-08-14,,366.3399963378906,,371.55999755859375,,365.75,,369.9200134277344,,0.0
2007-08-15,,365.3599853515625,,365.9800109863281,,361.510009765625,,364.79998779296875,,0.0
2007-08-16,,352.3699951171875,,362.07000732421875,,352.3699951171875,,362.07000732421875,,0.0
2007-08-17,,359.9800109863281,,364.80999755859375,,348.8999938964844,,351.67999267578125,,0.0
2007-08-20,,362.3299865722656,,365.7300109863281,,361.1099853515625,,361.1099853515625,,0.0
2007-08-21,,362.3900146484375,,363.8699951171875,,358.9100036621094,,362.7900085449219,,0.0
2007-08-22,,368.6199951171875,,369.0899963378906,,363.0199890136719,,363.0199890136719,,0.0
2007-08-23,,369.3299865722656,,373.3699951171875,,369.3299865722656,,370.4100036621094,,0.0
2007-08-24,,370.5199890136719,,370.95001220703125,,367.5,,368.489990234375,,0.0
2007-08-27,,371.0899963378906,,371.9800109863281,,370.8500061035156,,371.1000061035156,,0.0
2007-08-28,,364.6600036621094,,370.4599914550781,,364.1199951171875,,370.4599914550781,,0.0
2007-08-29,,366.80999755859375,,366.9100036621094,,361.42999267578125,,363.5199890136719,,0.0
2007-08-30,,370.989990234375,,371.3800048828125,,366.07000732421875,,368.32000732421875,,0.0
2007-08-31,,375.94000244140625,,376.3900146484375,,371.4599914550781,,371.8299865722656,,0.0
2007-09-03,,376.989990234375,,377.54998779296875,,375.8900146484375,,376.30999755859375,,0.0
2007-09-04,,379.4700012207031,,379.5899963378906,,374.4599914550781,,376.6400146484375,,0.0
2007-09-05,,372.6600036621094,,379.1499938964844,,372.6199951171875,,379.0299987792969,,0.0
2007-09-06,,373.8399963378906,,375.8900146484375,,369.5,,373.9100036621094,,0.0
2007-09-07,,365.5799865722656,,375.0400085449219,,365.17999267578125,,373.6199951171875,,0.0
2007-09-10,,362.2300109863281,,367.29998779296875,,361.8999938964844,,365.739990234375,,0.0
2007-09-11,,368.4100036621094,,368.7799987792969,,363.6199951171875,,363.6199951171875,,0.0
2007-09-12,,369.2300109863281,,369.5799865722656,,365.92999267578125,,368.2300109863281,,0.0
2007-09-13,,372.2099914550781,,372.5899963378906,,366.75,,368.5899963378906,,0.0
2007-09-14,,367.75,,370.9700012207031,,365.1499938964844,,370.9700012207031,,0.0
2007-09-17,,362.17999267578125,,366.79998779296875,,360.760009765625,,366.79998779296875,,0.0
2007-09-18,,367.6700134277344,,368.1499938964844,,361.0,,361.6300048828125,,0.0
2007-09-19,,377.5299987792969,,378.92999267578125,,371.25,,371.25,,0.0
2007-09-20,,374.95001220703125,,376.3500061035156,,373.7099914550781,,376.3500061035156,,0.0
2007-09-21,,376.739990234375,,377.6400146484375,,373.69000244140625,,374.0299987792969,,0.0
2007-09-24,,376.54998779296875,,378.0,,375.9100036621094,,376.69000244140625,,0.0
2007-09-25,,372.3999938964844,,375.4200134277344,,370.45001220703125,,375.4200134277344,,0.0
2007-09-26,,375.0299987792969,,376.4200134277344,,373.260009765625,,373.260009765625,,0.0
2007-09-27,,377.9599914550781,,378.80999755859375,,376.3999938964844,,376.3999938964844,,0.0
2007-09-28,,377.8599853515625,,378.57000732421875,,375.0899963378906,,377.7699890136719,,0.0
2007-10-01,,380.8599853515625,,380.94000244140625,,375.8900146484375,,377.29998779296875,,0.0
2007-10-02,,382.7799987792969,,384.5400085449219,,381.82000732421875,,381.82000732421875,,0.0
2007-10-03,,383.5899963378906,,383.7799987792969,,381.8500061035156,,382.8699951171875,,0.0
2007-10-04,,384.17999267578125,,385.55999755859375,,381.8299865722656,,383.17999267578125,,0.0
2007-10-05,,386.92999267578125,,387.6499938964844,,384.1300048828125,,384.3599853515625,,0.0
2007-10-08,,385.8599853515625,,387.7300109863281,,385.8599853515625,,387.489990234375,,0.0
2007-10-09,,387.8399963378906,,388.1700134277344,,384.8999938964844,,385.7300109863281,,0.0
2007-10-10,,388.2300109863281,,388.489990234375,,386.6700134277344,,388.1499938964844,,0.0
2007-10-11,,390.42999267578125,,391.29998779296875,,387.8500061035156,,387.8500061035156,,0.0
2007-10-12,,390.6300048828125,,390.6300048828125,,386.010009765625,,389.0299987792969,,0.0
2007-10-15,,386.95001220703125,,390.9599914550781,,386.4599914550781,,390.5400085449219,,0.0
2007-10-16,,384.0299987792969,,386.2200012207031,,382.739990234375,,386.2200012207031,,0.0
2007-10-17,,386.6199951171875,,387.69000244140625,,383.0,,383.54998779296875,,0.0
2007-10-18,,383.3599853515625,,388.1300048828125,,382.510009765625,,386.82000732421875,,0.0
2007-10-19,,380.8800048828125,,384.0,,380.55999755859375,,382.5899963378906,,0.0
2007-10-22,,375.82000732421875,,380.1000061035156,,373.8399963378906,,380.1000061035156,,0.0
2007-10-23,,379.7799987792969,,381.3900146484375,,375.8699951171875,,375.8699951171875,,0.0
2007-10-24,,377.45001220703125,,381.04998779296875,,376.760009765625,,379.8900146484375,,0.0
2007-10-25,,381.8299865722656,,382.6499938964844,,378.6199951171875,,378.6199951171875,,0.0
2007-10-26,,383.95001220703125,,384.7200012207031,,380.5799865722656,,381.9700012207031,,0.0
2007-10-29,,386.6000061035156,,386.92999267578125,,384.54998779296875,,384.54998779296875,,0.0
2007-10-30,,384.8999938964844,,386.2699890136719,,384.489990234375,,386.2699890136719,,0.0
2007-10-31,,388.42999267578125,,388.42999267578125,,384.42999267578125,,385.04998779296875,,0.0
2007-11-01,,382.57000732421875,,389.2900085449219,,380.8599853515625,,388.6700134277344,,0.0
2007-11-02,,379.9200134277344,,381.4599914550781,,378.20001220703125,,381.4599914550781,,0.0
2007-11-05,,377.32000732421875,,379.760009765625,,375.80999755859375,,379.760009765625,,0.0
2007-11-06,,378.6400146484375,,380.0199890136719,,378.1000061035156,,378.1199951171875,,0.0
2007-11-07,,375.5799865722656,,380.760009765625,,374.3699951171875,,379.0199890136719,,0.0
2007-11-08,,373.4800109863281,,375.4599914550781,,370.010009765625,,374.3800048828125,,0.0
2007-11-09,,367.57000732421875,,376.44000244140625,,366.1000061035156,,373.94000244140625,,0.0
2007-11-12,,367.69000244140625,,369.3900146484375,,365.2200012207031,,366.739990234375,,0.0
2007-11-13,,368.5199890136719,,369.260009765625,,364.3599853515625,,366.8800048828125,,0.0
2007-11-14,,370.4599914550781,,373.45001220703125,,368.9100036621094,,369.8500061035156,,0.0
2007-11-15,,365.82000732421875,,371.010009765625,,364.6700134277344,,369.70001220703125,,0.0
2007-11-16,,362.7200012207031,,364.8399963378906,,361.3699951171875,,364.67999267578125,,0.0
2007-11-19,,354.70001220703125,,364.8900146484375,,354.3900146484375,,362.80999755859375,,0.0
2007-11-20,,358.6499938964844,,359.0799865722656,,351.94000244140625,,354.92999267578125,,0.0
2007-11-21,,349.17999267578125,,356.9599914550781,,347.7200012207031,,356.9599914550781,,0.0
2007-11-22,,351.8599853515625,,352.82000732421875,,348.1499938964844,,349.95001220703125,,0.0
2007-11-23,,357.739990234375,,357.8299865722656,,351.92999267578125,,351.92999267578125,,0.0
2007-11-26,,355.7799987792969,,361.7799987792969,,355.4200134277344,,358.4599914550781,,0.0
2007-11-27,,354.2699890136719,,356.3500061035156,,350.82000732421875,,355.1300048828125,,0.0
2007-11-28,,364.0899963378906,,364.25,,353.70001220703125,,355.25,,0.0
2007-11-29,,365.7200012207031,,367.1499938964844,,363.0799865722656,,364.4200134277344,,0.0
2007-11-30,,370.3599853515625,,371.3299865722656,,366.30999755859375,,366.30999755859375,,0.0
2007-12-03,,368.80999755859375,,371.82000732421875,,368.3299865722656,,370.3999938964844,,0.0
2007-12-04,,363.3399963378906,,368.7900085449219,,362.4599914550781,,368.5899963378906,,0.0
2007-12-05,,369.6099853515625,,369.7300109863281,,364.3800048828125,,364.3800048828125,,0.0
2007-12-06,,369.8699951171875,,374.04998779296875,,367.760009765625,,370.2799987792969,,0.0
2007-12-07,,372.8800048828125,,374.0299987792969,,370.260009765625,,370.260009765625,,0.0
2007-12-10,,375.05999755859375,,376.20001220703125,,371.69000244140625,,372.57000732421875,,0.0
2007-12-11,,373.54998779296875,,376.2699890136719,,372.55999755859375,,375.3999938964844,,0.0
2007-12-12,,374.75,,377.55999755859375,,368.29998779296875,,373.6300048828125,,0.0
2007-12-13,,365.6099853515625,,373.0799865722656,,365.6099853515625,,373.0799865722656,,0.0
2007-12-14,,367.239990234375,,368.30999755859375,,364.010009765625,,366.5199890136719,,0.0
2007-12-17,,360.8299865722656,,366.4599914550781,,360.45001220703125,,366.4599914550781,,0.0
2007-12-18,,360.42999267578125,,364.1099853515625,,359.92999267578125,,360.6400146484375,,0.0
2007-12-19,,358.739990234375,,361.0400085449219,,357.8299865722656,,360.4800109863281,,0.0
2007-12-20,,359.4599914550781,,361.75,,358.75,,358.75,,0.0
2007-12-21,,364.489990234375,,365.3299865722656,,360.30999755859375,,360.30999755859375,,0.0
2007-12-24,,364.489990234375,,364.489990234375,,364.489990234375,,364.489990234375,,0.0
2007-12-27,,365.0899963378906,,366.7799987792969,,364.5,,364.7200012207031,,0.0
2007-12-28,,364.3900146484375,,365.42999267578125,,362.94000244140625,,364.1499938964844,,0.0
2007-12-31,,364.6400146484375,,364.9800109863281,,364.0,,364.3699951171875,,0.0
2008-01-03,,358.95001220703125,,360.8599853515625,,356.1099853515625,,360.0299987792969,,0.0
2008-01-04,,352.0,,360.70001220703125,,351.0299987792969,,359.17999267578125,,0.0
2008-01-07,,351.2699890136719,,353.3999938964844,,348.989990234375,,352.239990234375,,0.0
2008-01-08,,353.42999267578125,,356.04998779296875,,352.0799865722656,,352.0799865722656,,0.0
2008-01-09,,348.7699890136719,,352.6400146484375,,347.4200134277344,,352.6400146484375,,0.0
2008-01-10,,345.3800048828125,,351.0400085449219,,345.260009765625,,349.0799865722656,,0.0
2008-01-11,,343.69000244140625,,345.54998779296875,,341.55999755859375,,344.70001220703125,,0.0
2008-01-14,,344.7799987792969,,346.1400146484375,,342.17999267578125,,343.1000061035156,,0.0
2008-01-15,,335.94000244140625,,344.75,,335.94000244140625,,344.75,,0.0
2008-01-16,,332.75,,336.5199890136719,,330.1199951171875,,335.19000244140625,,0.0
2008-01-17,,331.07000732421875,,337.57000732421875,,330.79998779296875,,333.8999938964844,,0.0
2008-01-18,,327.5299987792969,,335.5899963378906,,326.9599914550781,,330.9700012207031,,0.0
2008-01-21,,308.7699890136719,,327.6199951171875,,308.69000244140625,,327.6199951171875,,0.0
2008-01-22,,315.54998779296875,,317.7699890136719,,296.2099914550781,,307.82000732421875,,0.0
2008-01-23,,306.0299987792969,,320.54998779296875,,302.1000061035156,,317.0199890136719,,0.0
2008-01-24,,322.0799865722656,,322.0799865722656,,307.5,,307.5,,0.0
2008-01-25,,322.2300109863281,,328.5,,321.44000244140625,,323.32000732421875,,0.0
2008-01-28,,318.70001220703125,,321.239990234375,,314.1000061035156,,321.239990234375,,0.0
2008-01-29,,324.30999755859375,,324.9100036621094,,319.79998779296875,,319.79998779296875,,0.0
2008-01-30,,322.19000244140625,,323.8900146484375,,320.8800048828125,,323.7900085449219,,0.0
2008-01-31,,322.1600036621094,,322.70001220703125,,313.82000732421875,,321.6199951171875,,0.0
2008-02-01,,328.4200134277344,,330.2200012207031,,322.9200134277344,,322.9200134277344,,0.0
2008-02-04,,329.1300048828125,,331.57000732421875,,327.8699951171875,,329.04998779296875,,0.0
2008-02-05,,318.7300109863281,,328.8800048828125,,318.25,,328.8800048828125,,0.0
2008-02-06,,320.3500061035156,,320.75,,316.0299987792969,,318.5799865722656,,0.0
2008-02-07,,314.1400146484375,,320.6000061035156,,311.5,,320.6000061035156,,0.0
2008-02-08,,315.5,,318.8599853515625,,312.6700134277344,,315.4200134277344,,0.0
2008-02-11,,312.5899963378906,,315.989990234375,,310.9599914550781,,314.5400085449219,,0.0
2008-02-12,,323.0299987792969,,323.0299987792969,,312.17999267578125,,313.7799987792969,,0.0
2008-02-13,,323.29998779296875,,324.8800048828125,,318.760009765625,,322.5400085449219,,0.0
2008-02-14,,323.6600036621094,,327.4100036621094,,322.6600036621094,,324.32000732421875,,0.0
2008-02-15,,317.3599853515625,,324.5299987792969,,316.239990234375,,323.19000244140625,,0.0
2008-02-18,,323.5299987792969,,324.04998779296875,,317.6099853515625,,317.6099853515625,,0.0
2008-02-19,,324.1600036621094,,327.3399963378906,,319.2699890136719,,322.5400085449219,,0.0
2008-02-20,,320.3299865722656,,323.32000732421875,,318.4599914550781,,323.32000732421875,,0.0
2008-02-21,,322.42999267578125,,326.2300109863281,,321.2699890136719,,321.2699890136719,,0.0
2008-02-22,,319.8800048828125,,323.6300048828125,,318.3900146484375,,321.9700012207031,,0.0
2008-02-25,,325.29998779296875,,325.82000732421875,,320.6199951171875,,320.6199951171875,,0.0
2008-02-26,,330.010009765625,,330.1000061035156,,326.1700134277344,,326.19000244140625,,0.0
2008-02-27,,329.3900146484375,,331.239990234375,,324.92999267578125,,330.3800048828125,,0.0
2008-02-28,,323.3399963378906,,329.1600036621094,,323.0,,328.3900146484375,,0.0
2008-02-29,,318.95001220703125,,323.2900085449219,,317.510009765625,,322.55999755859375,,0.0
2008-03-03,,314.4599914550781,,317.8800048828125,,312.3399963378906,,317.8800048828125,,0.0
2008-03-04,,310.260009765625,,317.30999755859375,,308.6300048828125,,315.05999755859375,,0.0
2008-03-05,,315.6099853515625,,316.1300048828125,,311.0299987792969,,311.0299987792969,,0.0
2008-03-06,,311.4200134277344,,316.0799865722656,,310.54998779296875,,315.82000732421875,,0.0
2008-03-07,,307.9800109863281,,311.54998779296875,,305.3299865722656,,311.54998779296875,,0.0
2008-03-10,,304.1499938964844,,308.3699951171875,,302.8399963378906,,307.7799987792969,,0.0
2008-03-11,,307.82000732421875,,311.42999267578125,,303.6700134277344,,304.5799865722656,,0.0
2008-03-12,,311.4800109863281,,313.07000732421875,,309.2099914550781,,309.2099914550781,,0.0
2008-03-13,,307.260009765625,,310.44000244140625,,303.0,,310.44000244140625,,0.0
2008-03-14,,304.1499938964844,,312.29998779296875,,302.45001220703125,,307.4599914550781,,0.0
2008-03-17,,290.260009765625,,301.4100036621094,,290.260009765625,,301.4100036621094,,0.0
2008-03-18,,300.57000732421875,,301.1099853515625,,292.45001220703125,,292.45001220703125,,0.0
2008-03-19,,297.4800109863281,,303.75,,295.5,,301.7799987792969,,0.0
2008-03-20,,296.8299865722656,,298.1199951171875,,294.239990234375,,296.1700134277344,,0.0
2008-03-25,,306.6300048828125,,306.6300048828125,,297.6000061035156,,297.6000061035156,,0.0
2008-03-26,,304.6300048828125,,306.8399963378906,,303.1600036621094,,306.0,,0.0
2008-03-27,,308.4599914550781,,310.19000244140625,,304.2900085449219,,304.510009765625,,0.0
2008-03-28,,306.69000244140625,,308.989990234375,,305.8500061035156,,307.95001220703125,,0.0
2008-03-31,,305.9599914550781,,306.2699890136719,,300.95001220703125,,305.79998779296875,,0.0
2008-04-01,,316.07000732421875,,316.4599914550781,,305.25,,305.79998779296875,,0.0
2008-04-02,,319.6600036621094,,320.1099853515625,,316.010009765625,,317.1300048828125,,0.0
2008-04-03,,317.9700012207031,,320.32000732421875,,316.1499938964844,,319.8500061035156,,0.0
2008-04-04,,319.1499938964844,,320.29998779296875,,316.2699890136719,,318.2300109863281,,0.0
2008-04-07,,322.010009765625,,322.75,,319.2799987792969,,319.2799987792969,,0.0
2008-04-08,,318.739990234375,,321.1199951171875,,316.7200012207031,,321.1199951171875,,0.0
2008-04-09,,316.5299987792969,,319.1700134277344,,316.1199951171875,,317.92999267578125,,0.0
2008-04-10,,315.239990234375,,316.260009765625,,311.0799865722656,,316.0899963378906,,0.0
2008-04-11,,310.739990234375,,317.4800109863281,,309.25,,315.2200012207031,,0.0
2008-04-14,,308.260009765625,,310.6400146484375,,307.2300109863281,,310.6400146484375,,0.0
2008-04-15,,309.5799865722656,,311.5899963378906,,307.20001220703125,,308.54998779296875,,0.0
2008-04-16,,314.95001220703125,,314.95001220703125,,310.4800109863281,,310.8500061035156,,0.0
2008-04-17,,313.1700134277344,,316.57000732421875,,312.1199951171875,,315.1199951171875,,0.0
2008-04-18,,320.69000244140625,,321.07000732421875,,313.739990234375,,313.739990234375,,0.0
2008-04-21,,316.9599914550781,,321.20001220703125,,315.5,,320.260009765625,,0.0
2008-04-22,,315.5,,317.989990234375,,314.1400146484375,,316.5299987792969,,0.0
2008-04-23,,317.4100036621094,,317.5899963378906,,312.3599853515625,,315.5,,0.0
2008-04-24,,317.6499938964844,,317.70001220703125,,313.3299865722656,,316.8800048828125,,0.0
2008-04-25,,321.70001220703125,,323.0,,318.3900146484375,,318.3900146484375,,0.0
2008-04-28,,323.6199951171875,,324.5899963378906,,321.55999755859375,,321.55999755859375,,0.0
2008-04-29,,320.6700134277344,,323.6400146484375,,319.3599853515625,,323.1099853515625,,0.0
2008-04-30,,323.0899963378906,,323.8500061035156,,318.9200134277344,,320.2300109863281,,0.0
2008-05-02,,329.2099914550781,,330.30999755859375,,324.17999267578125,,324.17999267578125,,0.0
2008-05-05,,328.2799987792969,,328.82000732421875,,327.6099853515625,,328.82000732421875,,0.0
2008-05-06,,326.69000244140625,,328.9100036621094,,324.45001220703125,,327.8699951171875,,0.0
2008-05-07,,329.3500061035156,,330.3500061035156,,326.3800048828125,,326.69000244140625,,0.0
2008-05-08,,329.2799987792969,,329.6499938964844,,327.3599853515625,,328.94000244140625,,0.0
2008-05-09,,324.8500061035156,,327.8599853515625,,323.1000061035156,,327.8599853515625,,0.0
2008-05-13,,325.57000732421875,,327.5400085449219,,323.1199951171875,,325.6499938964844,,0.0
2008-05-14,,327.20001220703125,,328.2300109863281,,324.29998779296875,,326.0799865722656,,0.0
2008-05-15,,328.4100036621094,,328.5199890136719,,324.760009765625,,326.7799987792969,,0.0
2008-05-19,,332.8699951171875,,332.8699951171875,,329.3800048828125,,329.9800109863281,,0.0
2008-05-20,,325.9700012207031,,332.0799865722656,,325.9700012207031,,332.0799865722656,,0.0
2008-05-21,,323.1600036621094,,326.95001220703125,,322.1700134277344,,325.8900146484375,,0.0
2008-05-22,,324.4100036621094,,325.7099914550781,,320.8299865722656,,322.9100036621094,,0.0
2008-05-23,,319.0199890136719,,324.1400146484375,,319.0199890136719,,324.0400085449219,,0.0
2008-05-26,,318.2699890136719,,319.0899963378906,,318.260009765625,,318.6099853515625,,0.0
2008-05-27,,317.19000244140625,,319.9800109863281,,316.1199951171875,,318.7799987792969,,0.0
2008-05-28,,320.1499938964844,,321.79998779296875,,317.4100036621094,,317.739990234375,,0.0
2008-05-29,,320.9100036621094,,322.5400085449219,,319.3399963378906,,320.25,,0.0
2008-05-30,,322.1199951171875,,323.489990234375,,321.2900085449219,,321.2900085449219,,0.0
2008-06-02,,318.44000244140625,,322.1300048828125,,317.4200134277344,,321.92999267578125,,0.0
2008-06-03,,321.04998779296875,,321.04998779296875,,317.2300109863281,,317.8500061035156,,0.0
2008-06-04,,317.07000732421875,,320.4700012207031,,314.7200012207031,,320.4700012207031,,0.0
2008-06-05,,316.6099853515625,,318.7799987792969,,314.8999938964844,,317.1499938964844,,0.0
2008-06-06,,310.2900085449219,,319.32000732421875,,310.1499938964844,,316.8599853515625,,0.0
2008-06-09,,308.7099914550781,,310.6400146484375,,307.55999755859375,,309.70001220703125,,0.0
2008-06-10,,306.6099853515625,,308.739990234375,,304.8800048828125,,308.739990234375,,0.0
2008-06-11,,301.3699951171875,,308.4200134277344,,300.7099914550781,,306.8500061035156,,0.0
2008-06-12,,304.1000061035156,,304.5899963378906,,301.4599914550781,,301.6400146484375,,0.0
2008-06-13,,305.70001220703125,,306.2699890136719,,300.82000732421875,,303.9599914550781,,0.0
2008-06-16,,304.8999938964844,,306.5799865722656,,302.7099914550781,,304.8399963378906,,0.0
2008-06-17,,306.3399963378906,,308.94000244140625,,305.1600036621094,,305.1600036621094,,0.0
2008-06-18,,301.739990234375,,305.82000732421875,,300.69000244140625,,305.82000732421875,,0.0
2008-06-19,,300.239990234375,,302.82000732421875,,299.760009765625,,300.92999267578125,,0.0
2008-06-20,,295.0799865722656,,301.4599914550781,,293.4700012207031,,300.3500061035156,,0.0
2008-06-23,,294.80999755859375,,296.32000732421875,,293.69000244140625,,295.1600036621094,,0.0
2008-06-24,,292.5400085449219,,296.3599853515625,,289.6499938964844,,294.95001220703125,,0.0
2008-06-25,,296.1000061035156,,296.19000244140625,,293.0400085449219,,293.0400085449219,,0.0
2008-06-26,,288.4800109863281,,294.8399963378906,,288.4800109863281,,294.8399963378906,,0.0
2008-06-27,,287.3399963378906,,288.7699890136719,,283.9200134277344,,287.9700012207031,,0.0
2008-06-30,,289.3900146484375,,289.5400085449219,,284.57000732421875,,287.07000732421875,,0.0
2008-07-01,,283.0,,288.95001220703125,,281.7099914550781,,288.8800048828125,,0.0
2008-07-02,,280.69000244140625,,286.1400146484375,,280.69000244140625,,282.8999938964844,,0.0
2008-07-03,,283.0799865722656,,283.95001220703125,,276.04998779296875,,279.70001220703125,,0.0
2008-07-07,,283.1700134277344,,283.4200134277344,,279.0799865722656,,280.3699951171875,,0.0
2008-07-08,,278.9700012207031,,281.1099853515625,,275.6499938964844,,281.1099853515625,,0.0
2008-07-09,,283.8999938964844,,284.2799987792969,,280.0299987792969,,280.0299987792969,,0.0
2008-07-10,,277.95001220703125,,282.4100036621094,,276.94000244140625,,282.4100036621094,,0.0
2008-07-11,,270.3599853515625,,280.1199951171875,,270.3599853515625,,278.5,,0.0
2008-07-14,,272.4700012207031,,275.6700134277344,,271.67999267578125,,271.67999267578125,,0.0
2008-07-15,,266.510009765625,,271.2799987792969,,263.57000732421875,,271.2799987792969,,0.0
2008-07-16,,268.5,,269.0899963378906,,262.4800109863281,,267.2799987792969,,0.0
2008-07-17,,276.2699890136719,,278.260009765625,,269.6000061035156,,269.6000061035156,,0.0
2008-07-18,,280.69000244140625,,280.69000244140625,,272.92999267578125,,274.75,,0.0
2008-07-21,,282.3599853515625,,284.3699951171875,,278.1300048828125,,280.3900146484375,,0.0
2008-07-22,,280.8999938964844,,281.260009765625,,276.19000244140625,,281.260009765625,,0.0
2008-07-23,,286.7699890136719,,287.6099853515625,,282.8299865722656,,282.8299865722656,,0.0
2008-07-24,,282.2099914550781,,288.05999755859375,,281.4200134277344,,287.30999755859375,,0.0
2008-07-25,,281.760009765625,,282.80999755859375,,278.1600036621094,,280.9100036621094,,0.0
2008-07-28,,278.7300109863281,,281.3999938964844,,278.7200012207031,,281.3999938964844,,0.0
2008-07-29,,279.6400146484375,,280.7300109863281,,275.25,,277.6199951171875,,0.0
2008-07-30,,284.0,,285.2099914550781,,280.7300109863281,,280.7300109863281,,0.0
2008-07-31,,283.760009765625,,286.0299987792969,,281.6400146484375,,284.17999267578125,,0.0
2008-08-04,,277.5899963378906,,281.1700134277344,,277.2300109863281,,279.9800109863281,,0.0
2008-08-05,,285.010009765625,,285.010009765625,,277.4100036621094,,278.07000732421875,,0.0
2008-08-06,,287.6600036621094,,287.9599914550781,,285.1700134277344,,285.8599853515625,,0.0
2008-08-07,,286.8900146484375,,289.989990234375,,285.70001220703125,,286.8500061035156,,0.0
2008-08-08,,289.2799987792969,,289.739990234375,,284.7799987792969,,286.3500061035156,,0.0
2008-08-11,,293.05999755859375,,293.1099853515625,,289.69000244140625,,290.17999267578125,,0.0
2008-08-12,,291.8399963378906,,293.7099914550781,,290.4200134277344,,292.5299987792969,,0.0
2008-08-13,,284.44000244140625,,290.7900085449219,,284.260009765625,,290.7900085449219,,0.0
2008-08-14,,285.9100036621094,,287.5899963378906,,283.3399963378906,,285.3399963378906,,0.0
2008-08-15,,287.25,,288.8699951171875,,285.5199890136719,,286.5899963378906,,0.0
2008-08-18,,286.95001220703125,,289.3599853515625,,284.7200012207031,,286.7699890136719,,0.0
2008-08-19,,279.7099914550781,,285.5400085449219,,279.5299987792969,,285.5400085449219,,0.0
2008-08-20,,280.760009765625,,281.5299987792969,,278.489990234375,,280.0400085449219,,0.0
2008-08-21,,278.44000244140625,,280.55999755859375,,276.9200134277344,,279.8699951171875,,0.0
2008-08-22,,283.82000732421875,,283.82000732421875,,278.32000732421875,,278.7300109863281,,0.0
2008-08-25,,282.1499938964844,,284.0,,282.0899963378906,,283.2699890136719,,0.0
2008-08-26,,282.739990234375,,283.5799865722656,,278.3500061035156,,281.3599853515625,,0.0
2008-08-27,,283.25,,283.95001220703125,,279.92999267578125,,282.67999267578125,,0.0
2008-08-28,,287.2099914550781,,288.2799987792969,,281.30999755859375,,282.5799865722656,,0.0
2008-08-29,,288.17999267578125,,289.4200134277344,,286.6700134277344,,287.2900085449219,,0.0
2008-09-01,,287.17999267578125,,288.1400146484375,,284.7699890136719,,287.07000732421875,,0.0
2008-09-02,,290.0799865722656,,291.3999938964844,,285.69000244140625,,286.8800048828125,,0.0
2008-09-03,,285.5799865722656,,288.6400146484375,,285.42999267578125,,288.6400146484375,,0.0
2008-09-04,,278.17999267578125,,286.57000732421875,,278.17999267578125,,285.5899963378906,,0.0
2008-09-05,,272.239990234375,,277.25,,271.5199890136719,,277.25,,0.0
2008-09-08,,281.29998779296875,,283.1700134277344,,274.3800048828125,,274.3800048828125,,0.0
2008-09-09,,279.6000061035156,,284.3599853515625,,278.260009765625,,281.3800048828125,,0.0
2008-09-10,,277.3500061035156,,279.4700012207031,,275.3399963378906,,278.9700012207031,,0.0
2008-09-12,,280.4100036621094,,280.4100036621094,,276.05999755859375,,277.0,,0.0
2008-09-15,,270.67999267578125,,278.7300109863281,,266.07000732421875,,278.7300109863281,,0.0
2008-09-16,,263.5400085449219,,268.6499938964844,,259.45001220703125,,268.6499938964844,,0.0
2008-09-17,,258.0400085449219,,268.44000244140625,,257.989990234375,,264.69000244140625,,0.0
2008-09-18,,256.7699890136719,,262.3699951171875,,255.63999938964844,,258.1199951171875,,0.0
2008-09-19,,278.17999267578125,,278.6199951171875,,258.3999938964844,,258.3999938964844,,0.0
2008-09-22,,272.3500061035156,,278.4100036621094,,272.3500061035156,,277.5400085449219,,0.0
2008-09-23,,267.30999755859375,,271.5400085449219,,265.3500061035156,,271.5400085449219,,0.0
2008-09-24,,265.6600036621094,,269.29998779296875,,265.1199951171875,,268.19000244140625,,0.0
2008-09-25,,271.010009765625,,271.32000732421875,,265.3800048828125,,265.5,,0.0
2008-09-26,,265.9200134277344,,269.3299865722656,,263.4100036621094,,269.3299865722656,,0.0
2008-09-29,,251.42999267578125,,265.7699890136719,,251.42999267578125,,265.7699890136719,,0.0
2008-09-30,,256.04998779296875,,256.6400146484375,,244.72999572753906,,250.6699981689453,,0.0
2008-10-01,,257.75,,258.82000732421875,,254.97999572753906,,256.9800109863281,,0.0
2008-10-02,,254.24000549316406,,263.9200134277344,,253.89999389648438,,258.0799865722656,,0.0
2008-10-03,,261.42999267578125,,262.3900146484375,,252.19000244140625,,254.58999633789062,,0.0
2008-10-06,,241.5,,260.6600036621094,,239.4199981689453,,260.6600036621094,,0.0
2008-10-07,,240.72000122070312,,247.6999969482422,,237.52999877929688,,243.27999877929688,,0.0
2008-10-08,,226.30999755859375,,240.75999450683594,,222.00999450683594,,239.4499969482422,,0.0
2008-10-09,,221.77999877929688,,232.3699951171875,,219.9600067138672,,227.02000427246094,,0.0
2008-10-10,,205.1300048828125,,220.2899932861328,,200.36000061035156,,220.2899932861328,,0.0
2008-10-13,,225.3699951171875,,225.5500030517578,,205.4600067138672,,205.4600067138672,,0.0
2008-10-14,,232.22000122070312,,239.63999938964844,,226.13999938964844,,226.13999938964844,,0.0
2008-10-15,,217.1699981689453,,231.72999572753906,,215.6699981689453,,231.72999572753906,,0.0
2008-10-16,,206.39999389648438,,216.07000732421875,,203.17999267578125,,215.91000366210938,,0.0
2008-10-17,,214.27000427246094,,216.05999755859375,,206.10000610351562,,208.8699951171875,,0.0
2008-10-20,,222.00999450683594,,222.00999450683594,,215.8699951171875,,215.8699951171875,,0.0
2008-10-21,,220.89999389648438,,225.8000030517578,,219.7100067138672,,223.1699981689453,,0.0
2008-10-22,,209.57000732421875,,219.1999969482422,,209.16000366210938,,219.1999969482422,,0.0
2008-10-23,,208.72000122070312,,212.0500030517578,,202.75999450683594,,210.3300018310547,,0.0
2008-10-24,,198.82000732421875,,206.4499969482422,,188.7100067138672,,206.4499969482422,,0.0
2008-10-28,,199.44000244140625,,203.35000610351562,,195.42999267578125,,196.0800018310547,,0.0
2008-10-29,,213.72000122070312,,213.72000122070312,,201.38999938964844,,201.38999938964844,,0.0
2008-10-30,,216.24000549316406,,220.35000610351562,,212.5800018310547,,214.11000061035156,,0.0
2008-10-31,,222.07000732421875,,222.07000732421875,,213.47999572753906,,216.55999755859375,,0.0
2008-11-03,,223.3800048828125,,224.1999969482422,,220.2899932861328,,222.4199981689453,,0.0
2008-11-04,,233.5,,233.5,,223.00999450683594,,223.57000732421875,,0.0
2008-11-05,,228.1300048828125,,232.80999755859375,,226.1699981689453,,232.80999755859375,,0.0
2008-11-06,,215.4600067138672,,225.75,,214.97000122070312,,225.72999572753906,,0.0
2008-11-07,,219.60000610351562,,221.3699951171875,,213.75,,214.89999389648438,,0.0
2008-11-10,,220.9600067138672,,226.4199981689453,,220.3300018310547,,220.91000366210938,,0.0
2008-11-11,,212.1699981689453,,219.47000122070312,,211.77999877929688,,219.47000122070312,,0.0
2008-11-12,,205.22000122070312,,215.75,,203.6300048828125,,213.1999969482422,,0.0
2008-11-13,,204.0800018310547,,206.72000122070312,,201.00999450683594,,204.02999877929688,,0.0
2008-11-14,,205.61000061035156,,210.3300018310547,,203.24000549316406,,203.24000549316406,,0.0
2008-11-17,,200.36000061035156,,206.3000030517578,,199.17999267578125,,205.33999633789062,,0.0
2008-11-18,,201.91000366210938,,202.32000732421875,,195.91000366210938,,200.9199981689453,,0.0
2008-11-19,,193.77000427246094,,201.83999633789062,,193.77000427246094,,201.6699981689453,,0.0
2008-11-20,,186.75,,192.7100067138672,,183.05999755859375,,192.7100067138672,,0.0
2008-11-21,,182.1300048828125,,190.3300018310547,,179.72000122070312,,187.0800018310547,,0.0
2008-11-24,,197.50999450683594,,197.50999450683594,,183.22999572753906,,183.22999572753906,,0.0
2008-11-25,,198.77000427246094,,202.42999267578125,,194.0,,197.02999877929688,,0.0
2008-11-26,,198.85000610351562,,199.5399932861328,,193.32000732421875,,197.99000549316406,,0.0
2008-11-27,,203.6199951171875,,203.6199951171875,,199.64999389648438,,199.64999389648438,,0.0
2008-11-28,,206.25,,206.25,,200.99000549316406,,203.38999938964844,,0.0
2008-12-01,,193.91000366210938,,205.97000122070312,,193.1999969482422,,205.97000122070312,,0.0
2008-12-02,,197.1999969482422,,197.6699981689453,,189.47999572753906,,192.89999389648438,,0.0
2008-12-03,,198.2899932861328,,199.00999450683594,,192.27999877929688,,197.00999450683594,,0.0
2008-12-04,,197.39999389648438,,202.32000732421875,,194.8699951171875,,197.7899932861328,,0.0
2008-12-05,,189.83999633789062,,196.32000732421875,,188.00999450683594,,196.32000732421875,,0.0
2008-12-08,,202.61000061035156,,202.88999938964844,,192.1699981689453,,192.1699981689453,,0.0
2008-12-09,,205.3300018310547,,207.1999969482422,,199.47000122070312,,201.74000549316406,,0.0
2008-12-10,,205.3699951171875,,206.2899932861328,,203.13999938964844,,204.9199981689453,,0.0
2008-12-11,,203.7899932861328,,205.35000610351562,,201.72000122070312,,204.8699951171875,,0.0
2008-12-12,,198.22000122070312,,201.77999877929688,,194.00999450683594,,201.77999877929688,,0.0
2008-12-15,,197.50999450683594,,201.35000610351562,,196.22000122070312,,199.08999633789062,,0.0
2008-12-16,,199.00999450683594,,199.39999389648438,,196.3300018310547,,197.14999389648438,,0.0
2008-12-17,,197.50999450683594,,200.7899932861328,,195.5500030517578,,199.64999389648438,,0.0
2008-12-18,,197.30999755859375,,198.60000610351562,,195.60000610351562,,197.2899932861328,,0.0
2008-12-19,,196.42999267578125,,198.1199951171875,,193.25,,196.07000732421875,,0.0
2008-12-22,,193.32000732421875,,195.7100067138672,,192.49000549316406,,195.6300048828125,,0.0
2008-12-23,,193.0500030517578,,195.82000732421875,,193.0500030517578,,193.22000122070312,,0.0
2008-12-24,,193.0500030517578,,193.0500030517578,,193.0500030517578,,193.0500030517578,,0.0
2008-12-29,,193.4600067138672,,194.35000610351562,,192.10000610351562,,192.10000610351562,,0.0
2008-12-30,,196.89999389648438,,196.89999389648438,,194.6699981689453,,194.6699981689453,,0.0
2008-12-31,,196.89999389648438,,196.89999389648438,,196.89999389648438,,196.89999389648438,,0.0
2009-01-05,,208.69000244140625,,208.77999877929688,,205.2899932861328,,205.2899932861328,,0.0
2009-01-06,,212.8699951171875,,214.2100067138672,,209.4499969482422,,209.9600067138672,,0.0
2009-01-07,,210.30999755859375,,212.61000061035156,,209.02000427246094,,212.61000061035156,,0.0
2009-01-08,,208.77000427246094,,209.47999572753906,,206.00999450683594,,208.77000427246094,,0.0
2009-01-09,,207.82000732421875,,211.05999755859375,,206.2899932861328,,209.63999938964844,,0.0
2009-01-12,,204.52999877929688,,207.75999450683594,,204.33999633789062,,207.61000061035156,,0.0
2009-01-13,,201.66000366210938,,203.91000366210938,,198.69000244140625,,203.91000366210938,,0.0
2009-01-14,,192.8699951171875,,202.4499969482422,,190.97999572753906,,201.8699951171875,,0.0
2009-01-15,,191.1699981689453,,194.27999877929688,,189.41000366210938,,193.25999450683594,,0.0
2009-01-16,,192.9600067138672,,197.4600067138672,,192.5399932861328,,192.5399932861328,,0.0
2009-01-19,,189.72000122070312,,196.17999267578125,,187.1699981689453,,193.4600067138672,,0.0
2009-01-20,,185.6999969482422,,190.85000610351562,,184.82000732421875,,188.91000366210938,,0.0
2009-01-21,,184.52000427246094,,186.91000366210938,,181.19000244140625,,184.57000732421875,,0.0
2009-01-22,,182.85000610351562,,188.55999755859375,,182.41000366210938,,186.16000366210938,,0.0
2009-01-23,,182.49000549316406,,183.52000427246094,,178.0399932861328,,182.9199981689453,,0.0
2009-01-26,,188.05999755859375,,188.7100067138672,,181.19000244140625,,181.69000244140625,,0.0
2009-01-27,,188.30999755859375,,188.94000244140625,,185.6199951171875,,188.6699981689453,,0.0
2009-01-28,,194.32000732421875,,195.0,,189.02000427246094,,189.02000427246094,,0.0
2009-01-29,,190.7899932861328,,193.5800018310547,,189.0500030517578,,193.5800018310547,,0.0
2009-01-30,,191.22999572753906,,192.9600067138672,,189.35000610351562,,191.05999755859375,,0.0
2009-02-02,,186.32000732421875,,190.07000732421875,,184.60000610351562,,190.07000732421875,,0.0
2009-02-03,,189.77999877929688,,190.07000732421875,,184.72999572753906,,187.05999755859375,,0.0
2009-02-04,,194.6699981689453,,195.7100067138672,,189.5800018310547,,190.1999969482422,,0.0
2009-02-05,,194.5,,194.5399932861328,,190.27999877929688,,192.52999877929688,,0.0
2009-02-06,,198.52999877929688,,199.3300018310547,,195.0800018310547,,195.85000610351562,,0.0
2009-02-09,,199.35000610351562,,200.05999755859375,,196.77000427246094,,198.0,,0.0
2009-02-10,,193.82000732421875,,199.05999755859375,,193.82000732421875,,198.97999572753906,,0.0
2009-02-11,,193.1300048828125,,193.52999877929688,,191.1300048828125,,192.7899932861328,,0.0
2009-02-12,,190.63999938964844,,192.38999938964844,,188.52999877929688,,192.38999938964844,,0.0
2009-02-13,,191.27000427246094,,194.9499969482422,,190.6300048828125,,191.77999877929688,,0.0
2009-02-17,,183.97999572753906,,188.13999938964844,,182.89999389648438,,188.13999938964844,,0.0
2009-02-18,,183.35000610351562,,184.97000122070312,,180.5399932861328,,184.42999267578125,,0.0
2009-02-19,,183.38999938964844,,185.33999633789062,,182.80999755859375,,184.08999633789062,,0.0
2009-02-20,,176.92999267578125,,182.5500030517578,,176.92999267578125,,182.5500030517578,,0.0
2009-02-23,,175.2899932861328,,179.75,,174.86000061035156,,177.27000427246094,,0.0
2009-02-24,,172.86000061035156,,174.55999755859375,,171.16000366210938,,174.55999755859375,,0.0
2009-02-25,,172.30999755859375,,176.10000610351562,,170.67999267578125,,173.9600067138672,,0.0
2009-02-26,,176.13999938964844,,177.3699951171875,,172.82000732421875,,172.82000732421875,,0.0
2009-02-27,,172.9199981689453,,175.1699981689453,,169.72000122070312,,175.1699981689453,,0.0
2009-03-02,,164.3000030517578,,172.7100067138672,,164.3000030517578,,172.7100067138672,,0.0
2009-03-03,,161.33999633789062,,166.1999969482422,,161.19000244140625,,164.6199951171875,,0.0
2009-03-04,,167.6199951171875,,167.6199951171875,,162.52999877929688,,162.52999877929688,,0.0
2009-03-05,,161.58999633789062,,167.3000030517578,,161.58999633789062,,167.3000030517578,,0.0
2009-03-06,,159.52000427246094,,162.77000427246094,,158.99000549316406,,161.60000610351562,,0.0
2009-03-09,,157.97000122070312,,159.67999267578125,,155.3800048828125,,159.52999877929688,,0.0
2009-03-10,,165.99000549316406,,166.32000732421875,,157.2899932861328,,157.92999267578125,,0.0
2009-03-11,,166.24000549316406,,168.99000549316406,,163.64999389648438,,166.02999877929688,,0.0
2009-03-12,,167.36000061035156,,167.72000122070312,,162.41000366210938,,165.91000366210938,,0.0
2009-03-13,,168.57000732421875,,171.97000122070312,,167.7899932861328,,167.8000030517578,,0.0
2009-03-16,,173.19000244140625,,173.19000244140625,,169.58999633789062,,169.58999633789062,,0.0
2009-03-17,,172.0500030517578,,172.99000549316406,,169.72999572753906,,172.52000427246094,,0.0
2009-03-18,,170.75999450683594,,174.19000244140625,,168.83999633789062,,172.22999572753906,,0.0
2009-03-19,,171.8699951171875,,175.42999267578125,,170.75999450683594,,170.82000732421875,,0.0
2009-03-20,,172.5800018310547,,172.9600067138672,,169.57000732421875,,171.38999938964844,,0.0
2009-03-23,,177.72999572753906,,177.9499969482422,,173.17999267578125,,173.17999267578125,,0.0
2009-03-24,,178.2100067138672,,180.47999572753906,,176.61000061035156,,178.6699981689453,,0.0
2009-03-25,,178.82000732421875,,179.9600067138672,,176.11000061035156,,177.8300018310547,,0.0
2009-03-26,,179.1199951171875,,179.67999267578125,,177.16000366210938,,178.8000030517578,,0.0
2009-03-27,,177.1699981689453,,179.52000427246094,,176.4499969482422,,178.8300018310547,,0.0
2009-03-30,,170.4499969482422,,176.3000030517578,,170.4499969482422,,176.3000030517578,,0.0
2009-03-31,,176.4600067138672,,176.4600067138672,,171.2100067138672,,171.2100067138672,,0.0
2009-04-01,,179.25999450683594,,179.47000122070312,,173.42999267578125,,176.52000427246094,,0.0
2009-04-02,,188.11000061035156,,188.33999633789062,,180.4600067138672,,180.4600067138672,,0.0
2009-04-03,,186.1699981689453,,189.3800048828125,,185.41000366210938,,187.75,,0.0
2009-04-06,,185.00999450683594,,189.6199951171875,,183.55999755859375,,186.77000427246094,,0.0
2009-04-07,,183.4600067138672,,186.2899932861328,,182.0800018310547,,185.08999633789062,,0.0
2009-04-08,,184.02000427246094,,184.75,,180.3699951171875,,182.69000244140625,,0.0
2009-04-09,,188.05999755859375,,188.22999572753906,,183.72999572753906,,184.61000061035156,,0.0
2009-04-14,,190.99000549316406,,192.42999267578125,,188.5399932861328,,188.72999572753906,,0.0
2009-04-15,,190.52000427246094,,191.72000122070312,,188.63999938964844,,190.39999389648438,,0.0
2009-04-16,,193.82000732421875,,194.17999267578125,,190.30999755859375,,190.8300018310547,,0.0
2009-04-17,,196.9600067138672,,197.3000030517578,,193.75,,194.11000061035156,,0.0
2009-04-20,,189.92999267578125,,196.94000244140625,,189.1999969482422,,196.55999755859375,,0.0
2009-04-21,,190.1999969482422,,191.47000122070312,,185.69000244140625,,189.63999938964844,,0.0
2009-04-22,,192.3800048828125,,192.3800048828125,,187.7100067138672,,190.50999450683594,,0.0
2009-04-23,,191.49000549316406,,193.6999969482422,,190.47999572753906,,191.5800018310547,,0.0
2009-04-24,,195.82000732421875,,195.82000732421875,,191.5500030517578,,191.5500030517578,,0.0
2009-04-27,,196.52999877929688,,196.82000732421875,,192.22000122070312,,194.99000549316406,,0.0
2009-04-28,,193.57000732421875,,195.7899932861328,,191.35000610351562,,195.7899932861328,,0.0
2009-04-29,,197.27999877929688,,197.58999633789062,,193.52999877929688,,193.75,,0.0
2009-04-30,,200.22999572753906,,202.0800018310547,,197.6300048828125,,197.6300048828125,,0.0
2009-05-04,,203.77000427246094,,203.8800048828125,,200.74000549316406,,200.74000549316406,,0.0
2009-05-05,,205.07000732421875,,206.82000732421875,,204.22000122070312,,204.22000122070312,,0.0
2009-05-06,,208.02000427246094,,209.47999572753906,,204.47999572753906,,204.85000610351562,,0.0
2009-05-07,,206.2899932861328,,212.86000061035156,,205.66000366210938,,208.85000610351562,,0.0
2009-05-08,,209.50999450683594,,210.57000732421875,,207.02000427246094,,207.02000427246094,,0.0
2009-05-11,,206.58999633789062,,209.64999389648438,,205.19000244140625,,209.47999572753906,,0.0
2009-05-12,,206.17999267578125,,208.33999633789062,,204.8699951171875,,206.0800018310547,,0.0
2009-05-13,,200.72000122070312,,207.08999633789062,,200.50999450683594,,206.2899932861328,,0.0
2009-05-14,,201.6999969482422,,202.02999877929688,,198.47000122070312,,200.4600067138672,,0.0
2009-05-15,,202.9199981689453,,204.00999450683594,,200.97000122070312,,202.72999572753906,,0.0
2009-05-18,,207.8300018310547,,207.8300018310547,,200.0,,201.92999267578125,,0.0
2009-05-19,,210.77999877929688,,211.9499969482422,,208.6999969482422,,208.6999969482422,,0.0
2009-05-20,,211.75,,212.5800018310547,,209.82000732421875,,210.36000061035156,,0.0
2009-05-22,,207.00999450683594,,208.75999450683594,,205.63999938964844,,207.38999938964844,,0.0
2009-05-25,,207.36000061035156,,207.8300018310547,,205.05999755859375,,207.27999877929688,,0.0
2009-05-26,,208.9600067138672,,209.24000549316406,,203.61000061035156,,206.9199981689453,,0.0
2009-05-27,,210.41000366210938,,210.92999267578125,,208.99000549316406,,209.8300018310547,,0.0
2009-05-28,,207.92999267578125,,209.30999755859375,,206.2100067138672,,208.72999572753906,,0.0
2009-05-29,,208.2100067138672,,210.75999450683594,,208.16000366210938,,209.24000549316406,,0.0
2009-06-02,,214.24000549316406,,214.94000244140625,,212.66000366210938,,213.6199951171875,,0.0
2009-06-03,,209.94000244140625,,214.6999969482422,,209.25999450683594,,214.6999969482422,,0.0
2009-06-04,,209.47000122070312,,211.69000244140625,,208.6300048828125,,209.74000549316406,,0.0
2009-06-05,,210.75999450683594,,213.10000610351562,,209.38999938964844,,209.38999938964844,,0.0
2009-06-08,,209.2899932861328,,210.22999572753906,,207.30999755859375,,210.22999572753906,,0.0
2009-06-09,,210.2899932861328,,211.6999969482422,,209.3300018310547,,210.39999389648438,,0.0
2009-06-10,,212.77000427246094,,215.0500030517578,,211.8000030517578,,211.8000030517578,,0.0
2009-06-11,,214.8000030517578,,215.19000244140625,,212.25,,212.49000549316406,,0.0
2009-06-12,,214.35000610351562,,215.3699951171875,,213.36000061035156,,214.75,,0.0
2009-06-15,,209.02000427246094,,213.6699981689453,,208.8300018310547,,213.6699981689453,,0.0
2009-06-16,,208.8000030517578,,210.77999877929688,,208.02999877929688,,209.19000244140625,,0.0
2009-06-17,,204.6300048828125,,208.3699951171875,,203.42999267578125,,208.33999633789062,,0.0
2009-06-18,,205.63999938964844,,206.1699981689453,,202.9199981689453,,204.94000244140625,,0.0
2009-06-19,,208.27999877929688,,209.16000366210938,,205.8000030517578,,206.11000061035156,,0.0
2009-06-22,,202.47999572753906,,208.57000732421875,,202.47999572753906,,208.55999755859375,,0.0
2009-06-23,,201.49000549316406,,203.32000732421875,,200.83999633789062,,201.5800018310547,,0.0
2009-06-24,,206.3300018310547,,206.72999572753906,,201.61000061035156,,202.24000549316406,,0.0
2009-06-25,,204.66000366210938,,206.32000732421875,,201.91000366210938,,206.05999755859375,,0.0
2009-06-26,,204.47000122070312,,207.22000122070312,,203.52000427246094,,205.3000030517578,,0.0
2009-06-29,,208.02999877929688,,208.3300018310547,,204.25,,204.2899932861328,,0.0
2009-06-30,,205.8300018310547,,209.1699981689453,,204.97999572753906,,208.88999938964844,,0.0
2009-07-01,,209.4600067138672,,210.0800018310547,,206.00999450683594,,206.00999450683594,,0.0
2009-07-02,,204.1199951171875,,208.99000549316406,,204.1199951171875,,208.99000549316406,,0.0
2009-07-03,,204.0800018310547,,204.97000122070312,,202.91000366210938,,204.5800018310547,,0.0
2009-07-06,,201.6999969482422,,202.8699951171875,,200.1199951171875,,202.8699951171875,,0.0
2009-07-07,,200.1999969482422,,203.52999877929688,,200.1999969482422,,202.16000366210938,,0.0
2009-07-08,,198.02999877929688,,200.10000610351562,,197.58999633789062,,200.02000427246094,,0.0
2009-07-09,,199.41000366210938,,200.6699981689453,,198.64999389648438,,198.64999389648438,,0.0
2009-07-10,,197.25,,199.55999755859375,,197.1300048828125,,199.16000366210938,,0.0
2009-07-13,,200.8000030517578,,200.82000732421875,,195.24000549316406,,196.52000427246094,,0.0
2009-07-14,,203.5,,204.2100067138672,,201.52000427246094,,201.72000122070312,,0.0
2009-07-15,,209.0800018310547,,209.0800018310547,,204.1699981689453,,204.1699981689453,,0.0
2009-07-16,,209.86000061035156,,211.00999450683594,,208.19000244140625,,208.92999267578125,,0.0
2009-07-17,,210.6699981689453,,211.49000549316406,,209.57000732421875,,210.25999450683594,,0.0
2009-07-20,,213.22000122070312,,214.1699981689453,,211.77000427246094,,211.77000427246094,,0.0
2009-07-21,,215.02000427246094,,216.25999450683594,,213.22999572753906,,213.50999450683594,,0.0
2009-07-22,,215.64999389648438,,215.6699981689453,,213.07000732421875,,214.9199981689453,,0.0
2009-07-23,,219.7899932861328,,220.0500030517578,,215.27000427246094,,216.0500030517578,,0.0
2009-07-24,,219.6699981689453,,221.5399932861328,,218.67999267578125,,219.72000122070312,,0.0
2009-07-27,,220.58999633789062,,221.55999755859375,,219.1199951171875,,220.41000366210938,,0.0
2009-07-28,,218.5399932861328,,222.16000366210938,,218.1300048828125,,220.6199951171875,,0.0
2009-07-29,,220.3699951171875,,221.47999572753906,,217.85000610351562,,218.1999969482422,,0.0
2009-07-30,,225.25,,226.02000427246094,,221.1699981689453,,221.4199981689453,,0.0
2009-07-31,,224.91000366210938,,226.2100067138672,,223.83999633789062,,224.97999572753906,,0.0
2009-08-03,,228.4600067138672,,229.6300048828125,,225.02999877929688,,225.35000610351562,,0.0
2009-08-04,,227.7899932861328,,228.69000244140625,,226.0399932861328,,228.69000244140625,,0.0
2009-08-05,,226.8699951171875,,229.7899932861328,,226.1699981689453,,227.7899932861328,,0.0
2009-08-06,,227.88999938964844,,229.82000732421875,,226.9199981689453,,227.75,,0.0
2009-08-07,,230.67999267578125,,231.2100067138672,,225.0399932861328,,227.4600067138672,,0.0
2009-08-10,,229.55999755859375,,230.4499969482422,,228.63999938964844,,230.4499969482422,,0.0
2009-08-11,,226.35000610351562,,230.41000366210938,,225.8300018310547,,229.47000122070312,,0.0
2009-08-12,,228.64999389648438,,228.89999389648438,,224.5399932861328,,226.19000244140625,,0.0
2009-08-13,,230.47999572753906,,232.2899932861328,,228.72000122070312,,228.8699951171875,,0.0
2009-08-14,,228.77000427246094,,232.0500030517578,,227.8800048828125,,230.72999572753906,,0.0
2009-08-17,,224.22999572753906,,228.0,,223.0399932861328,,228.0,,0.0
2009-08-18,,227.22999572753906,,227.22999572753906,,225.10000610351562,,225.10000610351562,,0.0
2009-08-19,,226.4499969482422,,227.0500030517578,,223.88999938964844,,226.1699981689453,,0.0
2009-08-20,,229.64999389648438,,230.25,,226.64999389648438,,226.64999389648438,,0.0
2009-08-21,,234.85000610351562,,235.22000122070312,,228.89999389648438,,229.22999572753906,,0.0
2009-08-24,,236.83999633789062,,237.55999755859375,,235.25,,235.25,,0.0
2009-08-25,,237.83999633789062,,238.50999450683594,,235.16000366210938,,235.8699951171875,,0.0
2009-08-26,,236.4499969482422,,238.60000610351562,,235.60000610351562,,237.35000610351562,,0.0
2009-08-27,,235.24000549316406,,237.1999969482422,,234.25,,236.2100067138672,,0.0
2009-08-28,,237.50999450683594,,239.49000549316406,,236.19000244140625,,236.19000244140625,,0.0
2009-08-31,,235.6199951171875,,236.88999938964844,,235.5500030517578,,236.88999938964844,,0.0
2009-09-01,,231.66000366210938,,237.5500030517578,,231.66000366210938,,236.49000549316406,,0.0
2009-09-02,,230.58999633789062,,231.44000244140625,,228.52999877929688,,231.44000244140625,,0.0
2009-09-03,,230.67999267578125,,232.57000732421875,,230.05999755859375,,230.92999267578125,,0.0
2009-09-04,,233.85000610351562,,234.22000122070312,,230.5399932861328,,230.5399932861328,,0.0
2009-09-08,,237.88999938964844,,238.92999267578125,,236.91000366210938,,237.50999450683594,,0.0
2009-09-09,,240.08999633789062,,240.08999633789062,,236.63999938964844,,237.27000427246094,,0.0
2009-09-10,,240.47000122070312,,241.61000061035156,,238.4499969482422,,240.7100067138672,,0.0
2009-09-11,,241.74000549316406,,242.69000244140625,,240.9199981689453,,240.9199981689453,,0.0
2009-09-14,,240.92999267578125,,241.0399932861328,,237.9600067138672,,240.4600067138672,,0.0
2009-09-15,,241.36000061035156,,242.2100067138672,,240.25,,241.3800048828125,,0.0
2009-09-16,,244.82000732421875,,245.22000122070312,,241.50999450683594,,241.50999450683594,,0.0
2009-09-17,,246.10000610351562,,246.74000549316406,,244.86000061035156,,245.4499969482422,,0.0
2009-09-18,,244.9199981689453,,246.25999450683594,,244.35000610351562,,244.8699951171875,,0.0
2009-09-21,,242.97000122070312,,244.6699981689453,,241.66000366210938,,244.6699981689453,,0.0
2009-09-22,,244.22000122070312,,245.69000244140625,,243.69000244140625,,243.69000244140625,,0.0
2009-09-23,,244.74000549316406,,245.94000244140625,,244.0399932861328,,244.27999877929688,,0.0
2009-09-24,,239.97999572753906,,244.63999938964844,,239.8300018310547,,244.27000427246094,,0.0
2009-09-25,,238.9499969482422,,240.6300048828125,,238.67999267578125,,239.75999450683594,,0.0
2009-09-28,,243.1999969482422,,243.1999969482422,,236.8000030517578,,238.6699981689453,,0.0
2009-09-29,,243.58999633789062,,245.00999450683594,,242.19000244140625,,243.50999450683594,,0.0
2009-09-30,,242.47000122070312,,245.42999267578125,,240.49000549316406,,244.0800018310547,,0.0
2009-10-01,,238.6199951171875,,244.22000122070312,,238.6199951171875,,242.74000549316406,,0.0
2009-10-02,,234.10000610351562,,237.5800018310547,,232.92999267578125,,237.5800018310547,,0.0
2009-10-05,,236.08999633789062,,236.30999755859375,,233.6199951171875,,234.55999755859375,,0.0
2009-10-06,,241.1699981689453,,241.39999389648438,,236.35000610351562,,236.35000610351562,,0.0
2009-10-07,,240.3000030517578,,242.11000061035156,,239.8699951171875,,240.9199981689453,,0.0
2009-10-08,,243.44000244140625,,243.67999267578125,,241.72000122070312,,241.72000122070312,,0.0
2009-10-09,,242.72999572753906,,244.2100067138672,,241.6999969482422,,242.85000610351562,,0.0
2009-10-12,,244.33999633789062,,245.66000366210938,,242.89999389648438,,242.89999389648438,,0.0
2009-10-13,,241.94000244140625,,244.69000244140625,,241.47999572753906,,244.22999572753906,,0.0
2009-10-14,,246.97999572753906,,247.3800048828125,,243.69000244140625,,243.69000244140625,,0.0
2009-10-15,,247.27999877929688,,248.97000122070312,,246.69000244140625,,247.85000610351562,,0.0
2009-10-16,,245.5800018310547,,249.47000122070312,,244.97000122070312,,247.85000610351562,,0.0
2009-10-19,,249.33999633789062,,249.3699951171875,,245.7100067138672,,245.7100067138672,,0.0
2009-10-20,,248.25,,250.4600067138672,,247.60000610351562,,249.61000061035156,,0.0
2009-10-21,,249.19000244140625,,249.86000061035156,,245.52999877929688,,248.50999450683594,,0.0
2009-10-22,,246.22999572753906,,247.35000610351562,,244.47999572753906,,247.35000610351562,,0.0
2009-10-23,,244.88999938964844,,249.57000732421875,,244.82000732421875,,246.55999755859375,,0.0
2009-10-26,,241.83999633789062,,246.36000061035156,,241.13999938964844,,245.0,,0.0
2009-10-27,,242.27000427246094,,243.8300018310547,,241.22999572753906,,242.1699981689453,,0.0
2009-10-28,,237.33999633789062,,241.99000549316406,,237.33999633789062,,241.99000549316406,,0.0
2009-10-29,,241.72999572753906,,241.89999389648438,,236.0,,237.25,,0.0
2009-10-30,,236.92999267578125,,243.24000549316406,,236.50999450683594,,241.99000549316406,,0.0
2009-11-02,,237.63999938964844,,238.66000366210938,,234.91000366210938,,236.27000427246094,,0.0
2009-11-03,,234.89999389648438,,236.36000061035156,,232.5399932861328,,236.36000061035156,,0.0
2009-11-04,,239.1300048828125,,239.5500030517578,,235.77000427246094,,235.77000427246094,,0.0
2009-11-05,,240.52000427246094,,241.75999450683594,,235.47999572753906,,237.77000427246094,,0.0
2009-11-06,,241.05999755859375,,241.8300018310547,,238.02000427246094,,240.64999389648438,,0.0
2009-11-09,,245.74000549316406,,245.8800048828125,,242.4600067138672,,242.4600067138672,,0.0
2009-11-10,,245.30999755859375,,246.41000366210938,,244.72999572753906,,245.5500030517578,,0.0
2009-11-11,,246.1999969482422,,248.22000122070312,,245.77999877929688,,246.0399932861328,,0.0
2009-11-12,,246.61000061035156,,247.99000549316406,,245.0500030517578,,245.82000732421875,,0.0
2009-11-13,,247.8000030517578,,247.8800048828125,,245.67999267578125,,246.92999267578125,,0.0
2009-11-16,,251.33999633789062,,251.67999267578125,,248.52999877929688,,248.52999877929688,,0.0
2009-11-17,,250.36000061035156,,251.6699981689453,,249.97000122070312,,251.1300048828125,,0.0
2009-11-18,,249.64999389648438,,251.88999938964844,,249.41000366210938,,250.49000549316406,,0.0
2009-11-19,,245.52000427246094,,249.63999938964844,,245.07000732421875,,249.61000061035156,,0.0
2009-11-20,,243.6199951171875,,246.88999938964844,,242.64999389648438,,245.7100067138672,,0.0
2009-11-23,,248.49000549316406,,249.27000427246094,,244.36000061035156,,244.36000061035156,,0.0
2009-11-24,,246.8800048828125,,248.88999938964844,,246.35000610351562,,247.52999877929688,,0.0
2009-11-25,,247.9600067138672,,249.30999755859375,,246.63999938964844,,248.10000610351562,,0.0
2009-11-26,,239.85000610351562,,246.77999877929688,,239.58999633789062,,246.77999877929688,,0.0
2009-11-27,,242.60000610351562,,243.67999267578125,,235.91000366210938,,237.92999267578125,,0.0
2009-11-30,,239.1699981689453,,243.25999450683594,,239.1699981689453,,242.72999572753906,,0.0
2009-12-01,,245.5800018310547,,245.5800018310547,,240.4199981689453,,240.4199981689453,,0.0
2009-12-02,,246.77000427246094,,247.67999267578125,,245.0500030517578,,245.5,,0.0
2009-12-03,,246.3300018310547,,249.08999633789062,,246.0399932861328,,246.75,,0.0
2009-12-04,,249.02999877929688,,250.6300048828125,,244.77000427246094,,246.02999877929688,,0.0
2009-12-07,,247.8800048828125,,248.5800018310547,,245.8800048828125,,248.0800018310547,,0.0
2009-12-08,,244.00999450683594,,248.25999450683594,,242.85000610351562,,247.22999572753906,,0.0
2009-12-09,,241.4199981689453,,244.63999938964844,,240.55999755859375,,243.3699951171875,,0.0
2009-12-10,,243.88999938964844,,244.49000549316406,,241.3800048828125,,241.52999877929688,,0.0
2009-12-11,,245.1300048828125,,246.64999389648438,,244.27000427246094,,244.27000427246094,,0.0
2009-12-14,,247.0399932861328,,247.60000610351562,,246.1699981689453,,246.24000549316406,,0.0
2009-12-15,,247.1699981689453,,247.97999572753906,,245.0800018310547,,247.5399932861328,,0.0
2009-12-16,,250.3300018310547,,250.3300018310547,,247.39999389648438,,247.39999389648438,,0.0
2009-12-17,,247.17999267578125,,249.97999572753906,,246.92999267578125,,249.49000549316406,,0.0
2009-12-18,,246.19000244140625,,249.69000244140625,,246.19000244140625,,247.3300018310547,,0.0
2009-12-21,,249.57000732421875,,250.0399932861328,,246.72999572753906,,246.75999450683594,,0.0
2009-12-22,,251.14999389648438,,252.0800018310547,,249.77999877929688,,249.77999877929688,,0.0
2009-12-23,,251.89999389648438,,252.9499969482422,,251.0500030517578,,251.55999755859375,,0.0
2009-12-24,,251.89999389648438,,251.89999389648438,,251.89999389648438,,251.89999389648438,,0.0
2009-12-28,,253.1699981689453,,253.22000122070312,,252.44000244140625,,252.44000244140625,,0.0
2009-12-29,,254.08999633789062,,254.60000610351562,,253.52000427246094,,253.52000427246094,,0.0
2009-12-30,,253.16000366210938,,254.19000244140625,,252.0800018310547,,253.8800048828125,,0.0
2009-12-31,,253.16000366210938,,253.16000366210938,,253.16000366210938,,253.16000366210938,,0.0
2010-01-04,,257.6499938964844,,257.6499938964844,,254.24000549316406,,254.24000549316406,,0.0
2010-01-05,,257.5899963378906,,258.2099914550781,,256.42999267578125,,257.3999938964844,,0.0
2010-01-06,,257.9599914550781,,258.6099853515625,,256.9700012207031,,258.0799865722656,,0.0
2010-01-07,,258.0400085449219,,258.7900085449219,,255.86000061035156,,257.32000732421875,,0.0
2010-01-08,,259.1499938964844,,259.8299865722656,,257.5,,258.57000732421875,,0.0
2010-01-11,,258.80999755859375,,261.3900146484375,,258.6600036621094,,259.70001220703125,,0.0
2010-01-12,,256.3800048828125,,259.19000244140625,,255.38999938964844,,258.75,,0.0
2010-01-13,,256.9599914550781,,257.44000244140625,,255.8000030517578,,256.2699890136719,,0.0
2010-01-14,,258.8399963378906,,259.2799987792969,,257.4100036621094,,257.7900085449219,,0.0
2010-01-15,,256.44000244140625,,260.7699890136719,,256.1199951171875,,259.5400085449219,,0.0
2010-01-18,,258.2099914550781,,258.3800048828125,,256.7099914550781,,257.17999267578125,,0.0
2010-01-19,,260.260009765625,,260.760009765625,,255.8300018310547,,258.25,,0.0
2010-01-20,,256.29998779296875,,260.5199890136719,,255.67999267578125,,259.92999267578125,,0.0
2010-01-21,,252.75999450683594,,257.92999267578125,,252.69000244140625,,256.25,,0.0
2010-01-22,,249.91000366210938,,252.5800018310547,,247.8699951171875,,252.02000427246094,,0.0
2010-01-25,,248.2899932861328,,250.86000061035156,,248.08999633789062,,248.97999572753906,,0.0
2010-01-26,,249.41000366210938,,249.41000366210938,,245.8699951171875,,247.74000549316406,,0.0
2010-01-27,,247.30999755859375,,249.22999572753906,,245.8000030517578,,248.33999633789062,,0.0
2010-01-28,,244.61000061035156,,250.75999450683594,,244.61000061035156,,249.0,,0.0
2010-01-29,,246.9600067138672,,248.47000122070312,,244.6300048828125,,245.47000122070312,,0.0
2010-02-01,,248.4199981689453,,248.66000366210938,,244.89999389648438,,245.8000030517578,,0.0
2010-02-02,,250.8000030517578,,251.07000732421875,,247.16000366210938,,248.39999389648438,,0.0
2010-02-03,,249.39999389648438,,251.8300018310547,,248.7899932861328,,251.1300048828125,,0.0
2010-02-04,,242.6999969482422,,250.16000366210938,,242.3000030517578,,249.5,,0.0
2010-02-05,,237.4600067138672,,241.88999938964844,,236.97999572753906,,241.88999938964844,,0.0
2010-02-08,,238.91000366210938,,239.7899932861328,,235.3800048828125,,237.3800048828125,,0.0
2010-02-09,,239.19000244140625,,240.5399932861328,,237.7100067138672,,238.5500030517578,,0.0
2010-02-10,,240.91000366210938,,243.02000427246094,,239.77999877929688,,240.0800018310547,,0.0
2010-02-11,,241.74000549316406,,243.36000061035156,,239.33999633789062,,241.4199981689453,,0.0
2010-02-12,,241.02000427246094,,244.63999938964844,,239.6999969482422,,243.10000610351562,,0.0
2010-02-15,,241.9199981689453,,243.22000122070312,,241.4499969482422,,241.75,,0.0
2010-02-16,,244.3800048828125,,244.44000244140625,,241.57000732421875,,243.02000427246094,,0.0
2010-02-17,,247.69000244140625,,248.63999938964844,,245.67999267578125,,245.67999267578125,,0.0
2010-02-18,,249.13999938964844,,249.22999572753906,,247.02999877929688,,247.66000366210938,,0.0
2010-02-19,,250.3000030517578,,250.42999267578125,,246.5500030517578,,247.3699951171875,,0.0
2010-02-22,,249.6699981689453,,250.89999389648438,,249.19000244140625,,250.3800048828125,,0.0
2010-02-23,,246.74000549316406,,251.24000549316406,,246.27000427246094,,250.27999877929688,,0.0
2010-02-24,,247.22000122070312,,247.80999755859375,,245.52000427246094,,247.05999755859375,,0.0
2010-02-25,,243.2899932861328,,248.00999450683594,,242.8300018310547,,246.7100067138672,,0.0
2010-02-26,,245.8000030517578,,245.9600067138672,,243.14999389648438,,244.27000427246094,,0.0
2010-03-01,,248.69000244140625,,248.75,,245.11000061035156,,246.60000610351562,,0.0
2010-03-02,,250.64999389648438,,250.7100067138672,,247.89999389648438,,248.33999633789062,,0.0
2010-03-03,,252.60000610351562,,252.8300018310547,,249.4600067138672,,250.39999389648438,,0.0
2010-03-04,,253.0,,253.92999267578125,,251.00999450683594,,251.80999755859375,,0.0
2010-03-05,,257.0899963378906,,257.2200012207031,,253.52000427246094,,253.52000427246094,,0.0
2010-03-08,,256.8699951171875,,257.9200134277344,,256.489990234375,,257.6499938964844,,0.0
2010-03-09,,256.7300109863281,,257.2900085449219,,254.83999633789062,,256.6199951171875,,0.0
2010-03-10,,258.239990234375,,258.4599914550781,,255.9199981689453,,256.44000244140625,,0.0
2010-03-11,,257.6000061035156,,258.7099914550781,,256.5899963378906,,257.70001220703125,,0.0
2010-03-12,,258.3999938964844,,259.6300048828125,,257.5299987792969,,257.5299987792969,,0.0
2010-03-15,,256.6499938964844,,258.3299865722656,,256.4800109863281,,258.2699890136719,,0.0
2010-03-16,,259.0299987792969,,259.6199951171875,,257.07000732421875,,257.07000732421875,,0.0
2010-03-17,,261.3399963378906,,261.8800048828125,,259.6600036621094,,259.6700134277344,,0.0
2010-03-18,,261.20001220703125,,262.1000061035156,,260.5299987792969,,261.07000732421875,,0.0
2010-03-19,,260.20001220703125,,262.8500061035156,,259.4599914550781,,260.9599914550781,,0.0
2010-03-22,,260.1199951171875,,260.1300048828125,,256.8999938964844,,259.45001220703125,,0.0
2010-03-23,,261.8500061035156,,262.32000732421875,,260.2699890136719,,260.29998779296875,,0.0
2010-03-24,,262.19000244140625,,263.2300109863281,,260.1499938964844,,262.5299987792969,,0.0
2010-03-25,,264.7900085449219,,264.989990234375,,262.32000732421875,,262.3900146484375,,0.0
2010-03-26,,263.5899963378906,,264.3599853515625,,263.0400085449219,,264.3599853515625,,0.0
2010-03-29,,263.8900146484375,,264.9100036621094,,262.80999755859375,,263.9100036621094,,0.0
2010-03-30,,263.8699951171875,,265.4800109863281,,263.5899963378906,,264.4800109863281,,0.0
2010-03-31,,263.57000732421875,,264.9200134277344,,262.0,,263.5199890136719,,0.0
2010-04-01,,267.6199951171875,,267.6600036621094,,264.6300048828125,,264.6300048828125,,0.0
2010-04-06,,269.3699951171875,,269.5899963378906,,267.6099853515625,,267.7200012207031,,0.0
2010-04-07,,268.6099853515625,,269.5799865722656,,268.1199951171875,,269.5799865722656,,0.0
2010-04-08,,266.2799987792969,,268.0299987792969,,264.9700012207031,,268.0299987792969,,0.0
2010-04-09,,269.739990234375,,269.75,,266.3800048828125,,266.3800048828125,,0.0
2010-04-12,,269.3599853515625,,270.3299865722656,,268.6099853515625,,269.5299987792969,,0.0
2010-04-13,,268.69000244140625,,269.6300048828125,,267.760009765625,,268.8800048828125,,0.0
2010-04-14,,270.44000244140625,,271.1000061035156,,269.010009765625,,269.010009765625,,0.0
2010-04-15,,272.1400146484375,,272.6199951171875,,269.82000732421875,,270.9700012207031,,0.0
2010-04-16,,267.9200134277344,,272.6000061035156,,267.2099914550781,,271.3299865722656,,0.0
2010-04-19,,266.1300048828125,,266.9700012207031,,264.5799865722656,,266.45001220703125,,0.0
2010-04-20,,269.760009765625,,270.1400146484375,,266.79998779296875,,266.79998779296875,,0.0
2010-04-21,,268.2300109863281,,269.29998779296875,,268.2300109863281,,269.29998779296875,,0.0
2010-04-22,,265.32000732421875,,269.8800048828125,,264.2300109863281,,268.4200134277344,,0.0
2010-04-23,,267.4200134277344,,268.3500061035156,,265.05999755859375,,265.55999755859375,,0.0
2010-04-26,,270.1000061035156,,271.29998779296875,,269.2200012207031,,269.2200012207031,,0.0
2010-04-27,,261.6499938964844,,269.3999938964844,,261.6499938964844,,269.3999938964844,,0.0
2010-04-28,,258.239990234375,,261.760009765625,,256.19000244140625,,261.760009765625,,0.0
2010-04-29,,261.739990234375,,262.45001220703125,,257.8299865722656,,258.1000061035156,,0.0
2010-04-30,,259.9100036621094,,263.6000061035156,,258.3999938964844,,262.0400085449219,,0.0
2010-05-03,,260.5199890136719,,260.94000244140625,,258.29998779296875,,259.5799865722656,,0.0
2010-05-04,,252.9600067138672,,261.1199951171875,,252.5500030517578,,260.54998779296875,,0.0
2010-05-05,,250.5500030517578,,254.2899932861328,,248.92999267578125,,253.49000549316406,,0.0
2010-05-06,,246.89999389648438,,252.72000122070312,,245.8800048828125,,249.41000366210938,,0.0
2010-05-07,,237.17999267578125,,245.2100067138672,,234.6199951171875,,245.2100067138672,,0.0
2010-05-10,,254.13999938964844,,254.13999938964844,,238.61000061035156,,238.61000061035156,,0.0
2010-05-11,,252.92999267578125,,254.27999877929688,,248.55999755859375,,254.27999877929688,,0.0
2010-05-12,,256.6000061035156,,257.79998779296875,,251.52000427246094,,253.55999755859375,,0.0
2010-05-14,,248.4600067138672,,256.3599853515625,,247.82000732421875,,256.3599853515625,,0.0
2010-05-17,,248.08999633789062,,251.2100067138672,,246.5399932861328,,248.52000427246094,,0.0
2010-05-18,,251.3000030517578,,252.66000366210938,,248.0800018310547,,248.0800018310547,,0.0
2010-05-19,,243.7100067138672,,249.86000061035156,,243.7100067138672,,249.86000061035156,,0.0
2010-05-20,,238.27999877929688,,246.16000366210938,,234.49000549316406,,243.14999389648438,,0.0
2010-05-21,,237.11000061035156,,238.1300048828125,,231.36000061035156,,237.1300048828125,,0.0
2010-05-25,,232.11000061035156,,238.25,,229.74000549316406,,238.25,,0.0
2010-05-26,,237.74000549316406,,240.0399932861328,,233.9600067138672,,233.9600067138672,,0.0
2010-05-27,,244.7899932861328,,244.7899932861328,,237.4600067138672,,237.4600067138672,,0.0
2010-05-28,,244.00999450683594,,246.27999877929688,,243.60000610351562,,244.75,,0.0
2010-05-31,,244.97000122070312,,245.25,,243.97999572753906,,244.25999450683594,,0.0
2010-06-01,,245.33999633789062,,246.02000427246094,,239.92999267578125,,244.47999572753906,,0.0
2010-06-02,,245.39999389648438,,245.63999938964844,,241.8000030517578,,244.7899932861328,,0.0
2010-06-03,,248.91000366210938,,250.86000061035156,,247.58999633789062,,247.58999633789062,,0.0
2010-06-04,,244.52999877929688,,251.38999938964844,,243.97999572753906,,249.3699951171875,,0.0
2010-06-07,,242.7100067138672,,244.9499969482422,,240.5,,242.5800018310547,,0.0
2010-06-08,,240.05999755859375,,243.67999267578125,,238.07000732421875,,243.1199951171875,,0.0
2010-06-09,,244.60000610351562,,244.60000610351562,,239.75999450683594,,240.47999572753906,,0.0
2010-06-10,,248.4600067138672,,249.02999877929688,,242.2899932861328,,243.75,,0.0
2010-06-11,,249.4600067138672,,250.64999389648438,,247.0500030517578,,248.72000122070312,,0.0
2010-06-14,,252.52999877929688,,252.58999633789062,,249.44000244140625,,249.44000244140625,,0.0
2010-06-15,,254.27999877929688,,254.88999938964844,,250.69000244140625,,252.6999969482422,,0.0
2010-06-16,,254.47000122070312,,255.6199951171875,,252.5500030517578,,254.0,,0.0
2010-06-17,,254.8800048828125,,256.2799987792969,,253.25,,253.80999755859375,,0.0
2010-06-18,,255.5,,256.6400146484375,,254.33999633789062,,255.00999450683594,,0.0
2010-06-21,,258.17999267578125,,259.7200012207031,,257.3599853515625,,257.739990234375,,0.0
2010-06-22,,256.9200134277344,,257.7300109863281,,254.61000061035156,,256.9599914550781,,0.0
2010-06-23,,254.44000244140625,,257.510009765625,,253.63999938964844,,257.1300048828125,,0.0
2010-06-24,,249.77999877929688,,255.5500030517578,,249.32000732421875,,254.27000427246094,,0.0
2010-06-25,,248.3300018310547,,250.9499969482422,,247.61000061035156,,249.55999755859375,,0.0
2010-06-28,,251.36000061035156,,251.39999389648438,,247.5500030517578,,248.72999572753906,,0.0
2010-06-29,,243.82000732421875,,252.02999877929688,,243.4499969482422,,252.02999877929688,,0.0
2010-06-30,,243.32000732421875,,245.5500030517578,,241.97999572753906,,243.94000244140625,,0.0
2010-07-01,,237.3000030517578,,241.77000427246094,,236.2899932861328,,241.77000427246094,,0.0
2010-07-02,,237.27000427246094,,240.2100067138672,,237.25999450683594,,237.25999450683594,,0.0
2010-07-05,,236.67999267578125,,238.3000030517578,,236.67999267578125,,238.27000427246094,,0.0
2010-07-06,,242.75999450683594,,243.7899932861328,,237.52000427246094,,237.52000427246094,,0.0
2010-07-07,,246.05999755859375,,246.05999755859375,,239.1300048828125,,242.55999755859375,,0.0
2010-07-08,,248.60000610351562,,249.3699951171875,,247.11000061035156,,247.11000061035156,,0.0
2010-07-09,,250.08999633789062,,250.66000366210938,,248.92999267578125,,249.3300018310547,,0.0
2010-07-12,,251.17999267578125,,252.3800048828125,,249.19000244140625,,250.05999755859375,,0.0
2010-07-13,,255.99000549316406,,256.20001220703125,,251.22999572753906,,251.22999572753906,,0.0
2010-07-15,,252.97000122070312,,256.8500061035156,,251.97999572753906,,255.39999389648438,,0.0
2010-07-16,,248.11000061035156,,254.33999633789062,,247.63999938964844,,253.3699951171875,,0.0
2010-07-19,,246.17999267578125,,249.1199951171875,,245.52000427246094,,247.8000030517578,,0.0
2010-07-20,,246.35000610351562,,248.00999450683594,,243.47000122070312,,247.19000244140625,,0.0
2010-07-21,,249.24000549316406,,251.52000427246094,,247.61000061035156,,247.61000061035156,,0.0
2010-07-22,,254.3699951171875,,254.6699981689453,,248.19000244140625,,249.00999450683594,,0.0
2010-07-23,,255.97000122070312,,255.99000549316406,,253.5500030517578,,254.47000122070312,,0.0
2010-07-26,,257.1199951171875,,257.1199951171875,,254.61000061035156,,255.2899932861328,,0.0
2010-07-27,,258.1099853515625,,259.79998779296875,,257.45001220703125,,257.55999755859375,,0.0
2010-07-28,,257.2099914550781,,259.67999267578125,,256.6000061035156,,258.5400085449219,,0.0
2010-07-29,,256.260009765625,,259.57000732421875,,256.260009765625,,257.29998779296875,,0.0
2010-07-30,,255.35000610351562,,257.54998779296875,,253.22999572753906,,255.97999572753906,,0.0
2010-08-02,,262.0899963378906,,262.2799987792969,,256.4200134277344,,256.4200134277344,,0.0
2010-08-03,,262.05999755859375,,262.05999755859375,,260.260009765625,,261.8500061035156,,0.0
2010-08-04,,262.1700134277344,,263.0299987792969,,259.1199951171875,,261.9200134277344,,0.0
2010-08-05,,261.4800109863281,,263.75,,261.1000061035156,,262.1700134277344,,0.0
2010-08-06,,258.7099914550781,,263.4200134277344,,257.6600036621094,,262.1400146484375,,0.0
2010-08-09,,262.260009765625,,262.5299987792969,,258.6099853515625,,258.6099853515625,,0.0
2010-08-10,,259.92999267578125,,261.4800109863281,,258.44000244140625,,261.3900146484375,,0.0
2010-08-11,,254.67999267578125,,260.55999755859375,,254.57000732421875,,260.55999755859375,,0.0
2010-08-12,,254.92999267578125,,255.97000122070312,,253.0500030517578,,254.67999267578125,,0.0
2010-08-13,,255.55999755859375,,256.8599853515625,,253.1199951171875,,254.92999267578125,,0.0
2010-08-16,,255.61000061035156,,256.9700012207031,,253.39999389648438,,255.8699951171875,,0.0
2010-08-17,,258.4700012207031,,258.4700012207031,,255.5800018310547,,255.5800018310547,,0.0
2010-08-18,,257.6000061035156,,258.55999755859375,,256.0899963378906,,257.7699890136719,,0.0
2010-08-19,,253.89999389648438,,259.489990234375,,253.83999633789062,,258.2699890136719,,0.0
2010-08-20,,252.14999389648438,,254.85000610351562,,250.97000122070312,,253.92999267578125,,0.0
2010-08-23,,253.75999450683594,,255.39999389648438,,252.22000122070312,,252.77999877929688,,0.0
2010-08-24,,249.4499969482422,,252.25999450683594,,247.4499969482422,,252.25999450683594,,0.0
2010-08-25,,247.5399932861328,,250.08999633789062,,245.25,,249.47999572753906,,0.0
2010-08-26,,249.64999389648438,,250.4199981689453,,248.42999267578125,,248.61000061035156,,0.0
2010-08-27,,251.24000549316406,,251.3300018310547,,247.4600067138672,,249.02999877929688,,0.0
2010-08-30,,251.16000366210938,,252.39999389648438,,250.74000549316406,,251.85000610351562,,0.0
2010-08-31,,251.30999755859375,,251.30999755859375,,247.82000732421875,,249.85000610351562,,0.0
2010-09-01,,258.19000244140625,,258.19000244140625,,250.8800048828125,,251.35000610351562,,0.0
2010-09-02,,258.17999267578125,,258.80999755859375,,257.1000061035156,,258.17999267578125,,0.0
2010-09-03,,260.3999938964844,,261.8299865722656,,258.2300109863281,,258.3599853515625,,0.0
2010-09-06,,260.94000244140625,,261.5299987792969,,260.3699951171875,,261.0199890136719,,0.0
2010-09-07,,259.760009765625,,261.4700012207031,,258.3599853515625,,261.4700012207031,,0.0
2010-09-08,,262.3299865722656,,262.7699890136719,,258.8500061035156,,259.94000244140625,,0.0
2010-09-09,,265.0899963378906,,265.239990234375,,261.3500061035156,,261.989990234375,,0.0
2010-09-10,,264.70001220703125,,265.1600036621094,,263.8399963378906,,264.8299865722656,,0.0
2010-09-13,,266.45001220703125,,267.7799987792969,,265.8599853515625,,265.9800109863281,,0.0
2010-09-14,,266.3999938964844,,266.79998779296875,,265.2799987792969,,266.3699951171875,,0.0
2010-09-15,,265.5400085449219,,266.07000732421875,,264.25,,266.07000732421875,,0.0
2010-09-16,,263.4700012207031,,265.92999267578125,,263.25,,265.489990234375,,0.0
2010-09-17,,262.8599853515625,,266.4100036621094,,262.3500061035156,,263.5299987792969,,0.0
2010-09-20,,266.2200012207031,,266.45001220703125,,263.1499938964844,,263.1499938964844,,0.0
2010-09-21,,265.010009765625,,267.4200134277344,,265.010009765625,,266.1000061035156,,0.0
2010-09-22,,261.19000244140625,,265.1000061035156,,261.05999755859375,,264.4800109863281,,0.0
2010-09-23,,261.07000732421875,,263.05999755859375,,258.1400146484375,,261.1300048828125,,0.0
2010-09-24,,263.9700012207031,,264.3399963378906,,259.1199951171875,,260.8999938964844,,0.0
2010-09-27,,262.9200134277344,,265.1499938964844,,262.8299865722656,,264.0299987792969,,0.0
2010-09-28,,262.3599853515625,,263.7799987792969,,260.0299987792969,,263.2900085449219,,0.0
2010-09-29,,261.0199890136719,,264.1099853515625,,260.25,,262.7799987792969,,0.0
2010-09-30,,259.7200012207031,,263.8299865722656,,259.57000732421875,,260.54998779296875,,0.0
2010-10-01,,259.0899963378906,,261.6000061035156,,258.1499938964844,,259.5400085449219,,0.0
2010-10-04,,257.739990234375,,259.42999267578125,,256.6199951171875,,258.8500061035156,,0.0
2010-10-05,,261.17999267578125,,261.75,,256.7799987792969,,257.3500061035156,,0.0
2010-10-06,,262.510009765625,,263.739990234375,,261.82000732421875,,261.82000732421875,,0.0
2010-10-07,,262.30999755859375,,263.8699951171875,,260.260009765625,,262.0299987792969,,0.0
2010-10-08,,262.2699890136719,,262.4100036621094,,260.2900085449219,,261.7200012207031,,0.0
2010-10-11,,263.20001220703125,,263.42999267578125,,262.8500061035156,,262.8500061035156,,0.0
2010-10-12,,262.4800109863281,,262.92999267578125,,259.94000244140625,,262.79998779296875,,0.0
2010-10-13,,266.25,,266.5899963378906,,261.95001220703125,,261.95001220703125,,0.0
2010-10-14,,265.67999267578125,,267.9599914550781,,265.2300109863281,,266.7900085449219,,0.0
2010-10-15,,265.8299865722656,,266.6099853515625,,264.25,,266.05999755859375,,0.0
2010-10-18,,266.6400146484375,,267.0299987792969,,264.5400085449219,,265.6000061035156,,0.0
2010-10-19,,265.239990234375,,267.5400085449219,,264.489990234375,,266.5199890136719,,0.0
2010-10-20,,266.1300048828125,,266.2699890136719,,264.2799987792969,,265.0400085449219,,0.0
2010-10-21,,267.6199951171875,,268.4200134277344,,264.5,,265.4700012207031,,0.0
2010-10-22,,266.75,,267.8500061035156,,266.6300048828125,,267.5,,0.0
2010-10-25,,267.4200134277344,,268.3399963378906,,266.3399963378906,,266.3399963378906,,0.0
2010-10-26,,266.9200134277344,,268.1400146484375,,265.3800048828125,,268.1400146484375,,0.0
2010-10-27,,264.92999267578125,,267.30999755859375,,264.55999755859375,,266.4800109863281,,0.0
2010-10-28,,265.8999938964844,,267.489990234375,,265.1600036621094,,265.3999938964844,,0.0
2010-10-29,,265.9599914550781,,266.67999267578125,,264.4100036621094,,265.4700012207031,,0.0
2010-11-01,,266.3999938964844,,267.29998779296875,,265.6300048828125,,266.6700134277344,,0.0
2010-11-02,,267.5,,267.92999267578125,,265.79998779296875,,266.2200012207031,,0.0
2010-11-03,,266.510009765625,,268.7900085449219,,265.95001220703125,,268.0,,0.0
2010-11-04,,270.8299865722656,,271.2799987792969,,267.42999267578125,,267.42999267578125,,0.0
2010-11-05,,271.9700012207031,,272.510009765625,,269.5199890136719,,271.2900085449219,,0.0
2010-11-08,,271.9100036621094,,272.3500061035156,,271.19000244140625,,272.0,,0.0
2010-11-09,,273.4599914550781,,274.2300109863281,,271.8500061035156,,271.8800048828125,,0.0
2010-11-10,,271.4800109863281,,273.29998779296875,,270.7900085449219,,273.0799865722656,,0.0
2010-11-11,,271.3900146484375,,272.54998779296875,,270.239990234375,,272.1700134277344,,0.0
2010-11-12,,270.17999267578125,,271.1000061035156,,266.4100036621094,,269.42999267578125,,0.0
2010-11-15,,272.3599853515625,,272.739990234375,,268.20001220703125,,269.9599914550781,,0.0
2010-11-16,,265.9800109863281,,271.32000732421875,,265.8900146484375,,271.32000732421875,,0.0
2010-11-17,,267.30999755859375,,267.6499938964844,,265.510009765625,,265.7300109863281,,0.0
2010-11-18,,271.1499938964844,,271.5899963378906,,268.1099853515625,,268.1099853515625,,0.0
2010-11-19,,269.5,,271.1099853515625,,267.6600036621094,,270.75,,0.0
2010-11-22,,267.739990234375,,271.67999267578125,,267.239990234375,,269.6099853515625,,0.0
2010-11-23,,263.6199951171875,,267.1099853515625,,263.6199951171875,,267.1099853515625,,0.0
2010-11-24,,266.2900085449219,,266.760009765625,,263.0799865722656,,264.1400146484375,,0.0
2010-11-25,,267.7200012207031,,268.0400085449219,,266.29998779296875,,266.9100036621094,,0.0
2010-11-26,,266.6000061035156,,267.5899963378906,,264.239990234375,,267.1300048828125,,0.0
2010-11-29,,262.1600036621094,,268.67999267578125,,262.1600036621094,,266.239990234375,,0.0
2010-11-30,,261.8299865722656,,263.9700012207031,,260.8800048828125,,262.239990234375,,0.0
2010-12-01,,267.1099853515625,,267.29998779296875,,262.4599914550781,,262.4599914550781,,0.0
2010-12-02,,271.6099853515625,,271.6099853515625,,266.67999267578125,,266.67999267578125,,0.0
2010-12-03,,270.94000244140625,,272.6400146484375,,269.30999755859375,,271.6099853515625,,0.0
2010-12-06,,271.3800048828125,,272.05999755859375,,270.3399963378906,,271.5799865722656,,0.0
2010-12-07,,273.9100036621094,,275.2099914550781,,271.55999755859375,,271.55999755859375,,0.0
2010-12-08,,274.9800109863281,,276.3699951171875,,272.739990234375,,274.17999267578125,,0.0
2010-12-09,,275.92999267578125,,276.8299865722656,,275.2200012207031,,275.75,,0.0
2010-12-10,,276.19000244140625,,276.6199951171875,,275.7300109863281,,275.75,,0.0
2010-12-13,,276.989990234375,,277.760009765625,,276.2099914550781,,276.2099914550781,,0.0
2010-12-14,,277.6499938964844,,277.6499938964844,,276.0899963378906,,276.6199951171875,,0.0
2010-12-15,,276.5299987792969,,278.1400146484375,,275.82000732421875,,278.1400146484375,,0.0
2010-12-16,,277.5899963378906,,277.7900085449219,,276.1199951171875,,276.7699890136719,,0.0
2010-12-17,,276.4200134277344,,277.7799987792969,,276.07000732421875,,277.1199951171875,,0.0
2010-12-20,,278.3800048828125,,279.4700012207031,,276.6300048828125,,276.9100036621094,,0.0
2010-12-21,,281.1099853515625,,281.44000244140625,,277.989990234375,,277.989990234375,,0.0
2010-12-22,,281.45001220703125,,281.82000732421875,,280.7200012207031,,281.17999267578125,,0.0
2010-12-23,,281.760009765625,,282.0,,281.05999755859375,,281.5400085449219,,0.0
2010-12-27,,279.17999267578125,,281.1400146484375,,278.7699890136719,,280.94000244140625,,0.0
2010-12-28,,279.7900085449219,,280.1300048828125,,279.1700134277344,,279.4100036621094,,0.0
2010-12-29,,280.6300048828125,,281.010009765625,,279.8399963378906,,279.8399963378906,,0.0
2010-12-30,,277.0199890136719,,281.04998779296875,,277.0199890136719,,280.54998779296875,,0.0
2011-01-03,,278.0199890136719,,278.7099914550781,,276.2799987792969,,276.2799987792969,,0.0
2011-01-04,,280.3800048828125,,281.6600036621094,,277.95001220703125,,277.95001220703125,,0.0
2011-01-05,,280.4800109863281,,280.67999267578125,,277.25,,280.67999267578125,,0.0
2011-01-06,,281.489990234375,,283.32000732421875,,281.010009765625,,281.010009765625,,0.0
2011-01-07,,281.0199890136719,,282.42999267578125,,279.8699951171875,,281.70001220703125,,0.0
2011-01-10,,278.4800109863281,,281.760009765625,,277.95001220703125,,281.760009765625,,0.0
2011-01-11,,281.9800109863281,,282.2200012207031,,279.0,,279.0,,0.0
2011-01-12,,285.7900085449219,,285.7900085449219,,282.17999267578125,,282.17999267578125,,0.0
2011-01-13,,284.0400085449219,,285.989990234375,,283.2300109863281,,285.2099914550781,,0.0
2011-01-14,,283.7699890136719,,283.989990234375,,281.20001220703125,,283.5400085449219,,0.0
2011-01-17,,284.05999755859375,,284.7200012207031,,283.510009765625,,284.30999755859375,,0.0
2011-01-18,,286.70001220703125,,287.0400085449219,,284.07000732421875,,284.07000732421875,,0.0
2011-01-19,,282.7200012207031,,287.010009765625,,282.7099914550781,,286.510009765625,,0.0
2011-01-20,,279.3900146484375,,283.1700134277344,,279.3900146484375,,283.1700134277344,,0.0
2011-01-21,,281.260009765625,,283.6099853515625,,279.010009765625,,279.010009765625,,0.0
2011-01-24,,281.989990234375,,282.19000244140625,,280.1300048828125,,281.1300048828125,,0.0
2011-01-25,,280.1000061035156,,282.8399963378906,,280.04998779296875,,281.80999755859375,,0.0
2011-01-26,,282.4700012207031,,283.5299987792969,,279.8900146484375,,279.8900146484375,,0.0
2011-01-27,,282.8800048828125,,284.1400146484375,,281.8800048828125,,282.70001220703125,,0.0
2011-01-28,,280.45001220703125,,282.9200134277344,,280.45001220703125,,282.7099914550781,,0.0
2011-01-31,,280.04998779296875,,280.6300048828125,,277.2799987792969,,280.6300048828125,,0.0
2011-02-01,,284.20001220703125,,284.4200134277344,,280.0199890136719,,280.0199890136719,,0.0
2011-02-02,,284.5899963378906,,285.9200134277344,,283.55999755859375,,284.1099853515625,,0.0
2011-02-03,,285.0,,285.20001220703125,,283.0199890136719,,284.6300048828125,,0.0
2011-02-04,,285.8999938964844,,286.4200134277344,,284.9700012207031,,285.17999267578125,,0.0
2011-02-07,,288.739990234375,,288.8900146484375,,286.0899963378906,,286.0899963378906,,0.0
2011-02-08,,288.55999755859375,,288.8500061035156,,287.0,,288.2799987792969,,0.0
2011-02-09,,287.3500061035156,,288.9100036621094,,287.3500061035156,,288.45001220703125,,0.0
2011-02-10,,286.7799987792969,,287.5199890136719,,284.5199890136719,,287.5199890136719,,0.0
2011-02-11,,287.989990234375,,288.6000061035156,,284.5799865722656,,286.7799987792969,,0.0
2011-02-14,,289.1099853515625,,290.1499938964844,,288.3999938964844,,288.3999938964844,,0.0
2011-02-15,,289.44000244140625,,289.989990234375,,288.5,,289.05999755859375,,0.0
2011-02-16,,290.7200012207031,,291.29998779296875,,289.4200134277344,,289.4200134277344,,0.0
2011-02-17,,291.1600036621094,,291.80999755859375,,289.8699951171875,,291.0299987792969,,0.0
2011-02-18,,291.0400085449219,,292.1600036621094,,290.05999755859375,,291.4599914550781,,0.0
2011-02-21,,287.17999267578125,,291.1300048828125,,287.0299987792969,,290.94000244140625,,0.0
2011-02-22,,285.3800048828125,,286.95001220703125,,284.07000732421875,,286.95001220703125,,0.0
2011-02-23,,282.3800048828125,,285.29998779296875,,281.8999938964844,,285.29998779296875,,0.0
2011-02-24,,280.55999755859375,,282.5799865722656,,279.69000244140625,,282.5799865722656,,0.0
2011-02-25,,284.1199951171875,,284.6600036621094,,280.510009765625,,280.510009765625,,0.0
2011-02-28,,286.4700012207031,,287.5400085449219,,282.9599914550781,,284.239990234375,,0.0
2011-03-01,,284.6300048828125,,288.9100036621094,,283.8900146484375,,286.6000061035156,,0.0
2011-03-02,,282.760009765625,,284.79998779296875,,281.1499938964844,,284.79998779296875,,0.0
2011-03-03,,283.5799865722656,,285.79998779296875,,282.6499938964844,,282.79998779296875,,0.0
2011-03-04,,281.8999938964844,,285.4100036621094,,281.67999267578125,,283.95001220703125,,0.0
2011-03-07,,280.7200012207031,,284.0400085449219,,280.7099914550781,,282.0,,0.0
2011-03-08,,281.80999755859375,,282.5400085449219,,279.2799987792969,,280.7200012207031,,0.0
2011-03-09,,281.1700134277344,,283.29998779296875,,280.6000061035156,,281.7699890136719,,0.0
2011-03-10,,277.8800048828125,,281.55999755859375,,277.04998779296875,,281.55999755859375,,0.0
2011-03-11,,275.4200134277344,,277.6700134277344,,274.7099914550781,,277.6700134277344,,0.0
2011-03-14,,272.510009765625,,275.3299865722656,,272.0299987792969,,274.29998779296875,,0.0
2011-03-15,,266.32000732421875,,272.4800109863281,,262.1300048828125,,272.4800109863281,,0.0
2011-03-16,,262.17999267578125,,268.3699951171875,,262.1400146484375,,266.489990234375,,0.0
2011-03-17,,267.0799865722656,,267.8699951171875,,262.3399963378906,,262.3399963378906,,0.0
2011-03-18,,267.6300048828125,,269.7799987792969,,266.5,,266.5,,0.0
2011-03-21,,272.3299865722656,,272.44000244140625,,267.6099853515625,,267.6099853515625,,0.0
2011-03-22,,271.79998779296875,,273.55999755859375,,271.07000732421875,,272.1700134277344,,0.0
2011-03-23,,273.1099853515625,,273.1300048828125,,270.739990234375,,272.17999267578125,,0.0
2011-03-24,,275.7699890136719,,275.9599914550781,,272.19000244140625,,273.239990234375,,0.0
2011-03-25,,276.0199890136719,,276.80999755859375,,275.2900085449219,,275.55999755859375,,0.0
2011-03-28,,276.239990234375,,276.8599853515625,,275.3999938964844,,275.9800109863281,,0.0
2011-03-29,,276.510009765625,,276.510009765625,,274.4100036621094,,276.3299865722656,,0.0
2011-03-30,,278.54998779296875,,279.04998779296875,,276.6199951171875,,276.6199951171875,,0.0
2011-03-31,,275.8999938964844,,279.1600036621094,,275.8999938964844,,278.4200134277344,,0.0
2011-04-01,,280.0199890136719,,280.1099853515625,,276.1199951171875,,276.1199951171875,,0.0
2011-04-04,,280.260009765625,,281.07000732421875,,279.5299987792969,,280.2300109863281,,0.0
2011-04-05,,280.9100036621094,,280.9800109863281,,279.6000061035156,,280.4700012207031,,0.0
2011-04-06,,281.57000732421875,,282.42999267578125,,279.79998779296875,,280.8399963378906,,0.0
2011-04-07,,280.7799987792969,,282.989990234375,,280.7200012207031,,281.8800048828125,,0.0
2011-04-08,,281.67999267578125,,282.5799865722656,,281.0899963378906,,281.29998779296875,,0.0
2011-04-11,,280.989990234375,,281.5799865722656,,280.0799865722656,,281.29998779296875,,0.0
2011-04-12,,276.239990234375,,280.9100036621094,,275.94000244140625,,280.9100036621094,,0.0
2011-04-13,,278.25,,279.3900146484375,,276.04998779296875,,276.04998779296875,,0.0
2011-04-14,,277.010009765625,,278.5400085449219,,275.95001220703125,,278.5400085449219,,0.0
2011-04-15,,277.7799987792969,,277.92999267578125,,276.4700012207031,,276.7900085449219,,0.0
2011-04-18,,273.04998779296875,,278.0799865722656,,272.3299865722656,,278.0799865722656,,0.0
2011-04-19,,274.4200134277344,,275.7300109863281,,273.0899963378906,,273.0899963378906,,0.0
2011-04-20,,279.05999755859375,,279.2099914550781,,273.9599914550781,,273.9599914550781,,0.0
2011-04-21,,280.4700012207031,,280.6600036621094,,279.4800109863281,,279.4800109863281,,0.0
2011-04-26,,281.2300109863281,,281.3999938964844,,279.57000732421875,,279.79998779296875,,0.0
2011-04-27,,282.1199951171875,,283.2200012207031,,280.3800048828125,,281.1700134277344,,0.0
2011-04-28,,283.0400085449219,,283.2300109863281,,281.7799987792969,,281.7799987792969,,0.0
2011-04-29,,283.7799987792969,,283.8500061035156,,282.6700134277344,,282.8800048828125,,0.0
2011-05-02,,283.92999267578125,,285.17999267578125,,283.92999267578125,,284.7200012207031,,0.0
2011-05-03,,282.42999267578125,,284.239990234375,,281.4800109863281,,283.9599914550781,,0.0
2011-05-04,,278.5199890136719,,282.6700134277344,,278.1300048828125,,282.3699951171875,,0.0
2011-05-05,,277.7900085449219,,279.32000732421875,,275.80999755859375,,278.5299987792969,,0.0
2011-05-06,,281.3299865722656,,281.4800109863281,,276.510009765625,,278.010009765625,,0.0
2011-05-09,,280.42999267578125,,282.0799865722656,,278.9700012207031,,281.9800109863281,,0.0
2011-05-10,,282.9200134277344,,283.4100036621094,,280.25,,280.55999755859375,,0.0
2011-05-11,,283.7300109863281,,285.1499938964844,,282.5199890136719,,282.5199890136719,,0.0
2011-05-12,,281.79998779296875,,283.7200012207031,,280.4100036621094,,283.7200012207031,,0.0
2011-05-13,,280.5,,283.239990234375,,280.3900146484375,,281.4200134277344,,0.0
2011-05-16,,280.1300048828125,,280.8599853515625,,277.8800048828125,,280.8599853515625,,0.0
2011-05-17,,277.2799987792969,,280.760009765625,,277.2799987792969,,279.80999755859375,,0.0
2011-05-18,,278.1700134277344,,279.1600036621094,,276.95001220703125,,276.95001220703125,,0.0
2011-05-19,,280.0,,281.3900146484375,,278.010009765625,,278.010009765625,,0.0
2011-05-20,,279.6499938964844,,282.07000732421875,,278.8500061035156,,279.82000732421875,,0.0
2011-05-23,,274.7799987792969,,280.7200012207031,,274.7799987792969,,280.7200012207031,,0.0
2011-05-24,,275.3900146484375,,276.3900146484375,,274.7300109863281,,274.7300109863281,,0.0
2011-05-25,,277.3699951171875,,277.8299865722656,,273.80999755859375,,276.0,,0.0
2011-05-26,,277.1400146484375,,277.1400146484375,,277.1400146484375,,277.1400146484375,,0.0
2011-05-27,,279.04998779296875,,279.7900085449219,,276.8399963378906,,276.8399963378906,,0.0
2011-06-01,,278.3800048828125,,281.2300109863281,,277.70001220703125,,280.6600036621094,,0.0
2011-06-03,,273.6700134277344,,274.8800048828125,,271.489990234375,,274.4800109863281,,0.0
2011-06-06,,272.1600036621094,,273.3999938964844,,271.55999755859375,,273.3999938964844,,0.0
2011-06-07,,271.8699951171875,,273.42999267578125,,271.6700134277344,,272.010009765625,,0.0
2011-06-08,,269.010009765625,,271.9100036621094,,268.3399963378906,,271.9100036621094,,0.0
2011-06-09,,271.760009765625,,272.2200012207031,,268.3999938964844,,269.25,,0.0
2011-06-10,,268.1300048828125,,271.6600036621094,,267.6499938964844,,271.44000244140625,,0.0
2011-06-14,,270.82000732421875,,271.760009765625,,268.9100036621094,,268.9100036621094,,0.0
2011-06-15,,267.95001220703125,,271.010009765625,,267.8299865722656,,270.8500061035156,,0.0
2011-06-16,,266.7300109863281,,268.55999755859375,,264.3599853515625,,268.55999755859375,,0.0
2011-06-17,,267.1700134277344,,268.489990234375,,264.05999755859375,,266.760009765625,,0.0
2011-06-20,,265.760009765625,,267.67999267578125,,264.1499938964844,,267.67999267578125,,0.0
2011-06-21,,269.5899963378906,,269.5899963378906,,265.6400146484375,,265.6400146484375,,0.0
2011-06-22,,268.07000732421875,,269.57000732421875,,267.5400085449219,,269.57000732421875,,0.0
2011-06-23,,264.30999755859375,,268.57000732421875,,263.7099914550781,,268.57000732421875,,0.0
2011-06-24,,263.9800109863281,,267.3399963378906,,263.45001220703125,,263.7099914550781,,0.0
2011-06-27,,264.010009765625,,265.010009765625,,263.2200012207031,,264.1000061035156,,0.0
2011-06-28,,265.2300109863281,,266.45001220703125,,263.42999267578125,,264.0899963378906,,0.0
2011-06-29,,269.79998779296875,,270.0400085449219,,266.010009765625,,266.010009765625,,0.0
2011-06-30,,272.8599853515625,,272.8599853515625,,269.4100036621094,,269.4100036621094,,0.0
2011-07-01,,274.9200134277344,,275.4100036621094,,272.0400085449219,,272.82000732421875,,0.0
2011-07-04,,275.5400085449219,,275.8900146484375,,274.75,,275.1000061035156,,0.0
2011-07-05,,275.6199951171875,,276.5799865722656,,274.94000244140625,,275.2799987792969,,0.0
2011-07-06,,274.7900085449219,,275.7300109863281,,273.75,,275.7300109863281,,0.0
2011-07-07,,275.92999267578125,,278.010009765625,,274.9700012207031,,275.30999755859375,,0.0
2011-07-08,,273.760009765625,,277.2099914550781,,273.0299987792969,,276.4200134277344,,0.0
2011-07-11,,269.8999938964844,,274.2200012207031,,268.67999267578125,,274.2200012207031,,0.0
2011-07-12,,268.1600036621094,,268.4200134277344,,262.6099853515625,,268.1400146484375,,0.0
2011-07-13,,269.94000244140625,,270.1400146484375,,267.3599853515625,,268.25,,0.0
2011-07-14,,267.67999267578125,,270.1700134277344,,267.1400146484375,,270.1700134277344,,0.0
2011-07-15,,266.9100036621094,,268.010009765625,,265.6000061035156,,267.260009765625,,0.0
2011-07-18,,262.1000061035156,,266.760009765625,,261.79998779296875,,266.760009765625,,0.0
2011-07-19,,264.2799987792969,,264.8599853515625,,261.760009765625,,261.760009765625,,0.0
2011-07-20,,267.7300109863281,,267.7300109863281,,263.989990234375,,263.989990234375,,0.0
2011-07-21,,270.4800109863281,,271.4599914550781,,265.3399963378906,,267.5,,0.0
2011-07-22,,272.0199890136719,,273.2900085449219,,270.1000061035156,,270.1000061035156,,0.0
2011-07-25,,271.2799987792969,,271.9599914550781,,270.29998779296875,,271.5,,0.0
2011-07-26,,270.0799865722656,,271.6199951171875,,268.8599853515625,,270.7300109863281,,0.0
2011-07-27,,267.04998779296875,,270.3599853515625,,265.760009765625,,270.3599853515625,,0.0
2011-07-28,,267.0799865722656,,267.30999755859375,,264.2900085449219,,267.30999755859375,,0.0
2011-07-29,,265.25,,267.25,,262.32000732421875,,267.25,,0.0
2011-08-02,,256.9800109863281,,262.5199890136719,,256.6600036621094,,262.5199890136719,,0.0
2011-08-03,,251.9499969482422,,257.0400085449219,,250.5800018310547,,257.0400085449219,,0.0
2011-08-04,,243.16000366210938,,254.3699951171875,,243.16000366210938,,251.66000366210938,,0.0
2011-08-05,,238.8800048828125,,244.89999389648438,,235.1199951171875,,243.94000244140625,,0.0
2011-08-08,,228.97999572753906,,240.8699951171875,,228.92999267578125,,238.1300048828125,,0.0
2011-08-09,,232.1999969482422,,232.72000122070312,,217.3699951171875,,229.0399932861328,,0.0
2011-08-10,,223.5,,236.72999572753906,,223.32000732421875,,232.6999969482422,,0.0
2011-08-11,,230.57000732421875,,230.57000732421875,,218.91000366210938,,223.30999755859375,,0.0
2011-08-12,,237.49000549316406,,237.52999877929688,,226.16000366210938,,229.66000366210938,,0.0
2011-08-15,,237.85000610351562,,239.11000061035156,,235.99000549316406,,235.99000549316406,,0.0
2011-08-16,,237.55999755859375,,238.16000366210938,,233.27000427246094,,238.16000366210938,,0.0
2011-08-17,,238.0500030517578,,239.55999755859375,,234.33999633789062,,237.91000366210938,,0.0
2011-08-18,,226.6999969482422,,237.97999572753906,,224.69000244140625,,237.97999572753906,,0.0
2011-08-19,,223.1300048828125,,227.22000122070312,,218.52000427246094,,227.22000122070312,,0.0
2011-08-22,,224.89999389648438,,228.85000610351562,,221.38999938964844,,222.2100067138672,,0.0
2011-08-23,,226.6300048828125,,229.75,,224.10000610351562,,224.94000244140625,,0.0
2011-08-24,,229.7899932861328,,231.72000122070312,,225.38999938964844,,226.36000061035156,,0.0
2011-08-25,,227.07000732421875,,232.25,,225.80999755859375,,229.5,,0.0
2011-08-26,,225.52000427246094,,227.08999633789062,,220.8699951171875,,227.02999877929688,,0.0
2011-08-29,,228.27999877929688,,229.1300048828125,,226.02000427246094,,226.02000427246094,,0.0
2011-08-30,,230.63999938964844,,232.32000732421875,,228.6199951171875,,228.64999389648438,,0.0
2011-08-31,,237.42999267578125,,238.25999450683594,,231.0399932861328,,231.0399932861328,,0.0
2011-09-01,,238.92999267578125,,240.02000427246094,,235.1999969482422,,237.5500030517578,,0.0
2011-09-02,,233.11000061035156,,233.11000061035156,,231.5500030517578,,231.5500030517578,,0.0
2011-09-05,,223.4499969482422,,231.02999877929688,,223.0800018310547,,231.02999877929688,,0.0
2011-09-06,,221.97999572753906,,225.63999938964844,,219.72999572753906,,223.6699981689453,,0.0
2011-09-07,,228.83999633789062,,228.83999633789062,,221.72000122070312,,221.72000122070312,,0.0
2011-09-08,,230.47000122070312,,231.27000427246094,,227.41000366210938,,228.55999755859375,,0.0
2011-09-09,,224.58999633789062,,230.47999572753906,,224.58999633789062,,229.80999755859375,,0.0
2011-09-12,,218.92999267578125,,222.5800018310547,,216.75999450683594,,222.5800018310547,,0.0
2011-09-13,,220.8699951171875,,222.10000610351562,,215.72999572753906,,218.7899932861328,,0.0
2011-09-14,,224.1699981689453,,224.8800048828125,,218.88999938964844,,220.77999877929688,,0.0
2011-09-15,,228.69000244140625,,230.22999572753906,,223.97999572753906,,223.97999572753906,,0.0
2011-09-16,,230.16000366210938,,232.08999633789062,,228.72000122070312,,228.75999450683594,,0.0
2011-09-19,,224.9600067138672,,227.83999633789062,,224.0500030517578,,227.83999633789062,,0.0
2011-09-20,,229.10000610351562,,229.2100067138672,,223.55999755859375,,225.2100067138672,,0.0
2011-09-21,,225.3300018310547,,229.14999389648438,,224.85000610351562,,228.77000427246094,,0.0
2011-09-22,,214.88999938964844,,225.47999572753906,,214.57000732421875,,225.47999572753906,,0.0
2011-09-23,,216.19000244140625,,217.47999572753906,,209.25999450683594,,214.9499969482422,,0.0
2011-09-26,,220.27999877929688,,222.55999755859375,,213.5399932861328,,216.8000030517578,,0.0
2011-09-27,,229.91000366210938,,229.91000366210938,,220.07000732421875,,220.07000732421875,,0.0
2011-09-28,,227.38999938964844,,229.9199981689453,,226.10000610351562,,229.9199981689453,,0.0
2011-09-29,,228.89999389648438,,230.77999877929688,,225.85000610351562,,227.17999267578125,,0.0
2011-09-30,,226.17999267578125,,228.63999938964844,,224.05999755859375,,228.63999938964844,,0.0
2011-10-03,,223.6199951171875,,226.5500030517578,,220.4499969482422,,226.5500030517578,,0.0
2011-10-04,,217.4600067138672,,224.0,,214.5800018310547,,224.0,,0.0
2011-10-05,,224.14999389648438,,224.50999450683594,,217.33999633789062,,217.33999633789062,,0.0
2011-10-06,,230.27000427246094,,230.27000427246094,,223.91000366210938,,223.91000366210938,,0.0
2011-10-07,,231.99000549316406,,233.9600067138672,,229.55999755859375,,230.52000427246094,,0.0
2011-10-10,,235.94000244140625,,236.2100067138672,,231.80999755859375,,233.35000610351562,,0.0
2011-10-11,,235.27999877929688,,235.8300018310547,,233.0800018310547,,235.49000549316406,,0.0
2011-10-12,,239.16000366210938,,239.57000732421875,,233.02999877929688,,235.00999450683594,,0.0
2011-10-13,,236.52999877929688,,239.97000122070312,,235.41000366210938,,238.41000366210938,,0.0
2011-10-14,,238.50999450683594,,240.38999938964844,,235.85000610351562,,236.75999450683594,,0.0
2011-10-17,,236.22000122070312,,241.9600067138672,,235.0800018310547,,238.6199951171875,,0.0
2011-10-18,,235.3300018310547,,236.33999633789062,,232.60000610351562,,236.33999633789062,,0.0
2011-10-19,,236.7100067138672,,237.88999938964844,,235.11000061035156,,235.11000061035156,,0.0
2011-10-20,,233.07000732421875,,236.6999969482422,,232.83999633789062,,236.6999969482422,,0.0
2011-10-21,,238.92999267578125,,239.17999267578125,,233.41000366210938,,233.41000366210938,,0.0
2011-10-24,,242.02999877929688,,242.19000244140625,,238.88999938964844,,238.9499969482422,,0.0
2011-10-25,,240.2899932861328,,242.97999572753906,,238.49000549316406,,242.1300048828125,,0.0
2011-10-26,,240.8000030517578,,243.10000610351562,,238.85000610351562,,240.52999877929688,,0.0
2011-10-27,,249.4199981689453,,250.33999633789062,,240.17999267578125,,240.17999267578125,,0.0
2011-10-28,,249.0,,251.4499969482422,,247.8699951171875,,249.3000030517578,,0.0
2011-10-31,,243.47999572753906,,249.27000427246094,,243.47999572753906,,249.27000427246094,,0.0
2011-11-01,,235.05999755859375,,243.86000061035156,,232.6699981689453,,243.86000061035156,,0.0
2011-11-02,,237.22000122070312,,237.9600067138672,,233.41000366210938,,234.85000610351562,,0.0
2011-11-03,,242.1999969482422,,242.5500030517578,,241.7100067138672,,241.7100067138672,,0.0
2011-11-04,,239.75999450683594,,243.6699981689453,,238.58999633789062,,241.94000244140625,,0.0
2011-11-07,,238.44000244140625,,240.41000366210938,,235.4199981689453,,239.52999877929688,,0.0
2011-11-08,,240.5,,243.27000427246094,,238.47000122070312,,238.47000122070312,,0.0
2011-11-09,,236.33999633789062,,242.89999389648438,,234.77999877929688,,240.5500030517578,,0.0
2011-11-10,,235.35000610351562,,238.2100067138672,,232.67999267578125,,236.6199951171875,,0.0
2011-11-11,,240.97999572753906,,241.22999572753906,,235.1199951171875,,235.1999969482422,,0.0
2011-11-14,,238.47000122070312,,242.17999267578125,,237.5,,240.6999969482422,,0.0
2011-11-15,,237.02999877929688,,238.99000549316406,,234.17999267578125,,238.64999389648438,,0.0
2011-11-16,,237.0399932861328,,239.77999877929688,,235.47000122070312,,237.17999267578125,,0.0
2011-11-17,,233.97000122070312,,237.10000610351562,,232.25999450683594,,237.10000610351562,,0.0
2011-11-18,,232.1699981689453,,234.52999877929688,,231.2899932861328,,234.1999969482422,,0.0
2011-11-21,,224.75999450683594,,232.13999938964844,,224.67999267578125,,232.13999938964844,,0.0
2011-11-22,,223.27000427246094,,227.10000610351562,,223.27000427246094,,224.6199951171875,,0.0
2011-11-23,,220.30999755859375,,223.86000061035156,,220.30999755859375,,223.3000030517578,,0.0
2011-11-25,,221.5399932861328,,222.85000610351562,,217.60000610351562,,219.8699951171875,,0.0
2011-11-28,,229.85000610351562,,229.86000061035156,,222.86000061035156,,222.86000061035156,,0.0
2011-11-29,,231.67999267578125,,231.7899932861328,,227.92999267578125,,229.75999450683594,,0.0
2011-11-30,,240.0800018310547,,240.91000366210938,,229.10000610351562,,230.5,,0.0
2011-12-01,,238.49000549316406,,241.13999938964844,,238.11000061035156,,239.7100067138672,,0.0
2011-12-02,,240.72999572753906,,242.5399932861328,,238.32000732421875,,238.32000732421875,,0.0
2011-12-05,,242.75,,243.75999450683594,,240.72000122070312,,240.72000122070312,,0.0
2011-12-06,,241.9199981689453,,243.0800018310547,,240.83999633789062,,241.66000366210938,,0.0
2011-12-07,,241.44000244140625,,244.8000030517578,,239.1999969482422,,241.72999572753906,,0.0
2011-12-08,,237.7100067138672,,243.82000732421875,,237.7100067138672,,241.4600067138672,,0.0
2011-12-09,,240.50999450683594,,240.92999267578125,,235.64999389648438,,237.6699981689453,,0.0
2011-12-12,,236.0500030517578,,240.49000549316406,,236.0500030517578,,240.49000549316406,,0.0
2011-12-13,,237.3000030517578,,238.80999755859375,,235.1199951171875,,236.25,,0.0
2011-12-14,,232.44000244140625,,237.49000549316406,,232.44000244140625,,237.49000549316406,,0.0
2011-12-15,,234.72999572753906,,236.02000427246094,,232.38999938964844,,232.38999938964844,,0.0
2011-12-16,,233.7100067138672,,236.47000122070312,,233.52999877929688,,234.83999633789062,,0.0
2011-12-19,,233.75,,235.89999389648438,,232.02000427246094,,232.9600067138672,,0.0
2011-12-20,,238.50999450683594,,238.50999450683594,,232.64999389648438,,233.7899932861328,,0.0
2011-12-21,,237.2899932861328,,241.8300018310547,,236.75999450683594,,238.55999755859375,,0.0
2011-12-22,,239.77999877929688,,240.27000427246094,,237.2899932861328,,237.2899932861328,,0.0
2011-12-23,,241.86000061035156,,242.13999938964844,,239.77000427246094,,239.77000427246094,,0.0
2011-12-27,,241.91000366210938,,242.69000244140625,,241.57000732421875,,242.0800018310547,,0.0
2011-12-28,,240.1999969482422,,243.41000366210938,,240.1999969482422,,241.8000030517578,,0.0
2011-12-29,,242.4600067138672,,242.4600067138672,,239.6999969482422,,240.6699981689453,,0.0
2011-12-30,,244.5399932861328,,244.57000732421875,,242.22999572753906,,242.91000366210938,,0.0
2012-01-03,,251.05999755859375,,251.07000732421875,,248.07000732421875,,248.22000122070312,,0.0
2012-01-04,,249.6199951171875,,251.16000366210938,,248.63999938964844,,251.16000366210938,,0.0
2012-01-05,,247.38999938964844,,250.11000061035156,,246.8699951171875,,249.49000549316406,,0.0
2012-01-06,,247.52999877929688,,249.72000122070312,,246.6300048828125,,247.6199951171875,,0.0
2012-01-09,,246.4199981689453,,248.41000366210938,,246.0399932861328,,247.47999572753906,,0.0
2012-01-10,,250.82000732421875,,251.0,,246.33999633789062,,246.33999633789062,,0.0
2012-01-11,,249.92999267578125,,251.5,,248.75999450683594,,250.88999938964844,,0.0
2012-01-12,,249.5,,252.27999877929688,,248.63999938964844,,249.3800048828125,,0.0
2012-01-13,,249.17999267578125,,251.35000610351562,,246.72000122070312,,249.4199981689453,,0.0
2012-01-16,,251.1199951171875,,251.35000610351562,,247.8300018310547,,249.44000244140625,,0.0
2012-01-17,,253.27000427246094,,254.25,,250.75999450683594,,250.75999450683594,,0.0
2012-01-18,,253.47999572753906,,254.07000732421875,,251.02000427246094,,252.91000366210938,,0.0
2012-01-19,,256.57000732421875,,256.57000732421875,,253.44000244140625,,253.44000244140625,,0.0
2012-01-20,,255.85000610351562,,256.6300048828125,,255.14999389648438,,256.1600036621094,,0.0
2012-01-23,,257.010009765625,,257.5400085449219,,255.52000427246094,,256.0199890136719,,0.0
2012-01-24,,256.0400085449219,,256.92999267578125,,253.9600067138672,,256.92999267578125,,0.0
2012-01-25,,254.9499969482422,,256.45001220703125,,253.5,,255.74000549316406,,0.0
2012-01-26,,257.8599853515625,,258.0899963378906,,254.5500030517578,,254.5500030517578,,0.0
2012-01-27,,255.39999389648438,,258.20001220703125,,255.39999389648438,,258.20001220703125,,0.0
2012-01-30,,252.52000427246094,,255.32000732421875,,251.8300018310547,,255.32000732421875,,0.0
2012-01-31,,254.41000366210938,,255.6699981689453,,252.4199981689453,,252.4199981689453,,0.0
2012-02-01,,259.510009765625,,259.7300109863281,,254.41000366210938,,254.41000366210938,,0.0
2012-02-02,,260.1099853515625,,260.5299987792969,,259.0899963378906,,259.4700012207031,,0.0
2012-02-03,,264.6000061035156,,264.6000061035156,,259.6000061035156,,260.3299865722656,,0.0
2012-02-06,,264.2699890136719,,264.67999267578125,,262.510009765625,,264.67999267578125,,0.0
2012-02-07,,263.54998779296875,,264.6000061035156,,261.6199951171875,,263.8999938964844,,0.0
2012-02-08,,263.010009765625,,265.239990234375,,262.9100036621094,,263.4800109863281,,0.0
2012-02-09,,263.6400146484375,,265.04998779296875,,262.7099914550781,,262.8500061035156,,0.0
2012-02-10,,261.239990234375,,263.6499938964844,,260.6400146484375,,263.6499938964844,,0.0
2012-02-13,,263.1700134277344,,263.8500061035156,,261.0199890136719,,261.0199890136719,,0.0
2012-02-14,,262.55999755859375,,264.0799865722656,,261.6600036621094,,263.2300109863281,,0.0
2012-02-15,,264.1600036621094,,265.17999267578125,,262.6199951171875,,262.6199951171875,,0.0
2012-02-16,,264.30999755859375,,264.3999938964844,,236.89999389648438,,264.3999938964844,,0.0
2012-02-17,,265.92999267578125,,266.510009765625,,263.8399963378906,,263.8399963378906,,0.0
2012-02-21,,266.7799987792969,,268.3500061035156,,265.95001220703125,,268.260009765625,,0.0
2012-02-22,,264.5899963378906,,267.1499938964844,,264.32000732421875,,266.80999755859375,,0.0
2012-02-23,,264.0799865722656,,265.739990234375,,262.6199951171875,,264.54998779296875,,0.0
2012-02-24,,264.7699890136719,,265.4599914550781,,263.7900085449219,,263.7900085449219,,0.0
2012-02-27,,263.8599853515625,,264.8599853515625,,261.6199951171875,,264.8599853515625,,0.0
2012-02-28,,264.3299865722656,,265.0299987792969,,262.6099853515625,,263.6400146484375,,0.0
2012-02-29,,264.32000732421875,,266.45001220703125,,264.0299987792969,,264.5899963378906,,0.0
2012-03-01,,267.05999755859375,,267.3299865722656,,263.3699951171875,,264.3500061035156,,0.0
2012-03-02,,267.2099914550781,,267.8800048828125,,266.4100036621094,,267.260009765625,,0.0
2012-03-05,,265.55999755859375,,267.07000732421875,,264.6000061035156,,267.07000732421875,,0.0
2012-03-06,,258.4599914550781,,265.6400146484375,,258.4599914550781,,265.6400146484375,,0.0
2012-03-07,,260.1099853515625,,260.3599853515625,,258.010009765625,,258.2699890136719,,0.0
2012-03-08,,264.1600036621094,,264.2200012207031,,260.0899963378906,,260.0899963378906,,0.0
2012-03-09,,265.44000244140625,,266.32000732421875,,263.7799987792969,,264.3900146484375,,0.0
2012-03-12,,264.8699951171875,,266.0400085449219,,264.19000244140625,,265.4100036621094,,0.0
2012-03-13,,269.55999755859375,,269.6600036621094,,264.95001220703125,,264.95001220703125,,0.0
2012-03-14,,270.2699890136719,,271.8399963378906,,269.54998779296875,,269.54998779296875,,0.0
2012-03-15,,270.9800109863281,,271.04998779296875,,269.3699951171875,,269.9700012207031,,0.0
2012-03-16,,272.3999938964844,,272.8599853515625,,271.1000061035156,,271.1000061035156,,0.0
2012-03-19,,272.07000732421875,,272.510009765625,,270.82000732421875,,272.510009765625,,0.0
2012-03-20,,268.9700012207031,,271.95001220703125,,268.44000244140625,,271.95001220703125,,0.0
2012-03-21,,268.6700134277344,,270.4599914550781,,267.4100036621094,,268.8999938964844,,0.0
2012-03-22,,265.489990234375,,268.29998779296875,,264.7699890136719,,268.29998779296875,,0.0
2012-03-23,,265.6499938964844,,266.7300109863281,,263.0799865722656,,265.54998779296875,,0.0
2012-03-26,,268.1199951171875,,268.5,,265.25,,266.239990234375,,0.0
2012-03-27,,266.9200134277344,,270.05999755859375,,266.75,,268.6400146484375,,0.0
2012-03-28,,264.1000061035156,,267.260009765625,,264.1000061035156,,266.32000732421875,,0.0
2012-03-29,,260.739990234375,,264.3699951171875,,260.0299987792969,,263.8299865722656,,0.0
2012-03-30,,263.32000732421875,,263.5899963378906,,261.5299987792969,,261.5299987792969,,0.0
2012-04-02,,267.1600036621094,,267.1600036621094,,262.2200012207031,,263.8500061035156,,0.0
2012-04-03,,264.2900085449219,,267.6199951171875,,264.2900085449219,,266.9800109863281,,0.0
2012-04-04,,258.760009765625,,264.17999267578125,,258.3800048828125,,264.17999267578125,,0.0
2012-04-05,,259.07000732421875,,259.989990234375,,256.5199890136719,,259.1700134277344,,0.0
2012-04-10,,252.57000732421875,,257.8699951171875,,252.57000732421875,,257.8699951171875,,0.0
2012-04-11,,254.42999267578125,,255.57000732421875,,252.00999450683594,,252.66000366210938,,0.0
2012-04-12,,257.3599853515625,,257.8399963378906,,253.42999267578125,,254.72999572753906,,0.0
2012-04-13,,253.39999389648438,,257.05999755859375,,252.8000030517578,,257.05999755859375,,0.0
2012-04-16,,254.25999450683594,,256.3299865722656,,252.8300018310547,,253.16000366210938,,0.0
2012-04-17,,259.45001220703125,,259.489990234375,,253.67999267578125,,253.72999572753906,,0.0
2012-04-18,,257.7099914550781,,259.8599853515625,,257.17999267578125,,259.4100036621094,,0.0
2012-04-19,,256.510009765625,,260.1600036621094,,256.510009765625,,258.54998779296875,,0.0
2012-04-20,,257.7900085449219,,258.0199890136719,,255.69000244140625,,256.4599914550781,,0.0
2012-04-23,,251.75,,256.8900146484375,,250.9600067138672,,256.8900146484375,,0.0
2012-04-24,,254.3699951171875,,254.4499969482422,,251.7899932861328,,252.27999877929688,,0.0
2012-04-25,,256.9599914550781,,257.6099853515625,,254.75,,254.75,,0.0
2012-04-26,,257.20001220703125,,258.5299987792969,,255.0500030517578,,257.29998779296875,,0.0
2012-04-27,,259.1199951171875,,259.8699951171875,,254.8699951171875,,256.44000244140625,,0.0
2012-04-30,,257.2799987792969,,260.1199951171875,,257.1499938964844,,259.6499938964844,,0.0
2012-05-02,,257.3900146484375,,260.8800048828125,,256.260009765625,,259.4599914550781,,0.0
2012-05-03,,257.5299987792969,,259.8599853515625,,256.3399963378906,,257.70001220703125,,0.0
2012-05-04,,253.0,,257.0799865722656,,252.44000244140625,,257.0199890136719,,0.0
2012-05-07,,254.8300018310547,,255.02999877929688,,250.97000122070312,,252.13999938964844,,0.0
2012-05-08,,250.5800018310547,,254.88999938964844,,250.0800018310547,,254.33999633789062,,0.0
2012-05-09,,249.72999572753906,,251.6699981689453,,247.0,,251.19000244140625,,0.0
2012-05-10,,251.10000610351562,,252.08999633789062,,247.88999938964844,,250.36000061035156,,0.0
2012-05-11,,251.97000122070312,,252.17999267578125,,248.22000122070312,,250.5800018310547,,0.0
2012-05-14,,247.42999267578125,,251.0,,246.0800018310547,,251.0,,0.0
2012-05-15,,245.75999450683594,,249.30999755859375,,244.63999938964844,,247.8699951171875,,0.0
2012-05-16,,244.39999389648438,,246.38999938964844,,242.22999572753906,,244.67999267578125,,0.0
2012-05-18,,238.8800048828125,,241.17999267578125,,238.27000427246094,,240.44000244140625,,0.0
2012-05-21,,240.1699981689453,,241.0800018310547,,237.55999755859375,,238.33999633789062,,0.0
2012-05-22,,244.75999450683594,,245.07000732421875,,241.10000610351562,,241.17999267578125,,0.0
2012-05-23,,239.50999450683594,,243.66000366210938,,239.1999969482422,,243.66000366210938,,0.0
2012-05-24,,241.91000366210938,,242.82000732421875,,238.91000366210938,,240.6199951171875,,0.0
2012-05-25,,242.49000549316406,,243.8300018310547,,240.66000366210938,,242.19000244140625,,0.0
2012-05-29,,244.3000030517578,,245.08999633789062,,242.05999755859375,,243.0,,0.0
2012-05-30,,240.55999755859375,,243.8699951171875,,239.94000244140625,,243.35000610351562,,0.0
2012-05-31,,239.72999572753906,,242.17999267578125,,238.00999450683594,,240.7100067138672,,0.0
2012-06-01,,235.08999633789062,,240.3699951171875,,233.74000549316406,,240.13999938964844,,0.0
2012-06-04,,233.8699951171875,,235.27000427246094,,233.47999572753906,,234.22000122070312,,0.0
2012-06-05,,234.58999633789062,,235.25999450683594,,233.9600067138672,,234.32000732421875,,0.0
2012-06-06,,239.9499969482422,,240.02000427246094,,235.47000122070312,,235.47000122070312,,0.0
2012-06-07,,242.63999938964844,,244.3800048828125,,239.91000366210938,,240.32000732421875,,0.0
2012-06-08,,241.92999267578125,,242.47999572753906,,239.1699981689453,,241.49000549316406,,0.0
2012-06-11,,241.9199981689453,,246.6199951171875,,241.67999267578125,,243.77000427246094,,0.0
2012-06-12,,243.44000244140625,,243.6300048828125,,241.02999877929688,,241.8000030517578,,0.0
2012-06-13,,242.55999755859375,,244.47000122070312,,241.00999450683594,,243.47000122070312,,0.0
2012-06-14,,241.83999633789062,,242.07000732421875,,239.60000610351562,,241.72000122070312,,0.0
2012-06-15,,244.2100067138672,,244.5,,242.1999969482422,,242.1999969482422,,0.0
2012-06-18,,244.36000061035156,,245.1999969482422,,243.2100067138672,,245.1999969482422,,0.0
2012-06-19,,248.27000427246094,,248.6999969482422,,244.22999572753906,,244.64999389648438,,0.0
2012-06-20,,249.6699981689453,,249.6699981689453,,247.2899932861328,,248.4600067138672,,0.0
2012-06-21,,248.39999389648438,,250.38999938964844,,247.60000610351562,,248.91000366210938,,0.0
2012-06-22,,246.5800018310547,,247.9499969482422,,246.16000366210938,,247.74000549316406,,0.0
2012-06-25,,242.82000732421875,,246.14999389648438,,242.17999267578125,,246.14999389648438,,0.0
2012-06-26,,242.58999633789062,,243.74000549316406,,242.08999633789062,,243.02999877929688,,0.0
2012-06-27,,245.8699951171875,,245.89999389648438,,242.6999969482422,,243.22000122070312,,0.0
2012-06-28,,244.6699981689453,,246.49000549316406,,242.75999450683594,,246.17999267578125,,0.0
2012-06-29,,251.1699981689453,,251.5500030517578,,246.85000610351562,,246.85000610351562,,0.0
2012-07-02,,254.82000732421875,,254.83999633789062,,251.4499969482422,,251.69000244140625,,0.0
2012-07-03,,257.3900146484375,,257.3900146484375,,254.91000366210938,,254.91000366210938,,0.0
2012-07-04,,257.3299865722656,,257.5400085449219,,256.1099853515625,,257.20001220703125,,0.0
2012-07-05,,256.92999267578125,,259.260009765625,,255.41000366210938,,257.20001220703125,,0.0
2012-07-06,,254.39999389648438,,256.70001220703125,,254.3000030517578,,256.4200134277344,,0.0
2012-07-09,,253.4600067138672,,254.72000122070312,,252.77000427246094,,254.30999755859375,,0.0
2012-07-10,,255.60000610351562,,256.94000244140625,,253.11000061035156,,253.7899932861328,,0.0
2012-07-11,,255.58999633789062,,256.2699890136719,,254.10000610351562,,255.07000732421875,,0.0
2012-07-12,,252.88999938964844,,254.8000030517578,,251.9499969482422,,254.6300048828125,,0.0
2012-07-13,,256.260009765625,,256.4100036621094,,253.3800048828125,,253.3800048828125,,0.0
2012-07-16,,256.7300109863281,,256.8900146484375,,255.4199981689453,,256.1400146484375,,0.0
2012-07-17,,256.0899963378906,,257.489990234375,,255.5800018310547,,256.80999755859375,,0.0
2012-07-18,,258.92999267578125,,259.010009765625,,256.260009765625,,256.4700012207031,,0.0
2012-07-19,,261.8599853515625,,261.989990234375,,258.8900146484375,,258.8900146484375,,0.0
2012-07-20,,258.1700134277344,,261.6400146484375,,257.8800048828125,,261.5,,0.0
2012-07-23,,251.75,,256.8599853515625,,250.74000549316406,,256.8599853515625,,0.0
2012-07-24,,250.57000732421875,,252.9199981689453,,250.27999877929688,,252.13999938964844,,0.0
2012-07-25,,250.38999938964844,,251.72000122070312,,249.77000427246094,,250.10000610351562,,0.0
2012-07-26,,256.5799865722656,,257.010009765625,,249.8800048828125,,250.4600067138672,,0.0
2012-07-27,,259.80999755859375,,259.8800048828125,,255.75999450683594,,257.239990234375,,0.0
2012-07-30,,263.94000244140625,,264.4599914550781,,260.8599853515625,,260.8599853515625,,0.0
2012-07-31,,261.3800048828125,,264.0199890136719,,261.2099914550781,,263.5199890136719,,0.0
2012-08-02,,259.2799987792969,,265.1199951171875,,259.2799987792969,,262.760009765625,,0.0
2012-08-03,,265.5799865722656,,265.6000061035156,,259.3800048828125,,259.3800048828125,,0.0
2012-08-06,,266.79998779296875,,267.5299987792969,,264.6600036621094,,265.1600036621094,,0.0
2012-08-07,,268.79998779296875,,268.79998779296875,,266.0899963378906,,266.6300048828125,,0.0
2012-08-08,,269.20001220703125,,269.20001220703125,,267.05999755859375,,268.1000061035156,,0.0
2012-08-09,,270.2699890136719,,270.5799865722656,,268.6600036621094,,269.8800048828125,,0.0
2012-08-10,,269.8800048828125,,270.19000244140625,,268.510009765625,,269.489990234375,,0.0
2012-08-13,,268.7200012207031,,270.07000732421875,,267.82000732421875,,269.70001220703125,,0.0
2012-08-14,,270.5400085449219,,270.70001220703125,,269.1400146484375,,269.1400146484375,,0.0
2012-08-15,,270.3500061035156,,271.05999755859375,,268.8299865722656,,269.7099914550781,,0.0
2012-08-16,,271.2200012207031,,271.2200012207031,,269.6499938964844,,270.3699951171875,,0.0
2012-08-17,,272.8299865722656,,272.8299865722656,,271.4100036621094,,271.510009765625,,0.0
2012-08-20,,271.5,,273.6000061035156,,270.6499938964844,,272.57000732421875,,0.0
2012-08-21,,272.5799865722656,,273.1000061035156,,271.7799987792969,,271.7799987792969,,0.0
2012-08-22,,269.2699890136719,,271.7900085449219,,269.1600036621094,,271.7900085449219,,0.0
2012-08-23,,267.69000244140625,,270.94000244140625,,266.9700012207031,,270.010009765625,,0.0
2012-08-24,,268.0,,268.2900085449219,,266.1600036621094,,267.739990234375,,0.0
2012-08-27,,269.20001220703125,,269.20001220703125,,267.42999267578125,,268.010009765625,,0.0
2012-08-28,,267.32000732421875,,268.8999938964844,,266.5799865722656,,268.8999938964844,,0.0
2012-08-29,,267.010009765625,,267.6400146484375,,265.8900146484375,,267.25,,0.0
2012-08-30,,264.9700012207031,,266.4599914550781,,264.3900146484375,,266.3900146484375,,0.0
2012-08-31,,266.2300109863281,,267.42999267578125,,264.3599853515625,,264.760009765625,,0.0
2012-09-03,,268.4700012207031,,268.4700012207031,,265.6199951171875,,265.989990234375,,0.0
2012-09-04,,265.42999267578125,,268.2900085449219,,265.0199890136719,,268.2900085449219,,0.0
2012-09-05,,265.489990234375,,266.57000732421875,,264.2200012207031,,265.239990234375,,0.0
2012-09-06,,271.6700134277344,,271.8399963378906,,265.6000061035156,,265.6000061035156,,0.0
2012-09-07,,272.29998779296875,,273.82000732421875,,271.92999267578125,,272.1099853515625,,0.0
2012-09-10,,271.69000244140625,,272.4700012207031,,271.25,,271.8699951171875,,0.0
2012-09-11,,272.5799865722656,,272.5799865722656,,269.9800109863281,,271.17999267578125,,0.0
2012-09-12,,272.9100036621094,,274.5799865722656,,272.0899963378906,,272.7699890136719,,0.0
2012-09-13,,272.4200134277344,,272.75,,271.4100036621094,,272.6000061035156,,0.0
2012-09-14,,275.95001220703125,,276.55999755859375,,273.8999938964844,,273.8999938964844,,0.0
2012-09-17,,275.010009765625,,275.79998779296875,,274.5400085449219,,275.32000732421875,,0.0
2012-09-18,,273.79998779296875,,274.510009765625,,272.3399963378906,,274.510009765625,,0.0
2012-09-19,,274.8999938964844,,275.2699890136719,,273.6600036621094,,274.19000244140625,,0.0
2012-09-20,,274.5,,274.67999267578125,,273.05999755859375,,274.2799987792969,,0.0
2012-09-21,,275.7799987792969,,276.1400146484375,,274.5,,275.17999267578125,,0.0
2012-09-24,,274.70001220703125,,275.1700134277344,,273.6600036621094,,275.1199951171875,,0.0
2012-09-25,,275.7799987792969,,276.1199951171875,,274.32000732421875,,274.7900085449219,,0.0
2012-09-26,,270.7200012207031,,274.6199951171875,,270.29998779296875,,274.6199951171875,,0.0
2012-09-27,,271.6499938964844,,272.3399963378906,,270.9700012207031,,271.5199890136719,,0.0
2012-09-28,,268.4800109863281,,272.75,,268.4800109863281,,272.1400146484375,,0.0
2012-10-01,,272.3299865722656,,272.6199951171875,,268.3399963378906,,268.3500061035156,,0.0
2012-10-02,,271.6199951171875,,273.5400085449219,,270.5,,271.5199890136719,,0.0
2012-10-03,,271.3699951171875,,272.0,,270.3500061035156,,271.1099853515625,,0.0
2012-10-04,,271.3299865722656,,272.7200012207031,,270.3999938964844,,271.7300109863281,,0.0
2012-10-05,,274.1099853515625,,274.6000061035156,,271.8599853515625,,271.8599853515625,,0.0
2012-10-08,,271.42999267578125,,273.04998779296875,,271.17999267578125,,273.04998779296875,,0.0
2012-10-09,,270.20001220703125,,272.1499938964844,,269.9599914550781,,271.8599853515625,,0.0
2012-10-10,,268.7099914550781,,270.2699890136719,,268.7099914550781,,269.8800048828125,,0.0
2012-10-11,,270.8399963378906,,271.5,,268.3699951171875,,268.70001220703125,,0.0
2012-10-12,,269.42999267578125,,270.8500061035156,,269.42999267578125,,270.45001220703125,,0.0
2012-10-15,,270.79998779296875,,271.54998779296875,,269.2799987792969,,269.3299865722656,,0.0
2012-10-16,,274.3800048828125,,274.3800048828125,,271.3500061035156,,271.3500061035156,,0.0
2012-10-17,,275.6600036621094,,275.7699890136719,,273.7699890136719,,274.2300109863281,,0.0
2012-10-18,,276.17999267578125,,276.5400085449219,,274.82000732421875,,275.75,,0.0
2012-10-19,,274.0799865722656,,275.8399963378906,,273.7900085449219,,275.57000732421875,,0.0
2012-10-22,,272.95001220703125,,274.8399963378906,,272.54998779296875,,273.8399963378906,,0.0
2012-10-23,,268.3999938964844,,273.3900146484375,,267.82000732421875,,273.17999267578125,,0.0
2012-10-24,,269.5199890136719,,270.2799987792969,,267.2900085449219,,268.69000244140625,,0.0
2012-10-25,,270.2300109863281,,271.6499938964844,,269.3500061035156,,269.67999267578125,,0.0
2012-10-26,,270.510009765625,,271.2799987792969,,268.1600036621094,,269.3299865722656,,0.0
2012-10-29,,269.4599914550781,,270.2300109863281,,268.6000061035156,,270.0400085449219,,0.0
2012-10-30,,271.760009765625,,271.9200134277344,,269.5899963378906,,269.5899963378906,,0.0
2012-10-31,,270.29998779296875,,273.0299987792969,,270.29998779296875,,271.8500061035156,,0.0
2012-11-01,,273.70001220703125,,273.7900085449219,,270.010009765625,,270.3299865722656,,0.0
2012-11-02,,274.8500061035156,,275.57000732421875,,273.32000732421875,,273.75,,0.0
2012-11-05,,273.2099914550781,,274.20001220703125,,272.7900085449219,,274.20001220703125,,0.0
2012-11-06,,274.739990234375,,274.82000732421875,,273.45001220703125,,273.510009765625,,0.0
2012-11-07,,271.0400085449219,,276.55999755859375,,270.94000244140625,,275.239990234375,,0.0
2012-11-08,,270.5799865722656,,272.5299987792969,,270.25,,271.6300048828125,,0.0
2012-11-09,,270.2699890136719,,271.04998779296875,,267.6499938964844,,270.6700134277344,,0.0
2012-11-12,,269.5299987792969,,270.7200012207031,,269.3800048828125,,270.17999267578125,,0.0
2012-11-13,,270.6000061035156,,270.69000244140625,,267.4700012207031,,269.1499938964844,,0.0
2012-11-14,,268.1400146484375,,270.42999267578125,,267.8699951171875,,270.0799865722656,,0.0
2012-11-15,,265.5199890136719,,267.1000061035156,,265.45001220703125,,266.9599914550781,,0.0
2012-11-16,,262.8599853515625,,266.1600036621094,,262.8599853515625,,265.7099914550781,,0.0
2012-11-19,,268.5799865722656,,268.6300048828125,,263.92999267578125,,263.92999267578125,,0.0
2012-11-20,,269.489990234375,,269.6199951171875,,267.6400146484375,,268.2200012207031,,0.0
2012-11-21,,270.1099853515625,,270.3900146484375,,268.67999267578125,,269.3299865722656,,0.0
2012-11-22,,271.70001220703125,,271.82000732421875,,270.54998779296875,,270.54998779296875,,0.0
2012-11-23,,273.3299865722656,,273.4100036621094,,271.0,,271.8800048828125,,0.0
2012-11-26,,272.0,,273.0299987792969,,271.5400085449219,,272.8599853515625,,0.0
2012-11-27,,272.8599853515625,,273.7799987792969,,272.260009765625,,272.4700012207031,,0.0
2012-11-28,,273.1499938964844,,273.19000244140625,,271.1099853515625,,272.4200134277344,,0.0
2012-11-29,,276.30999755859375,,276.4700012207031,,273.80999755859375,,273.80999755859375,,0.0
2012-11-30,,275.7799987792969,,277.1000061035156,,275.7799987792969,,276.07000732421875,,0.0
2012-12-03,,276.1300048828125,,277.95001220703125,,275.8399963378906,,275.94000244140625,,0.0
2012-12-04,,276.239990234375,,277.2699890136719,,275.7200012207031,,275.9599914550781,,0.0
2012-12-05,,276.9100036621094,,277.4599914550781,,276.1400146484375,,276.5,,0.0
2012-12-06,,278.82000732421875,,279.25,,277.07000732421875,,277.07000732421875,,0.0
2012-12-07,,279.1700134277344,,280.0,,278.260009765625,,279.2300109863281,,0.0
2012-12-10,,279.54998779296875,,279.6099853515625,,277.45001220703125,,278.80999755859375,,0.0
2012-12-11,,280.489990234375,,280.8399963378906,,278.92999267578125,,279.3699951171875,,0.0
2012-12-12,,280.6400146484375,,281.1499938964844,,280.05999755859375,,280.42999267578125,,0.0
2012-12-13,,279.6300048828125,,280.7300109863281,,279.2900085449219,,280.510009765625,,0.0
2012-12-14,,279.3999938964844,,280.2300109863281,,279.1000061035156,,279.54998779296875,,0.0
2012-12-17,,279.17999267578125,,279.4700012207031,,278.0799865722656,,279.3399963378906,,0.0
2012-12-18,,280.4599914550781,,280.79998779296875,,279.54998779296875,,279.54998779296875,,0.0
2012-12-19,,281.6499938964844,,282.1099853515625,,280.75,,280.75,,0.0
2012-12-20,,281.80999755859375,,282.05999755859375,,281.0899963378906,,281.55999755859375,,0.0
2012-12-21,,280.95001220703125,,281.3900146484375,,279.3999938964844,,281.25,,0.0
2012-12-27,,280.6000061035156,,281.45001220703125,,279.9700012207031,,280.0899963378906,,0.0
2012-12-28,,278.7799987792969,,280.94000244140625,,278.7300109863281,,280.510009765625,,0.0
2013-01-03,,286.8299865722656,,286.8599853515625,,285.510009765625,,285.510009765625,,0.0
2013-01-04,,287.8299865722656,,287.8299865722656,,285.8699951171875,,286.6300048828125,,0.0
2013-01-07,,286.6300048828125,,288.0799865722656,,286.42999267578125,,287.989990234375,,0.0
2013-01-08,,286.25,,287.69000244140625,,285.9599914550781,,286.2799987792969,,0.0
2013-01-09,,288.2200012207031,,288.45001220703125,,286.6400146484375,,286.6400146484375,,0.0
2013-01-10,,287.44000244140625,,288.8299865722656,,286.94000244140625,,288.2300109863281,,0.0
2013-01-11,,287.0799865722656,,287.9599914550781,,286.1400146484375,,287.3299865722656,,0.0
2013-01-14,,286.010009765625,,287.8699951171875,,285.6099853515625,,287.3699951171875,,0.0
2013-01-15,,285.9700012207031,,286.32000732421875,,284.70001220703125,,285.79998779296875,,0.0
2013-01-16,,286.0299987792969,,286.239990234375,,284.70001220703125,,285.8599853515625,,0.0
2013-01-17,,287.3500061035156,,287.6300048828125,,285.5899963378906,,285.7699890136719,,0.0
2013-01-18,,287.0299987792969,,287.92999267578125,,287.0299987792969,,287.3500061035156,,0.0
2013-01-21,,287.7799987792969,,287.92999267578125,,286.9100036621094,,287.29998779296875,,0.0
2013-01-22,,287.6600036621094,,287.8699951171875,,285.5,,287.3500061035156,,0.0
2013-01-23,,288.2200012207031,,288.2300109863281,,287.2799987792969,,287.2900085449219,,0.0
2013-01-24,,288.8900146484375,,289.0899963378906,,287.1000061035156,,287.8500061035156,,0.0
2013-01-25,,289.7200012207031,,289.82000732421875,,288.1000061035156,,288.6000061035156,,0.0
2013-01-28,,289.3599853515625,,290.0799865722656,,289.2799987792969,,289.6000061035156,,0.0
2013-01-29,,290.29998779296875,,290.44000244140625,,288.8299865722656,,289.79998779296875,,0.0
2013-01-30,,288.6300048828125,,290.3299865722656,,288.0799865722656,,290.19000244140625,,0.0
2013-01-31,,287.2200012207031,,288.95001220703125,,286.8800048828125,,288.75,,0.0
2013-02-01,,288.20001220703125,,289.2200012207031,,286.8699951171875,,286.94000244140625,,0.0
2013-02-04,,283.8999938964844,,288.70001220703125,,283.8999938964844,,288.5299987792969,,0.0
2013-02-05,,285.55999755859375,,286.42999267578125,,284.3399963378906,,284.3399963378906,,0.0
2013-02-06,,284.5199890136719,,286.7300109863281,,283.3999938964844,,285.0799865722656,,0.0
2013-02-07,,283.8800048828125,,286.20001220703125,,283.7900085449219,,284.739990234375,,0.0
2013-02-08,,287.3399963378906,,287.3999938964844,,284.42999267578125,,284.44000244140625,,0.0
2013-02-11,,285.6199951171875,,287.2099914550781,,284.989990234375,,286.5199890136719,,0.0
2013-02-12,,287.07000732421875,,287.07000732421875,,284.8599853515625,,285.3500061035156,,0.0
2013-02-13,,288.2699890136719,,289.010009765625,,286.2200012207031,,287.2099914550781,,0.0
2013-02-14,,287.7900085449219,,288.9200134277344,,286.57000732421875,,288.45001220703125,,0.0
2013-02-15,,287.3399963378906,,288.67999267578125,,287.1099853515625,,287.45001220703125,,0.0
2013-02-18,,286.760009765625,,287.0299987792969,,285.9800109863281,,287.0299987792969,,0.0
2013-02-19,,290.010009765625,,290.1199951171875,,286.489990234375,,286.6499938964844,,0.0
2013-02-20,,289.07000732421875,,290.3599853515625,,288.6499938964844,,289.3399963378906,,0.0
2013-02-21,,284.8599853515625,,288.32000732421875,,284.5,,288.32000732421875,,0.0
2013-02-22,,288.57000732421875,,288.82000732421875,,285.7099914550781,,285.7099914550781,,0.0
2013-02-25,,288.3999938964844,,290.489990234375,,286.989990234375,,288.19000244140625,,0.0
2013-02-26,,284.6000061035156,,288.1499938964844,,284.489990234375,,288.1499938964844,,0.0
2013-02-27,,287.1700134277344,,287.3399963378906,,283.8999938964844,,284.92999267578125,,0.0
2013-02-28,,289.94000244140625,,290.0799865722656,,287.70001220703125,,287.70001220703125,,0.0
2013-03-01,,289.0199890136719,,290.45001220703125,,286.6600036621094,,289.45001220703125,,0.0
2013-03-04,,288.8900146484375,,289.2900085449219,,287.2099914550781,,288.44000244140625,,0.0
2013-03-05,,294.1099853515625,,294.3800048828125,,289.8599853515625,,289.8599853515625,,0.0
2013-03-06,,293.3800048828125,,295.1700134277344,,293.239990234375,,294.17999267578125,,0.0
2013-03-07,,293.19000244140625,,294.3900146484375,,293.05999755859375,,293.3500061035156,,0.0
2013-03-08,,295.54998779296875,,296.1600036621094,,293.5299987792969,,293.5299987792969,,0.0
2013-03-11,,295.260009765625,,295.3299865722656,,294.07000732421875,,295.1499938964844,,0.0
2013-03-12,,295.3699951171875,,296.010009765625,,294.79998779296875,,295.0299987792969,,0.0
2013-03-13,,295.32000732421875,,295.32000732421875,,293.9700012207031,,295.29998779296875,,0.0
2013-03-14,,298.5199890136719,,298.5199890136719,,295.79998779296875,,295.79998779296875,,0.0
2013-03-15,,297.44000244140625,,298.8999938964844,,296.5199890136719,,298.8299865722656,,0.0
2013-03-18,,296.80999755859375,,297.1499938964844,,293.739990234375,,296.45001220703125,,0.0
2013-03-19,,295.54998779296875,,297.0799865722656,,294.8599853515625,,296.510009765625,,0.0
2013-03-20,,296.5,,297.260009765625,,295.9200134277344,,296.05999755859375,,0.0
2013-03-21,,294.4700012207031,,296.5400085449219,,293.45001220703125,,296.4700012207031,,0.0
2013-03-22,,294.0400085449219,,295.3500061035156,,293.3900146484375,,294.5400085449219,,0.0
2013-03-25,,293.25,,297.0299987792969,,292.6600036621094,,295.3800048828125,,0.0
2013-03-26,,293.760009765625,,294.3500061035156,,292.6499938964844,,293.8299865722656,,0.0
2013-03-27,,292.44000244140625,,293.010009765625,,291.3299865722656,,293.010009765625,,0.0
2013-03-28,,293.7799987792969,,294.8999938964844,,292.44000244140625,,292.6700134277344,,0.0
2013-04-02,,297.5199890136719,,297.760009765625,,293.8699951171875,,293.8699951171875,,0.0
2013-04-03,,294.79998779296875,,297.4700012207031,,294.7200012207031,,296.9700012207031,,0.0
2013-04-04,,291.7099914550781,,295.3999938964844,,291.5,,294.79998779296875,,0.0
2013-04-05,,287.1300048828125,,291.8800048828125,,285.4100036621094,,291.55999755859375,,0.0
2013-04-08,,287.6400146484375,,289.239990234375,,287.3399963378906,,287.8500061035156,,0.0
2013-04-09,,288.07000732421875,,289.55999755859375,,287.2099914550781,,288.45001220703125,,0.0
2013-04-10,,293.19000244140625,,293.6099853515625,,288.4700012207031,,288.4700012207031,,0.0
2013-04-11,,294.9599914550781,,295.3800048828125,,292.8299865722656,,293.2300109863281,,0.0
2013-04-12,,292.3900146484375,,294.7200012207031,,291.6600036621094,,294.7200012207031,,0.0
2013-04-15,,290.42999267578125,,292.6400146484375,,288.79998779296875,,292.1499938964844,,0.0
2013-04-16,,288.1600036621094,,290.1499938964844,,288.04998779296875,,289.6199951171875,,0.0
2013-04-17,,283.7300109863281,,289.510009765625,,282.9800109863281,,289.05999755859375,,0.0
2013-04-18,,283.7300109863281,,285.6000061035156,,282.9599914550781,,284.2099914550781,,0.0
2013-04-19,,285.2099914550781,,286.5799865722656,,283.94000244140625,,284.8999938964844,,0.0
2013-04-22,,285.67999267578125,,287.8699951171875,,284.75,,285.67999267578125,,0.0
2013-04-23,,292.6300048828125,,292.6300048828125,,285.6199951171875,,285.6300048828125,,0.0
2013-04-24,,294.6300048828125,,294.9200134277344,,292.2099914550781,,292.29998779296875,,0.0
2013-04-25,,296.8800048828125,,297.32000732421875,,293.5899963378906,,294.3500061035156,,0.0
2013-04-26,,295.8900146484375,,296.260009765625,,294.32000732421875,,296.20001220703125,,0.0
2013-04-29,,297.3900146484375,,297.489990234375,,295.989990234375,,296.0299987792969,,0.0
2013-04-30,,296.7200012207031,,298.92999267578125,,295.92999267578125,,297.80999755859375,,0.0
2013-05-02,,297.8800048828125,,298.2799987792969,,295.5299987792969,,296.5199890136719,,0.0
2013-05-03,,301.0400085449219,,301.7200012207031,,297.4100036621094,,298.0199890136719,,0.0
2013-05-06,,300.9700012207031,,301.0400085449219,,300.3500061035156,,300.8999938964844,,0.0
2013-05-07,,301.739990234375,,302.5299987792969,,301.1099853515625,,301.3900146484375,,0.0
2013-05-08,,303.6700134277344,,303.8699951171875,,301.44000244140625,,301.489990234375,,0.0
2013-05-10,,304.989990234375,,306.0,,303.6700134277344,,303.6700134277344,,0.0
2013-05-13,,304.4599914550781,,305.4800109863281,,303.44000244140625,,305.010009765625,,0.0
2013-05-14,,305.6600036621094,,305.6600036621094,,303.0799865722656,,304.510009765625,,0.0
2013-05-15,,308.05999755859375,,308.1400146484375,,305.2300109863281,,305.4599914550781,,0.0
2013-05-16,,307.9700012207031,,308.4700012207031,,307.1600036621094,,307.80999755859375,,0.0
2013-05-17,,308.7200012207031,,308.94000244140625,,306.6199951171875,,307.5400085449219,,0.0
2013-05-21,,309.989990234375,,309.989990234375,,307.70001220703125,,309.3399963378906,,0.0
2013-05-22,,310.5899963378906,,310.5899963378906,,309.739990234375,,309.739990234375,,0.0
2013-05-23,,303.989990234375,,308.6099853515625,,302.57000732421875,,308.6099853515625,,0.0
2013-05-24,,303.3500061035156,,305.2200012207031,,302.2200012207031,,304.5899963378906,,0.0
2013-05-27,,304.3399963378906,,304.4599914550781,,303.6400146484375,,303.8299865722656,,0.0
2013-05-28,,308.2300109863281,,309.5,,305.3699951171875,,305.3699951171875,,0.0
2013-05-29,,302.5,,307.3800048828125,,302.3299865722656,,307.3800048828125,,0.0
2013-05-30,,303.54998779296875,,304.2300109863281,,302.44000244140625,,302.5400085449219,,0.0
2013-05-31,,300.8800048828125,,303.75,,300.3500061035156,,303.75,,0.0
2013-06-03,,298.5899963378906,,301.5899963378906,,297.239990234375,,300.2200012207031,,0.0
2013-06-04,,299.5899963378906,,300.8800048828125,,299.1700134277344,,299.3399963378906,,0.0
2013-06-05,,295.1199951171875,,299.44000244140625,,295.1199951171875,,298.6400146484375,,0.0
2013-06-06,,291.69000244140625,,296.3599853515625,,291.69000244140625,,295.1099853515625,,0.0
2013-06-07,,295.3999938964844,,296.1099853515625,,290.55999755859375,,291.9200134277344,,0.0
2013-06-10,,295.2200012207031,,296.2300109863281,,294.42999267578125,,295.20001220703125,,0.0
2013-06-11,,291.739990234375,,294.4200134277344,,289.0799865722656,,294.4200134277344,,0.0
2013-06-12,,290.67999267578125,,293.7799987792969,,290.5,,291.6499938964844,,0.0
2013-06-13,,290.510009765625,,290.75,,285.70001220703125,,288.7200012207031,,0.0
2013-06-14,,291.1300048828125,,292.54998779296875,,290.32000732421875,,291.1099853515625,,0.0
2013-06-17,,293.25,,294.8699951171875,,291.67999267578125,,291.67999267578125,,0.0
2013-06-18,,293.0199890136719,,294.1700134277344,,291.8399963378906,,292.5299987792969,,0.0
2013-06-19,,292.3599853515625,,293.8500061035156,,291.4599914550781,,293.5,,0.0
2013-06-20,,283.67999267578125,,289.94000244140625,,283.1300048828125,,289.94000244140625,,0.0
2013-06-21,,280.3999938964844,,286.5400085449219,,280.3999938964844,,284.0299987792969,,0.0
2013-06-24,,275.6600036621094,,280.6400146484375,,274.9700012207031,,280.510009765625,,0.0
2013-06-25,,279.69000244140625,,280.2900085449219,,276.9200134277344,,277.19000244140625,,0.0
2013-06-26,,284.5400085449219,,285.1300048828125,,279.6300048828125,,280.19000244140625,,0.0
2013-06-27,,286.4200134277344,,287.7099914550781,,283.6400146484375,,284.32000732421875,,0.0
2013-06-28,,285.0199890136719,,287.5899963378906,,284.010009765625,,286.7799987792969,,0.0
2013-07-01,,288.2900085449219,,288.9800109863281,,284.54998779296875,,286.6000061035156,,0.0
2013-07-02,,287.1300048828125,,288.260009765625,,285.6400146484375,,288.2300109863281,,0.0
2013-07-03,,285.4599914550781,,286.0299987792969,,282.6499938964844,,286.0299987792969,,0.0
2013-07-04,,292.1499938964844,,292.3900146484375,,286.4100036621094,,286.4100036621094,,0.0
2013-07-05,,288.30999755859375,,293.760009765625,,288.30999755859375,,292.4100036621094,,0.0
2013-07-08,,292.3699951171875,,293.3500061035156,,289.3900146484375,,289.3900146484375,,0.0
2013-07-09,,294.5799865722656,,295.3999938964844,,293.1099853515625,,293.1099853515625,,0.0
2013-07-10,,294.8399963378906,,295.67999267578125,,292.989990234375,,294.7900085449219,,0.0
2013-07-11,,296.5400085449219,,297.80999755859375,,295.8399963378906,,295.95001220703125,,0.0
2013-07-12,,296.20001220703125,,298.19000244140625,,296.0899963378906,,297.0799865722656,,0.0
2013-07-15,,297.3800048828125,,298.3599853515625,,296.3399963378906,,296.45001220703125,,0.0
2013-07-16,,295.30999755859375,,297.80999755859375,,295.1400146484375,,297.44000244140625,,0.0
2013-07-17,,297.0400085449219,,297.70001220703125,,293.6600036621094,,295.4599914550781,,0.0
2013-07-18,,299.760009765625,,300.2099914550781,,296.1300048828125,,296.5,,0.0
2013-07-19,,299.8500061035156,,300.04998779296875,,298.25,,299.3299865722656,,0.0
2013-07-22,,300.29998779296875,,300.8299865722656,,299.29998779296875,,300.0,,0.0
2013-07-23,,299.44000244140625,,301.6600036621094,,299.44000244140625,,300.6199951171875,,0.0
2013-07-24,,301.1000061035156,,302.2799987792969,,299.6700134277344,,299.8900146484375,,0.0
2013-07-25,,299.6300048828125,,301.3800048828125,,297.80999755859375,,301.2200012207031,,0.0
2013-07-26,,298.9100036621094,,301.7099914550781,,298.1199951171875,,300.4100036621094,,0.0
2013-07-29,,299.05999755859375,,300.9200134277344,,298.6199951171875,,299.6700134277344,,0.0
2013-07-30,,299.42999267578125,,300.6099853515625,,298.6700134277344,,299.510009765625,,226371700.0
2013-07-31,,299.5799865722656,,300.6499938964844,,298.04998779296875,,298.6499938964844,,233564500.0
2013-08-02,,304.1499938964844,,304.4800109863281,,302.8299865722656,,303.54998779296875,,233684200.0
2013-08-05,,304.739990234375,,305.9800109863281,,303.8399963378906,,304.6700134277344,,175383100.0
2013-08-06,,303.5,,305.8500061035156,,302.20001220703125,,304.7300109863281,,229115600.0
2013-08-07,,302.80999755859375,,303.3900146484375,,301.20001220703125,,302.6700134277344,,215695900.0
2013-08-08,,304.1700134277344,,304.5899963378906,,302.510009765625,,302.9800109863281,,259643800.0
2013-08-09,,305.9200134277344,,306.5799865722656,,303.8699951171875,,304.54998779296875,,277971600.0
2013-08-12,,306.0799865722656,,306.6400146484375,,304.20001220703125,,305.94000244140625,,174433000.0
2013-08-13,,307.7900085449219,,307.8800048828125,,306.260009765625,,306.260009765625,,239651300.0
2013-08-14,,308.6199951171875,,309.05999755859375,,306.9100036621094,,307.42999267578125,,251997900.0
2013-08-15,,305.3399963378906,,308.1300048828125,,303.8500061035156,,308.1300048828125,,232262000.0
2013-08-16,,306.3599853515625,,306.44000244140625,,304.2300109863281,,305.1099853515625,,251768200.0
2013-08-19,,304.7699890136719,,306.55999755859375,,304.3900146484375,,306.4700012207031,,232853500.0
2013-08-20,,302.25,,303.95001220703125,,300.4599914550781,,303.95001220703125,,253687400.0
2013-08-21,,300.6099853515625,,302.79998779296875,,300.6000061035156,,302.5,,202424900.0
2013-08-22,,303.54998779296875,,304.4800109863281,,300.57000732421875,,300.57000732421875,,214932300.0
2013-08-23,,304.7099914550781,,305.3399963378906,,302.44000244140625,,303.6700134277344,,194530500.0
2013-08-26,,304.4800109863281,,304.95001220703125,,303.5799865722656,,304.7900085449219,,164826700.0
2013-08-27,,299.010009765625,,304.0199890136719,,299.010009765625,,303.6000061035156,,263549500.0
2013-08-28,,297.8900146484375,,298.54998779296875,,295.8800048828125,,298.2900085449219,,260010800.0
2013-08-29,,300.1300048828125,,300.6099853515625,,298.2900085449219,,298.75,,239230400.0
2013-08-30,,297.32000732421875,,300.82000732421875,,297.32000732421875,,300.2900085449219,,274777800.0
2013-09-02,,302.94000244140625,,303.4599914550781,,299.0400085449219,,299.0400085449219,,197540600.0
2013-09-03,,301.7799987792969,,303.7799987792969,,300.75,,303.1099853515625,,281284700.0
2013-09-04,,302.3399963378906,,302.6700134277344,,299.760009765625,,302.30999755859375,,247645900.0
2013-09-05,,304.55999755859375,,304.55999755859375,,301.4599914550781,,302.6099853515625,,303306000.0
2013-09-06,,306.1000061035156,,306.67999267578125,,303.010009765625,,304.45001220703125,,273019500.0
2013-09-09,,305.8399963378906,,306.239990234375,,304.70001220703125,,305.9700012207031,,219025900.0
2013-09-10,,309.79998779296875,,310.0799865722656,,306.8399963378906,,306.8399963378906,,316384300.0
2013-09-11,,310.8800048828125,,310.989990234375,,309.6700134277344,,309.82000732421875,,293822600.0
2013-09-12,,310.739990234375,,311.30999755859375,,309.6199951171875,,310.8500061035156,,261191300.0
2013-09-13,,311.4599914550781,,311.4599914550781,,309.6400146484375,,310.4700012207031,,198153700.0
2013-09-16,,313.4200134277344,,314.2900085449219,,312.760009765625,,312.760009765625,,211566900.0
2013-09-17,,311.95001220703125,,312.94000244140625,,311.7300109863281,,312.94000244140625,,271227800.0
2013-09-18,,313.2799987792969,,313.5899963378906,,311.82000732421875,,312.19000244140625,,242747000.0
2013-09-19,,315.04998779296875,,317.17999267578125,,314.3699951171875,,314.8800048828125,,312191200.0
2013-09-20,,314.20001220703125,,315.5299987792969,,314.19000244140625,,314.7200012207031,,406032800.0
2013-09-23,,312.6199951171875,,314.8599853515625,,311.9800109863281,,314.2099914550781,,227210800.0
2013-09-24,,313.20001220703125,,313.6099853515625,,312.4100036621094,,312.6099853515625,,266354400.0
2013-09-25,,313.0199890136719,,313.5799865722656,,311.6700134277344,,312.9100036621094,,283147400.0
2013-09-26,,313.0199890136719,,313.8500061035156,,311.8299865722656,,313.29998779296875,,284415700.0
2013-09-27,,312.17999267578125,,314.1700134277344,,311.05999755859375,,313.7900085449219,,216191800.0
2013-09-30,,310.4599914550781,,311.2099914550781,,309.04998779296875,,311.2099914550781,,284061300.0
2013-10-01,,312.8599853515625,,312.8599853515625,,310.6700134277344,,310.67999267578125,,257509700.0
2013-10-02,,310.7900085449219,,312.1700134277344,,309.5299987792969,,312.1700134277344,,308256300.0
2013-10-03,,309.54998779296875,,311.6499938964844,,309.32000732421875,,310.8399963378906,,229169500.0
2013-10-04,,309.8900146484375,,310.5899963378906,,308.3599853515625,,309.3399963378906,,282796400.0
2013-10-07,,309.17999267578125,,309.4100036621094,,306.75,,309.19000244140625,,242470000.0
2013-10-08,,306.8399963378906,,309.4599914550781,,306.79998779296875,,309.07000732421875,,305374300.0
2013-10-09,,305.1300048828125,,306.9599914550781,,304.45001220703125,,306.3299865722656,,317499500.0
2013-10-10,,310.2900085449219,,310.6300048828125,,306.1000061035156,,306.1000061035156,,338475100.0
2013-10-11,,311.6099853515625,,311.7799987792969,,310.55999755859375,,310.9800109863281,,274693700.0
2013-10-14,,312.2200012207031,,312.2200012207031,,310.3999938964844,,311.07000732421875,,213467000.0
2013-10-15,,314.82000732421875,,315.1099853515625,,312.75,,312.75,,267682200.0
2013-10-16,,315.54998779296875,,315.8599853515625,,313.010009765625,,314.2200012207031,,319159500.0
2013-10-17,,315.9800109863281,,315.9800109863281,,313.6099853515625,,315.1499938964844,,284376000.0
2013-10-18,,318.4700012207031,,318.4700012207031,,316.55999755859375,,316.6499938964844,,283429400.0
2013-10-21,,319.5400085449219,,319.6400146484375,,318.30999755859375,,318.57000732421875,,216911600.0
2013-10-22,,320.9700012207031,,321.9200134277344,,319.1199951171875,,319.2699890136719,,252048700.0
2013-10-23,,318.989990234375,,319.94000244140625,,318.42999267578125,,319.94000244140625,,288797600.0
2013-10-24,,320.3800048828125,,320.3999938964844,,319.3699951171875,,319.3900146484375,,259662300.0
2013-10-25,,320.0899963378906,,320.7799987792969,,319.19000244140625,,319.8900146484375,,253703000.0
2013-10-28,,319.489990234375,,321.07000732421875,,318.67999267578125,,320.7099914550781,,238309900.0
2013-10-29,,320.7699890136719,,321.0,,318.9800109863281,,318.9800109863281,,284318000.0
2013-10-30,,320.79998779296875,,322.8999938964844,,320.1000061035156,,321.0,,287652000.0
2013-10-31,,322.3699951171875,,322.4599914550781,,320.1400146484375,,320.4200134277344,,294654300.0
2013-11-01,,321.5,,322.9100036621094,,321.0799865722656,,322.5,,202048900.0
2013-11-04,,322.5,,323.2799987792969,,322.1600036621094,,322.19000244140625,,217855200.0
2013-11-05,,321.8900146484375,,323.2799987792969,,320.4700012207031,,323.0,,274034900.0
2013-11-06,,323.260009765625,,324.1099853515625,,322.2099914550781,,322.2099914550781,,239265200.0
2013-11-07,,323.2300109863281,,328.0799865722656,,322.2900085449219,,323.1700134277344,,346428700.0
2013-11-08,,322.7200012207031,,322.8800048828125,,319.4700012207031,,322.2099914550781,,334223200.0
2013-11-11,,323.57000732421875,,324.0,,322.5199890136719,,323.0400085449219,,192395700.0
2013-11-12,,321.67999267578125,,323.7200012207031,,321.17999267578125,,323.2799987792969,,266342000.0
2013-11-13,,319.82000732421875,,321.4100036621094,,318.0,,321.4100036621094,,264008100.0
2013-11-14,,322.42999267578125,,322.7799987792969,,320.8999938964844,,321.510009765625,,256322900.0
2013-11-15,,323.0,,323.3900146484375,,321.9100036621094,,322.6700134277344,,230413200.0
2013-11-18,,324.70001220703125,,325.32000732421875,,322.2200012207031,,322.8599853515625,,226106100.0
2013-11-19,,322.55999755859375,,323.8900146484375,,322.1700134277344,,323.8900146484375,,198895900.0
2013-11-20,,322.9100036621094,,323.95001220703125,,321.2300109863281,,322.2200012207031,,218242500.0
2013-11-21,,322.4200134277344,,322.8999938964844,,320.5400085449219,,321.8800048828125,,203927500.0
2013-11-22,,322.7699890136719,,324.2900085449219,,321.9599914550781,,322.8399963378906,,195188100.0
2013-11-25,,324.17999267578125,,324.7799987792969,,323.4800109863281,,323.4800109863281,,220285800.0
2013-11-26,,322.239990234375,,324.25,,322.239990234375,,323.82000732421875,,370122300.0
2013-11-27,,324.0400085449219,,324.54998779296875,,322.5,,322.5,,247323500.0
2013-11-28,,325.19000244140625,,325.5199890136719,,324.239990234375,,324.239990234375,,224353100.0
2013-11-29,,325.1600036621094,,325.8699951171875,,324.7099914550781,,324.9100036621094,,227285600.0
2013-12-02,,324.1000061035156,,326.010009765625,,324.1000061035156,,325.6499938964844,,213241300.0
2013-12-03,,319.1300048828125,,324.1099853515625,,319.1300048828125,,324.1099853515625,,284053300.0
2013-12-04,,317.239990234375,,319.69000244140625,,315.67999267578125,,319.4100036621094,,303660300.0
2013-12-05,,314.4100036621094,,317.7099914550781,,314.4100036621094,,316.7799987792969,,282284900.0
2013-12-06,,316.5,,316.9700012207031,,313.6499938964844,,315.0199890136719,,269894800.0
2013-12-09,,317.1499938964844,,317.3699951171875,,315.8699951171875,,316.9100036621094,,213949000.0
2013-12-10,,314.9100036621094,,317.8599853515625,,314.79998779296875,,317.010009765625,,236931100.0
2013-12-11,,313.29998779296875,,316.1300048828125,,313.2699890136719,,314.8399963378906,,217898500.0
2013-12-12,,310.239990234375,,312.6700134277344,,310.239990234375,,312.6700134277344,,234353000.0
2013-12-13,,309.75,,311.0299987792969,,309.3900146484375,,310.239990234375,,216479000.0
2013-12-16,,313.6400146484375,,314.1700134277344,,309.3999938964844,,309.7900085449219,,231698600.0
2013-12-17,,311.30999755859375,,313.1700134277344,,311.30999755859375,,313.1199951171875,,221424200.0
2013-12-18,,313.989990234375,,314.3599853515625,,312.1300048828125,,312.1300048828125,,223477200.0
2013-12-19,,318.19000244140625,,319.260009765625,,315.8999938964844,,315.8999938964844,,213204000.0
2013-12-20,,321.1400146484375,,321.3900146484375,,319.6600036621094,,319.7200012207031,,459473800.0
2013-12-23,,323.3999938964844,,323.3999938964844,,321.3699951171875,,321.3699951171875,,192024900.0
2013-12-27,,327.67999267578125,,327.67999267578125,,324.8299865722656,,324.8299865722656,,167033200.0
2013-12-30,,327.1300048828125,,328.4200134277344,,326.5799865722656,,327.760009765625,,196129600.0
2014-01-03,,327.6400146484375,,328.0899963378906,,325.2799987792969,,326.1400146484375,,220228300.0
2014-01-06,,326.9800109863281,,328.1199951171875,,326.510009765625,,327.1000061035156,,194489900.0
2014-01-07,,329.3999938964844,,329.75,,326.67999267578125,,327.2300109863281,,344684700.0
2014-01-08,,329.75,,329.9100036621094,,328.7799987792969,,329.5299987792969,,378094300.0
2014-01-09,,328.4100036621094,,330.95001220703125,,327.82000732421875,,329.7900085449219,,356556600.0
2014-01-10,,329.95001220703125,,331.57000732421875,,329.0,,329.0,,289737000.0
2014-01-13,,330.7200012207031,,331.0799865722656,,329.8599853515625,,330.55999755859375,,251150800.0
2014-01-14,,331.2300109863281,,331.3299865722656,,327.3399963378906,,329.0,,283786700.0
2014-01-15,,334.510009765625,,334.6000061035156,,331.8699951171875,,331.8699951171875,,341459700.0
2014-01-16,,333.989990234375,,334.6000061035156,,333.6700134277344,,334.4599914550781,,313622100.0
2014-01-17,,335.82000732421875,,336.07000732421875,,333.75,,333.75,,329356800.0
2014-01-20,,335.5,,335.989990234375,,334.75,,335.42999267578125,,192173500.0
2014-01-21,,335.760009765625,,337.6499938964844,,335.32000732421875,,335.7300109863281,,256322100.0
2014-01-22,,336.05999755859375,,337.2699890136719,,335.07000732421875,,336.1300048828125,,299695500.0
2014-01-23,,332.69000244140625,,336.6700134277344,,331.94000244140625,,335.6099853515625,,287175700.0
2014-01-24,,324.75,,333.3599853515625,,324.5,,332.6700134277344,,374703400.0
2014-01-27,,322.0199890136719,,324.8399963378906,,321.3900146484375,,324.70001220703125,,360964400.0
2014-01-28,,324.2200012207031,,324.8800048828125,,322.760009765625,,322.95001220703125,,284382700.0
2014-01-29,,322.3900146484375,,328.0199890136719,,319.2900085449219,,325.5199890136719,,363736600.0
2014-01-30,,323.32000732421875,,324.25,,320.05999755859375,,322.1600036621094,,288617200.0
2014-01-31,,322.5199890136719,,323.5400085449219,,318.0,,323.3699951171875,,293402700.0
2014-02-03,,318.2099914550781,,323.8699951171875,,317.95001220703125,,322.239990234375,,284392300.0
2014-02-04,,317.5799865722656,,318.6600036621094,,315.6099853515625,,317.0199890136719,,348874500.0
2014-02-05,,318.0400085449219,,319.2099914550781,,316.739990234375,,317.5199890136719,,295228600.0
2014-02-06,,322.7699890136719,,323.3999938964844,,318.760009765625,,319.05999755859375,,361205200.0
2014-02-07,,325.0899963378906,,325.45001220703125,,322.69000244140625,,323.5299987792969,,308128200.0
2014-02-10,,325.29998779296875,,326.0299987792969,,324.6700134277344,,325.6400146484375,,217047400.0
2014-02-11,,329.5199890136719,,329.5199890136719,,325.8399963378906,,325.8399963378906,,286631500.0
2014-02-12,,332.0,,333.0199890136719,,329.9700012207031,,329.9700012207031,,303504300.0
2014-02-13,,331.4800109863281,,331.5199890136719,,328.7900085449219,,331.510009765625,,300836500.0
2014-02-14,,333.32000732421875,,333.42999267578125,,331.3500061035156,,331.5400085449219,,279830800.0
2014-02-18,,334.6000061035156,,334.8900146484375,,332.30999755859375,,334.7900085449219,,267328100.0
2014-02-19,,334.94000244140625,,335.3299865722656,,332.6099853515625,,334.3399963378906,,240624400.0
2014-02-20,,334.7799987792969,,334.7799987792969,,331.2799987792969,,333.4200134277344,,244328900.0
2014-02-21,,336.0899963378906,,336.4200134277344,,335.04998779296875,,335.70001220703125,,258167300.0
2014-02-24,,338.19000244140625,,338.19000244140625,,334.5899963378906,,335.79998779296875,,267680800.0
2014-02-25,,338.3900146484375,,338.5899963378906,,336.4599914550781,,337.95001220703125,,288748300.0
2014-02-26,,337.70001220703125,,338.57000732421875,,336.4700012207031,,338.2300109863281,,242182900.0
2014-02-27,,337.2099914550781,,338.0199890136719,,334.25,,337.760009765625,,300417700.0
2014-02-28,,338.0199890136719,,338.2300109863281,,335.510009765625,,337.510009765625,,295954400.0
2014-03-03,,330.3599853515625,,335.82000732421875,,330.2799987792969,,335.82000732421875,,336303500.0
2014-03-04,,337.1499938964844,,337.1499938964844,,332.30999755859375,,332.30999755859375,,346459500.0
2014-03-05,,337.05999755859375,,337.79998779296875,,336.29998779296875,,336.92999267578125,,429270800.0
2014-03-06,,337.2799987792969,,338.8999938964844,,337.0,,337.67999267578125,,489217400.0
2014-03-07,,333.05999755859375,,337.510009765625,,333.0,,337.17999267578125,,358485500.0
2014-03-10,,331.3999938964844,,334.7799987792969,,330.20001220703125,,332.5899963378906,,322415800.0
2014-03-11,,331.489990234375,,333.3900146484375,,330.8999938964844,,332.1600036621094,,326891800.0
2014-03-12,,327.95001220703125,,330.6199951171875,,326.5199890136719,,330.6199951171875,,370780700.0
2014-03-13,,324.510009765625,,328.70001220703125,,324.510009765625,,328.25,,340391600.0
2014-03-14,,322.2300109863281,,323.42999267578125,,320.2300109863281,,323.42999267578125,,417900600.0
2014-03-17,,325.8299865722656,,326.260009765625,,322.510009765625,,322.6199951171875,,285549700.0
2014-03-18,,327.92999267578125,,329.4599914550781,,324.0899963378906,,325.44000244140625,,344023900.0
2014-03-19,,327.6300048828125,,328.8500061035156,,327.1400146484375,,328.1199951171875,,402823700.0
2014-03-20,,327.6700134277344,,327.739990234375,,324.510009765625,,326.32000732421875,,333149900.0
2014-03-21,,327.9100036621094,,329.1099853515625,,327.19000244140625,,327.6700134277344,,505338800.0
2014-03-24,,324.3900146484375,,328.0,,323.8299865722656,,327.7300109863281,,288294600.0
2014-03-25,,328.57000732421875,,328.9800109863281,,324.55999755859375,,324.55999755859375,,264868800.0
2014-03-26,,330.92999267578125,,331.9700012207031,,328.8900146484375,,328.8999938964844,,352586900.0
2014-03-27,,331.3999938964844,,331.70001220703125,,329.54998779296875,,330.4800109863281,,268651400.0
2014-03-28,,333.760009765625,,333.9599914550781,,331.4100036621094,,331.4100036621094,,369620000.0
2014-03-31,,334.30999755859375,,335.94000244140625,,333.9200134277344,,334.5299987792969,,404531100.0
2014-04-01,,336.3500061035156,,336.94000244140625,,334.9800109863281,,334.9800109863281,,384458800.0
2014-04-02,,336.92999267578125,,337.3800048828125,,336.2699890136719,,336.3500061035156,,402948900.0
2014-04-03,,337.25,,338.45001220703125,,336.0299987792969,,337.07000732421875,,338191100.0
2014-04-04,,339.17999267578125,,339.8599853515625,,337.4800109863281,,337.6499938964844,,323569000.0
2014-04-07,,334.9599914550781,,337.8299865722656,,334.7799987792969,,337.8299865722656,,278242400.0
2014-04-08,,333.8900146484375,,335.7099914550781,,331.7099914550781,,335.2799987792969,,395786500.0
2014-04-09,,335.1600036621094,,336.25,,334.1700134277344,,334.19000244140625,,294131200.0
2014-04-10,,333.4100036621094,,337.1499938964844,,333.17999267578125,,335.9800109863281,,313492300.0
2014-04-11,,328.7699890136719,,332.04998779296875,,327.0799865722656,,332.04998779296875,,356134700.0
2014-04-14,,329.7900085449219,,329.7900085449219,,325.5,,328.3399963378906,,366588000.0
2014-04-15,,326.5799865722656,,330.32000732421875,,326.489990234375,,329.4700012207031,,386757700.0
2014-04-16,,330.82000732421875,,330.82000732421875,,328.44000244140625,,328.44000244140625,,300860300.0
2014-04-17,,332.42999267578125,,332.45001220703125,,329.67999267578125,,330.8500061035156,,298846600.0
2014-04-22,,337.0299987792969,,337.3900146484375,,333.4200134277344,,333.4200134277344,,285602400.0
2014-04-23,,335.04998779296875,,336.9100036621094,,334.8599853515625,,336.70001220703125,,267888000.0
2014-04-24,,336.1300048828125,,337.8399963378906,,333.42999267578125,,336.1499938964844,,265081400.0
2014-04-25,,333.5,,335.29998779296875,,332.5,,335.29998779296875,,218859200.0
2014-04-28,,334.1300048828125,,335.5899963378906,,333.489990234375,,333.57000732421875,,208001500.0
2014-04-29,,338.1199951171875,,338.1199951171875,,334.5899963378906,,334.5899963378906,,267503900.0
2014-04-30,,337.8900146484375,,338.3599853515625,,336.94000244140625,,337.55999755859375,,307176400.0
2014-05-02,,337.760009765625,,339.20001220703125,,337.1099853515625,,338.4200134277344,,271614400.0
2014-05-05,,336.8900146484375,,337.3999938964844,,334.6700134277344,,337.3800048828125,,212413900.0
2014-05-06,,336.0400085449219,,338.04998779296875,,335.2699890136719,,337.4200134277344,,236147400.0
2014-05-07,,336.0299987792969,,336.7300109863281,,334.54998779296875,,335.1700134277344,,276308300.0
2014-05-08,,339.55999755859375,,339.55999755859375,,335.5199890136719,,336.4800109863281,,280038000.0
2014-05-09,,338.5400085449219,,339.30999755859375,,337.55999755859375,,339.30999755859375,,247413600.0
2014-05-12,,340.9599914550781,,341.1700134277344,,338.92999267578125,,338.9700012207031,,238442400.0
2014-05-13,,341.8900146484375,,342.04998779296875,,340.7699890136719,,341.4800109863281,,255633300.0
2014-05-14,,341.5899963378906,,342.1000061035156,,340.8299865722656,,342.0199890136719,,264850700.0
2014-05-15,,338.5,,342.7099914550781,,337.9700012207031,,341.510009765625,,408245700.0
2014-05-16,,338.989990234375,,338.989990234375,,336.5199890136719,,338.25,,385362000.0
2014-05-19,,338.510009765625,,338.8999938964844,,335.95001220703125,,338.6700134277344,,256932600.0
2014-05-20,,338.32000732421875,,339.3800048828125,,337.7699890136719,,338.4700012207031,,229954100.0
2014-05-21,,340.3399963378906,,340.4800109863281,,336.6000061035156,,337.6600036621094,,245904600.0
2014-05-22,,341.0199890136719,,341.5799865722656,,339.9100036621094,,340.8299865722656,,217124100.0
2014-05-23,,341.760009765625,,341.94000244140625,,340.0299987792969,,341.20001220703125,,195017700.0
2014-05-26,,343.69000244140625,,343.69000244140625,,342.20001220703125,,342.20001220703125,,192294300.0
2014-05-27,,344.4700012207031,,344.7799987792969,,343.6099853515625,,343.8900146484375,,225873400.0
2014-05-28,,344.2900085449219,,344.489990234375,,343.489990234375,,344.2099914550781,,244842600.0
2014-05-30,,344.239990234375,,344.9700012207031,,343.8699951171875,,344.30999755859375,,333829700.0
2014-06-02,,345.0799865722656,,345.5400085449219,,344.2099914550781,,344.70001220703125,,205306100.0
2014-06-03,,343.4800109863281,,345.07000732421875,,342.94000244140625,,345.07000732421875,,195107500.0
2014-06-04,,343.55999755859375,,343.6700134277344,,342.239990234375,,343.1600036621094,,202219600.0
2014-06-05,,344.989990234375,,347.5799865722656,,342.8800048828125,,343.7900085449219,,311194100.0
2014-06-06,,347.29998779296875,,347.44000244140625,,344.8800048828125,,344.8800048828125,,328531400.0
2014-06-10,,349.7099914550781,,349.7099914550781,,348.0400085449219,,348.45001220703125,,234846400.0
2014-06-11,,347.739990234375,,349.6499938964844,,347.1400146484375,,349.6000061035156,,246687400.0
2014-06-12,,347.8299865722656,,348.9200134277344,,347.2799987792969,,347.8299865722656,,221801000.0
2014-06-13,,347.07000732421875,,348.3299865722656,,344.8800048828125,,348.3299865722656,,223008800.0
2014-06-16,,345.5199890136719,,347.1300048828125,,345.17999267578125,,346.67999267578125,,208552100.0
2014-06-17,,346.4200134277344,,347.0400085449219,,344.95001220703125,,345.92999267578125,,216672200.0
2014-06-18,,346.1300048828125,,347.489990234375,,346.1300048828125,,346.67999267578125,,203896900.0
2014-06-19,,348.1499938964844,,349.04998779296875,,347.6000061035156,,347.6000061035156,,235643000.0
2014-06-20,,348.0899963378906,,349.1499938964844,,347.7900085449219,,347.9800109863281,,366458500.0
2014-06-23,,346.30999755859375,,348.1400146484375,,345.5899963378906,,348.0400085449219,,191977200.0
2014-06-24,,345.57000732421875,,347.3299865722656,,344.9599914550781,,346.6300048828125,,221963600.0
2014-06-25,,341.94000244140625,,344.4200134277344,,340.92999267578125,,344.4200134277344,,331854700.0
2014-06-26,,341.8599853515625,,343.010009765625,,340.3800048828125,,342.3599853515625,,284380600.0
2014-06-27,,341.9700012207031,,342.79998779296875,,341.239990234375,,341.9800109863281,,208823300.0
2014-06-30,,341.8599853515625,,343.260009765625,,340.79998779296875,,342.1099853515625,,273654400.0
2014-07-01,,344.8900146484375,,344.9599914550781,,342.3599853515625,,342.3599853515625,,425164500.0
2014-07-02,,345.67999267578125,,346.3900146484375,,345.0299987792969,,345.07000732421875,,271246000.0
2014-07-03,,348.9100036621094,,348.92999267578125,,345.4200134277344,,345.6300048828125,,256217200.0
2014-07-04,,347.95001220703125,,348.95001220703125,,347.95001220703125,,348.95001220703125,,225972600.0
2014-07-07,,344.79998779296875,,347.9200134277344,,344.6700134277344,,347.7200012207031,,203161500.0
2014-07-08,,339.989990234375,,345.3500061035156,,339.989990234375,,345.0899963378906,,294751500.0
2014-07-09,,339.9599914550781,,340.6600036621094,,338.6300048828125,,340.3299865722656,,264318400.0
2014-07-10,,336.3699951171875,,339.9100036621094,,334.5799865722656,,339.9100036621094,,362225800.0
2014-07-11,,336.9100036621094,,338.04998779296875,,335.67999267578125,,336.7900085449219,,273686700.0
2014-07-14,,339.7900085449219,,340.2900085449219,,337.3500061035156,,337.3500061035156,,228098200.0
2014-07-15,,338.4200134277344,,340.239990234375,,338.2200012207031,,339.5400085449219,,255836800.0
2014-07-16,,342.9700012207031,,343.1600036621094,,339.1099853515625,,339.1099853515625,,269070900.0
2014-07-17,,339.739990234375,,342.2699890136719,,339.5299987792969,,342.2699890136719,,244392900.0
2014-07-18,,339.6600036621094,,339.739990234375,,337.1600036621094,,339.0400085449219,,227826300.0
2014-07-21,,337.95001220703125,,339.75,,337.3399963378906,,339.6400146484375,,184224500.0
2014-07-22,,342.44000244140625,,342.54998779296875,,338.82000732421875,,338.82000732421875,,207779900.0
2014-07-23,,342.8599853515625,,343.9200134277344,,341.6000061035156,,342.0,,231511900.0
2014-07-24,,344.3299865722656,,344.80999755859375,,341.6199951171875,,342.9700012207031,,282142300.0
2014-07-25,,341.95001220703125,,344.8500061035156,,341.3800048828125,,343.989990234375,,264734800.0
2014-07-28,,341.3399963378906,,342.8900146484375,,339.7200012207031,,342.4700012207031,,211271100.0
2014-07-29,,342.2699890136719,,343.489990234375,,340.7900085449219,,341.57000732421875,,214267000.0
2014-07-30,,340.44000244140625,,343.1099853515625,,339.82000732421875,,342.04998779296875,,262180700.0
2014-07-31,,335.989990234375,,341.0299987792969,,335.3699951171875,,340.70001220703125,,381221600.0
2014-08-04,,331.1499938964844,,333.0,,330.6300048828125,,332.6600036621094,,233248900.0
2014-08-05,,332.1000061035156,,333.7300109863281,,331.2900085449219,,331.989990234375,,270053700.0
2014-08-06,,329.19000244140625,,331.239990234375,,326.739990234375,,331.239990234375,,380097200.0
2014-08-07,,326.9599914550781,,329.92999267578125,,326.6600036621094,,329.05999755859375,,344512100.0
2014-08-08,,324.9100036621094,,326.2099914550781,,322.3999938964844,,325.25,,321970100.0
2014-08-11,,329.3599853515625,,329.80999755859375,,326.1199951171875,,326.1199951171875,,211916600.0
2014-08-12,,328.739990234375,,330.19000244140625,,328.1499938964844,,329.239990234375,,204167800.0
2014-08-13,,330.0199890136719,,330.6300048828125,,328.92999267578125,,329.2799987792969,,222489200.0
2014-08-14,,331.0400085449219,,331.5899963378906,,328.8699951171875,,329.67999267578125,,244320100.0
2014-08-15,,329.7200012207031,,333.92999267578125,,329.6499938964844,,331.57000732421875,,241674400.0
2014-08-18,,333.6000061035156,,333.9100036621094,,331.6099853515625,,331.6099853515625,,175948700.0
2014-08-19,,335.489990234375,,335.6400146484375,,334.2900085449219,,334.2900085449219,,173454800.0
2014-08-20,,335.29998779296875,,335.7099914550781,,334.1300048828125,,335.4700012207031,,171817300.0
2014-08-21,,337.510009765625,,337.6099853515625,,334.760009765625,,335.1199951171875,,196130300.0
2014-08-22,,336.75,,337.8900146484375,,335.260009765625,,337.5199890136719,,201438000.0
2014-08-25,,340.4599914550781,,340.4599914550781,,338.3599853515625,,338.3599853515625,,165971000.0
2014-08-26,,342.9599914550781,,343.05999755859375,,339.9100036621094,,340.510009765625,,213982500.0
2014-08-27,,343.3299865722656,,343.989990234375,,342.6000061035156,,342.989990234375,,239964000.0
2014-08-28,,341.04998779296875,,343.04998779296875,,340.3500061035156,,343.04998779296875,,252473300.0
2014-08-29,,342.0,,342.7300109863281,,339.54998779296875,,341.6000061035156,,254537400.0
2014-09-01,,342.8599853515625,,343.3699951171875,,341.4700012207031,,342.4100036621094,,155287100.0
2014-09-02,,342.75,,344.3399963378906,,342.0899963378906,,343.1499938964844,,237357400.0
2014-09-03,,344.9700012207031,,346.45001220703125,,342.4200134277344,,342.4200134277344,,258847500.0
2014-09-04,,348.8900146484375,,349.4200134277344,,344.1000061035156,,344.4800109863281,,362875100.0
2014-09-05,,347.57000732421875,,348.6000061035156,,346.4599914550781,,348.4800109863281,,256247100.0
2014-09-08,,346.0899963378906,,346.6300048828125,,344.239990234375,,346.6300048828125,,222955600.0
2014-09-09,,344.8699951171875,,346.7300109863281,,344.6499938964844,,345.7200012207031,,255436200.0
2014-09-10,,344.70001220703125,,344.7699890136719,,342.7200012207031,,344.5,,222322900.0
2014-09-11,,344.2699890136719,,346.17999267578125,,342.7300109863281,,345.82000732421875,,207992600.0
2014-09-12,,344.2699890136719,,345.1700134277344,,343.7300109863281,,344.9200134277344,,183926900.0
2014-09-15,,343.9100036621094,,344.75,,342.7799987792969,,343.6099853515625,,211209200.0
2014-09-16,,342.8399963378906,,343.5400085449219,,341.3999938964844,,343.5400085449219,,235146200.0
2014-09-17,,344.3900146484375,,345.1300048828125,,344.05999755859375,,344.1499938964844,,246872400.0
2014-09-18,,347.7799987792969,,348.1000061035156,,345.07000732421875,,345.07000732421875,,269440800.0
2014-09-19,,348.5199890136719,,350.8500061035156,,348.5199890136719,,349.9200134277344,,565222200.0
2014-09-22,,346.69000244140625,,347.8999938964844,,346.3699951171875,,347.6000061035156,,231714000.0
2014-09-23,,341.8900146484375,,346.30999755859375,,341.19000244140625,,346.30999755859375,,263377500.0
2014-09-24,,344.3500061035156,,344.4200134277344,,340.69000244140625,,342.29998779296875,,270838700.0
2014-09-25,,341.44000244140625,,346.0400085449219,,340.6000061035156,,344.3900146484375,,325811900.0
2014-09-26,,342.29998779296875,,343.04998779296875,,339.7099914550781,,341.4599914550781,,228754500.0
2014-09-29,,340.989990234375,,342.7699890136719,,339.0899963378906,,342.29998779296875,,211177200.0
2014-09-30,,343.0799865722656,,343.82000732421875,,341.2099914550781,,341.8999938964844,,292701200.0
2014-10-01,,340.2200012207031,,343.6499938964844,,339.5400085449219,,342.70001220703125,,277469200.0
2014-10-02,,332.04998779296875,,339.6099853515625,,332.04998779296875,,339.6099853515625,,356559700.0
2014-10-03,,335.19000244140625,,335.7200012207031,,333.0899963378906,,333.6600036621094,,245554800.0
2014-10-06,,336.0,,337.8500061035156,,335.6400146484375,,336.0400085449219,,230819500.0
2014-10-07,,330.8500061035156,,335.5299987792969,,330.8500061035156,,335.5299987792969,,306890300.0
2014-10-08,,328.0,,330.010009765625,,327.0799865722656,,330.010009765625,,317494600.0
2014-10-09,,326.6700134277344,,331.5899963378906,,325.9800109863281,,330.1600036621094,,339430600.0
2014-10-10,,321.6199951171875,,324.80999755859375,,320.3500061035156,,324.80999755859375,,366120300.0
2014-10-13,,321.55999755859375,,323.3900146484375,,318.95001220703125,,320.260009765625,,286769200.0
2014-10-14,,321.5299987792969,,322.2099914550781,,316.94000244140625,,320.3999938964844,,334714900.0
2014-10-15,,311.3599853515625,,321.739990234375,,310.9100036621094,,321.739990234375,,447825500.0
2014-10-16,,310.0299987792969,,314.57000732421875,,302.4800109863281,,312.8399963378906,,659107300.0
2014-10-17,,318.67999267578125,,318.9200134277344,,309.8999938964844,,310.6700134277344,,449114100.0
2014-10-20,,317.010009765625,,319.1700134277344,,315.1700134277344,,318.75,,304249900.0
2014-10-21,,323.739990234375,,323.739990234375,,315.010009765625,,316.489990234375,,378977800.0
2014-10-22,,326.1099853515625,,326.29998779296875,,322.2799987792969,,324.010009765625,,322659800.0
2014-10-23,,328.260009765625,,328.7300109863281,,322.6099853515625,,325.79998779296875,,322414400.0
2014-10-24,,327.1700134277344,,328.1700134277344,,326.010009765625,,327.510009765625,,314447300.0
2014-10-27,,325.1000061035156,,330.05999755859375,,323.5299987792969,,328.79998779296875,,396180200.0
2014-10-28,,328.25,,328.6600036621094,,326.1499938964844,,326.1499938964844,,301912600.0
2014-10-29,,328.7799987792969,,330.3299865722656,,328.3699951171875,,328.8800048828125,,304438100.0
2014-10-30,,330.7099914550781,,331.239990234375,,325.2799987792969,,329.95001220703125,,380444700.0
2014-10-31,,336.79998779296875,,337.0299987792969,,333.44000244140625,,333.510009765625,,424665000.0
2014-11-03,,334.25,,337.67999267578125,,333.7799987792969,,336.760009765625,,286717200.0
2014-11-04,,330.8800048828125,,335.82000732421875,,330.4100036621094,,333.760009765625,,321348200.0
2014-11-05,,336.3599853515625,,336.4599914550781,,332.3699951171875,,332.55999755859375,,301820200.0
2014-11-06,,337.0799865722656,,339.70001220703125,,334.3599853515625,,335.57000732421875,,362266900.0
2014-11-07,,335.25,,338.30999755859375,,333.6600036621094,,337.6499938964844,,328277700.0
2014-11-10,,337.7099914550781,,337.7099914550781,,334.42999267578125,,335.07000732421875,,238927100.0
2014-11-11,,338.92999267578125,,339.5,,337.75,,337.9100036621094,,280702000.0
2014-11-12,,335.0899963378906,,338.7099914550781,,334.6000061035156,,338.25,,325015700.0
2014-11-13,,335.8599853515625,,337.239990234375,,333.7200012207031,,335.57000732421875,,308227100.0
2014-11-14,,335.6300048828125,,336.6199951171875,,333.8800048828125,,336.20001220703125,,269884000.0
2014-11-17,,337.25,,337.7200012207031,,333.05999755859375,,333.9700012207031,,250345900.0
2014-11-18,,339.29998779296875,,339.69000244140625,,337.1000061035156,,337.25,,269226600.0
2014-11-19,,339.1499938964844,,340.4200134277344,,338.1300048828125,,339.19000244140625,,262353500.0
2014-11-20,,338.2799987792969,,339.0199890136719,,336.1600036621094,,339.0199890136719,,269251100.0
2014-11-21,,345.239990234375,,345.5400085449219,,338.6199951171875,,338.6199951171875,,361072700.0
2014-11-24,,345.7200012207031,,346.3699951171875,,345.3500061035156,,345.44000244140625,,282302100.0
2014-11-25,,346.2799987792969,,347.8999938964844,,345.2099914550781,,345.54998779296875,,343547000.0
2014-11-26,,346.2799987792969,,347.80999755859375,,345.9599914550781,,346.5899963378906,,237250300.0
2014-11-27,,347.489990234375,,347.9599914550781,,346.30999755859375,,346.69000244140625,,207668700.0
2014-11-28,,347.25,,347.510009765625,,345.5400085449219,,347.2099914550781,,277367900.0
2014-12-01,,345.6400146484375,,346.3399963378906,,344.0199890136719,,345.5400085449219,,267704400.0
2014-12-02,,347.3699951171875,,349.010009765625,,346.5299987792969,,346.5299987792969,,249022600.0
2014-12-03,,349.3399963378906,,350.04998779296875,,347.55999755859375,,347.55999755859375,,255224800.0
2014-12-04,,344.8399963378906,,350.989990234375,,344.55999755859375,,349.739990234375,,337180200.0
2014-12-05,,350.9700012207031,,350.9700012207031,,346.4100036621094,,346.4100036621094,,295916000.0
2014-12-08,,348.6099853515625,,350.4200134277344,,348.6099853515625,,350.25,,196376200.0
2014-12-09,,340.4800109863281,,347.0899963378906,,340.3999938964844,,347.0899963378906,,352927100.0
2014-12-10,,339.32000732421875,,343.4200134277344,,338.7900085449219,,341.30999755859375,,288890400.0
2014-12-11,,339.30999755859375,,340.29998779296875,,336.6000061035156,,338.70001220703125,,297221100.0
2014-12-12,,330.5400085449219,,338.1700134277344,,330.5400085449219,,338.1700134277344,,291218700.0
2014-12-15,,323.2900085449219,,333.1300048828125,,323.1700134277344,,330.3699951171875,,344248400.0
2014-12-16,,328.8800048828125,,328.9100036621094,,318.95001220703125,,323.79998779296875,,479568600.0
2014-12-17,,329.3399963378906,,330.2300109863281,,325.3699951171875,,327.30999755859375,,362940500.0
2014-12-18,,339.04998779296875,,339.04998779296875,,331.57000732421875,,331.57000732421875,,367026100.0
2014-12-19,,340.29998779296875,,341.75,,337.1499938964844,,340.5799865722656,,465812500.0
2014-12-22,,341.9700012207031,,343.3999938964844,,340.989990234375,,341.05999755859375,,203321500.0
2014-12-23,,344.05999755859375,,344.05999755859375,,341.94000244140625,,341.94000244140625,,170921500.0
2014-12-30,,341.0199890136719,,343.6400146484375,,340.8800048828125,,343.6400146484375,,170168600.0
2015-01-05,,333.989990234375,,342.9200134277344,,333.8399963378906,,340.5799865722656,,307877100.0
2015-01-06,,331.6099853515625,,335.82000732421875,,330.8500061035156,,334.32000732421875,,281556300.0
2015-01-07,,333.20001220703125,,335.5,,331.6499938964844,,332.4100036621094,,282695700.0
2015-01-08,,342.3500061035156,,342.8900146484375,,335.1499938964844,,335.1499938964844,,329959200.0
2015-01-09,,337.92999267578125,,342.70001220703125,,336.2799987792969,,342.04998779296875,,357016800.0
2015-01-12,,339.8699951171875,,341.54998779296875,,336.6300048828125,,338.489990234375,,271740800.0
2015-01-13,,344.7699890136719,,345.6199951171875,,338.260009765625,,338.8500061035156,,297805200.0
2015-01-14,,339.6700134277344,,344.6700134277344,,338.30999755859375,,342.6000061035156,,356539300.0
2015-01-15,,348.45001220703125,,353.30999755859375,,332.7799987792969,,341.5,,439614200.0
2015-01-16,,352.3999938964844,,352.489990234375,,345.2200012207031,,349.30999755859375,,348708200.0
2015-01-19,,353.17999267578125,,355.010009765625,,351.3299865722656,,351.3299865722656,,289086200.0
2015-01-20,,355.9599914550781,,357.4200134277344,,353.739990234375,,353.739990234375,,341276400.0
2015-01-21,,358.1199951171875,,358.1199951171875,,353.2900085449219,,356.57000732421875,,375177100.0
2015-01-22,,364.04998779296875,,364.510009765625,,357.5400085449219,,358.9200134277344,,456948500.0
2015-01-23,,370.3699951171875,,372.30999755859375,,365.5,,365.5,,451459400.0
2015-01-26,,372.3900146484375,,372.3900146484375,,368.4800109863281,,369.67999267578125,,298459200.0
2015-01-27,,368.70001220703125,,372.7799987792969,,367.0799865722656,,372.260009765625,,322338700.0
2015-01-28,,369.0799865722656,,371.4200134277344,,366.70001220703125,,370.3500061035156,,378340100.0
2015-01-29,,368.760009765625,,369.7900085449219,,366.2799987792969,,367.760009765625,,394003600.0
2015-01-30,,367.04998779296875,,370.17999267578125,,366.30999755859375,,369.1099853515625,,372882700.0
2015-02-02,,367.2799987792969,,368.0299987792969,,364.260009765625,,366.9200134277344,,341659900.0
2015-02-03,,370.2799987792969,,372.1600036621094,,368.3500061035156,,368.3500061035156,,425929600.0
2015-02-04,,372.1000061035156,,372.1000061035156,,369.0799865722656,,370.5,,360664700.0
2015-02-05,,372.510009765625,,372.6199951171875,,369.9700012207031,,371.6099853515625,,309158600.0
2015-02-06,,373.30999755859375,,373.8900146484375,,370.92999267578125,,372.2099914550781,,282566800.0
2015-02-09,,370.54998779296875,,371.6400146484375,,368.0400085449219,,371.6400146484375,,285013500.0
2015-02-10,,372.94000244140625,,373.8399963378906,,369.30999755859375,,371.04998779296875,,311941700.0
2015-02-11,,372.0400085449219,,373.5,,371.1400146484375,,372.8900146484375,,281828700.0
2015-02-12,,374.8299865722656,,375.5400085449219,,371.42999267578125,,371.6000061035156,,361039700.0
2015-02-13,,377.07000732421875,,377.9599914550781,,375.19000244140625,,375.19000244140625,,371866800.0
2015-02-16,,376.54998779296875,,377.1099853515625,,375.9100036621094,,377.05999755859375,,219499500.0
2015-02-17,,377.0199890136719,,377.1199951171875,,373.7900085449219,,376.2099914550781,,309375400.0
2015-02-18,,380.3699951171875,,380.3699951171875,,378.0199890136719,,378.0199890136719,,329170900.0
2015-02-19,,381.4100036621094,,381.7900085449219,,377.3500061035156,,379.25,,333826800.0
2015-02-20,,382.2699890136719,,382.30999755859375,,380.69000244140625,,381.25,,358047600.0
2015-02-23,,385.0799865722656,,385.0799865722656,,383.19000244140625,,383.6400146484375,,340355600.0
2015-02-24,,387.25,,387.5299987792969,,384.42999267578125,,385.3999938964844,,326822300.0
2015-02-25,,386.760009765625,,387.2699890136719,,385.69000244140625,,386.989990234375,,279729400.0
2015-02-26,,390.69000244140625,,390.69000244140625,,387.010009765625,,387.2900085449219,,291776800.0
2015-02-27,,392.2099914550781,,392.239990234375,,389.5799865722656,,391.1400146484375,,334982500.0
2015-03-02,,391.2900085449219,,393.19000244140625,,389.6600036621094,,391.82000732421875,,287740400.0
2015-03-03,,387.67999267578125,,392.5299987792969,,387.4800109863281,,391.57000732421875,,355626400.0
2015-03-04,,390.6099853515625,,390.6099853515625,,386.8500061035156,,388.0199890136719,,302837900.0
2015-03-05,,393.7799987792969,,394.30999755859375,,390.8500061035156,,390.8500061035156,,293788500.0
2015-03-06,,394.17999267578125,,396.44000244140625,,393.510009765625,,393.6300048828125,,291330600.0
2015-03-09,,393.19000244140625,,393.6099853515625,,390.7099914550781,,393.3299865722656,,269203800.0
2015-03-10,,389.6600036621094,,394.1499938964844,,389.42999267578125,,393.30999755859375,,318207600.0
2015-03-11,,395.4800109863281,,395.75,,390.57000732421875,,390.57000732421875,,330568900.0
2015-03-12,,395.3599853515625,,396.94000244140625,,395.2200012207031,,395.6300048828125,,312861300.0
2015-03-13,,396.6099853515625,,396.6099853515625,,393.9800109863281,,395.7900085449219,,282905300.0
2015-03-16,,400.17999267578125,,400.739990234375,,397.25,,397.25,,291732600.0
2015-03-17,,397.3299865722656,,400.95001220703125,,395.7300109863281,,400.1199951171875,,289647300.0
2015-03-18,,398.6499938964844,,399.05999755859375,,395.7200012207031,,397.6400146484375,,320555200.0
2015-03-19,,400.8299865722656,,402.0899963378906,,398.510009765625,,399.04998779296875,,308363500.0
2015-03-20,,404.010009765625,,404.510009765625,,400.3800048828125,,400.57000732421875,,555576000.0
2015-03-23,,401.239990234375,,403.29998779296875,,400.07000732421875,,403.29998779296875,,261438200.0
2015-03-24,,402.489990234375,,403.510009765625,,399.2200012207031,,400.4100036621094,,325045200.0
2015-03-25,,397.95001220703125,,402.0199890136719,,397.54998779296875,,401.6300048828125,,275155600.0
2015-03-26,,394.5400085449219,,396.1499938964844,,390.6499938964844,,396.1499938964844,,332593000.0
2015-03-27,,395.5400085449219,,397.7799987792969,,394.5799865722656,,396.0799865722656,,252895800.0
2015-03-30,,399.8399963378906,,400.17999267578125,,396.0299987792969,,396.0299987792969,,228243500.0
2015-03-31,,397.29998779296875,,401.75,,396.0,,400.07000732421875,,297771800.0
2015-04-01,,398.5199890136719,,400.8900146484375,,395.1499938964844,,396.3900146484375,,285503300.0
2015-04-02,,397.79998779296875,,398.79998779296875,,397.2300109863281,,398.2099914550781,,194946700.0
2015-04-07,,404.3399963378906,,404.95001220703125,,399.2099914550781,,399.2099914550781,,283365400.0
2015-04-08,,404.6600036621094,,405.7799987792969,,404.0299987792969,,404.3699951171875,,263908900.0
2015-04-09,,409.1499938964844,,409.1499938964844,,405.45001220703125,,405.45001220703125,,227295600.0
2015-04-10,,412.92999267578125,,413.0299987792969,,409.8999938964844,,409.8999938964844,,246439100.0
2015-04-13,,413.6300048828125,,414.25,,411.7300109863281,,412.6400146484375,,209224200.0
2015-04-14,,411.70001220703125,,414.6700134277344,,410.3699951171875,,413.8800048828125,,284765500.0
2015-04-15,,414.05999755859375,,415.17999267578125,,412.1700134277344,,412.2799987792969,,270412800.0
2015-04-16,,410.92999267578125,,414.30999755859375,,410.42999267578125,,414.30999755859375,,277342400.0
2015-04-17,,403.69000244140625,,410.94000244140625,,403.1199951171875,,410.2200012207031,,351405400.0
2015-04-20,,406.8699951171875,,407.0799865722656,,404.1199951171875,,404.1199951171875,,242795400.0
2015-04-21,,409.1199951171875,,412.1099853515625,,407.82000732421875,,408.2699890136719,,290366000.0
2015-04-22,,408.989990234375,,411.3999938964844,,405.92999267578125,,409.6400146484375,,276392500.0
2015-04-23,,407.17999267578125,,410.7200012207031,,405.1099853515625,,409.3900146484375,,264137100.0
2015-04-24,,408.4200134277344,,409.95001220703125,,406.9200134277344,,407.29998779296875,,282504400.0
2015-04-27,,412.4200134277344,,412.6700134277344,,405.55999755859375,,408.6700134277344,,273553400.0
2015-04-28,,406.2799987792969,,411.8699951171875,,403.8599853515625,,411.8699951171875,,284868400.0
2015-04-29,,397.29998779296875,,408.2300109863281,,397.2200012207031,,407.07000732421875,,308723500.0
2015-04-30,,395.7900085449219,,397.9800109863281,,393.4599914550781,,397.42999267578125,,329345400.0
2015-05-04,,396.82000732421875,,397.9800109863281,,393.8699951171875,,395.1099853515625,,247565000.0
2015-05-05,,391.010009765625,,401.1400146484375,,391.010009765625,,397.7799987792969,,353095200.0
2015-05-06,,388.67999267578125,,392.2900085449219,,387.1600036621094,,390.4599914550781,,313339400.0
2015-05-07,,388.9800109863281,,389.760009765625,,381.8500061035156,,387.3699951171875,,335026900.0
2015-05-08,,400.1600036621094,,400.17999267578125,,393.75,,393.75,,355635700.0
2015-05-11,,401.3399963378906,,402.0,,399.4100036621094,,400.0400085449219,,252291600.0
2015-05-12,,396.0899963378906,,399.9200134277344,,393.0899963378906,,399.9200134277344,,314214800.0
2015-05-13,,395.4599914550781,,400.260009765625,,394.3800048828125,,396.760009765625,,297190500.0
2015-05-15,,396.45001220703125,,400.8999938964844,,395.2300109863281,,398.55999755859375,,258652200.0
2015-05-18,,398.0899963378906,,398.8599853515625,,393.7799987792969,,396.239990234375,,206107100.0
2015-05-19,,404.7799987792969,,404.9100036621094,,399.92999267578125,,399.92999267578125,,255318600.0
2015-05-20,,406.4200134277344,,406.9200134277344,,403.6000061035156,,405.32000732421875,,231024800.0
2015-05-21,,407.8699951171875,,408.0799865722656,,404.6400146484375,,405.8399963378906,,198590000.0
2015-05-22,,407.739990234375,,408.8699951171875,,406.2300109863281,,407.8299865722656,,183408800.0
2015-05-26,,403.6099853515625,,408.8699951171875,,402.70001220703125,,407.6300048828125,,236026600.0
2015-05-27,,408.8800048828125,,409.4800109863281,,404.010009765625,,404.2099914550781,,253697900.0
2015-05-28,,406.8299865722656,,408.2300109863281,,405.010009765625,,407.7699890136719,,208250900.0
2015-05-29,,399.8699951171875,,407.1000061035156,,399.6499938964844,,406.6600036621094,,353844000.0
2015-06-01,,400.57000732421875,,403.44000244140625,,399.3299865722656,,401.0799865722656,,223825700.0
2015-06-02,,396.45001220703125,,401.04998779296875,,395.5400085449219,,400.8699951171875,,268003500.0
2015-06-03,,395.92999267578125,,400.0299987792969,,395.760009765625,,396.7200012207031,,267451100.0
2015-06-04,,392.6499938964844,,395.7200012207031,,388.54998779296875,,395.2900085449219,,261950200.0
2015-06-05,,389.0,,391.6300048828125,,387.0199890136719,,391.6300048828125,,250775600.0
2015-06-08,,385.3900146484375,,389.69000244140625,,385.3900146484375,,388.95001220703125,,194372000.0
2015-06-09,,383.8699951171875,,385.3599853515625,,380.1000061035156,,384.8500061035156,,232184400.0
2015-06-10,,390.7799987792969,,391.4599914550781,,381.79998779296875,,383.20001220703125,,256497700.0
2015-06-11,,393.0,,395.54998779296875,,389.29998779296875,,389.70001220703125,,260553500.0
2015-06-12,,389.3800048828125,,393.9599914550781,,387.2099914550781,,392.7699890136719,,221883500.0
2015-06-15,,383.0199890136719,,387.70001220703125,,382.8500061035156,,387.70001220703125,,241970200.0
2015-06-16,,385.489990234375,,386.3399963378906,,379.010009765625,,381.7799987792969,,283411600.0
2015-06-17,,383.739990234375,,386.7799987792969,,382.54998779296875,,385.5299987792969,,239150700.0
2015-06-18,,384.2200012207031,,384.2200012207031,,378.07000732421875,,382.739990234375,,300387300.0
2015-06-19,,385.5899963378906,,388.8599853515625,,384.8500061035156,,384.9599914550781,,420095300.0
2015-06-22,,394.25,,394.4100036621094,,388.30999755859375,,388.30999755859375,,322304800.0
2015-06-23,,398.8299865722656,,400.8900146484375,,397.20001220703125,,397.20001220703125,,278107000.0
2015-06-24,,397.32000732421875,,400.1199951171875,,395.8900146484375,,399.2699890136719,,269118500.0
2015-06-25,,396.3900146484375,,399.3800048828125,,394.30999755859375,,395.7099914550781,,279733200.0
2015-06-26,,396.8500061035156,,398.20001220703125,,393.1199951171875,,395.17999267578125,,221699700.0
2015-06-29,,386.1700134277344,,391.2300109863281,,384.010009765625,,390.7799987792969,,369846600.0
2015-06-30,,381.30999755859375,,386.1099853515625,,380.8299865722656,,385.4599914550781,,353287800.0
2015-07-01,,387.07000732421875,,389.8299865722656,,382.760009765625,,382.760009765625,,308170400.0
2015-07-02,,385.4599914550781,,388.30999755859375,,385.4200134277344,,387.4800109863281,,207224900.0
2015-07-03,,383.4200134277344,,385.739990234375,,382.1000061035156,,385.6099853515625,,167444700.0
2015-07-06,,378.67999267578125,,381.3299865722656,,377.3299865722656,,380.7799987792969,,302337700.0
2015-07-07,,372.739990234375,,380.1400146484375,,372.739990234375,,379.5199890136719,,301510000.0
2015-07-08,,372.8800048828125,,375.0299987792969,,371.3299865722656,,372.3599853515625,,294560500.0
2015-07-09,,381.05999755859375,,381.92999267578125,,373.8500061035156,,373.8800048828125,,279811100.0
2015-07-10,,388.79998779296875,,389.239990234375,,384.3699951171875,,384.3699951171875,,302418300.0
2015-07-13,,396.4599914550781,,396.6000061035156,,391.2799987792969,,391.2799987792969,,292141800.0
2015-07-14,,398.29998779296875,,398.29998779296875,,394.79998779296875,,396.17999267578125,,226501300.0
2015-07-15,,400.0299987792969,,400.3500061035156,,397.70001220703125,,398.8399963378906,,209089400.0
2015-07-16,,405.42999267578125,,406.7699890136719,,401.510009765625,,401.510009765625,,259395700.0
2015-07-17,,405.67999267578125,,406.7900085449219,,404.92999267578125,,406.6099853515625,,204550500.0
2015-07-20,,406.79998779296875,,408.7300109863281,,405.8999938964844,,405.8999938964844,,183755400.0
2015-07-21,,402.6600036621094,,407.94000244140625,,401.8500061035156,,407.5400085449219,,207607800.0
2015-07-22,,400.2799987792969,,401.760009765625,,399.55999755859375,,401.2799987792969,,217054800.0
2015-07-23,,398.1000061035156,,402.54998779296875,,397.29998779296875,,401.5199890136719,,197409200.0
2015-07-24,,394.6400146484375,,400.2099914550781,,394.25,,397.80999755859375,,210488400.0
2015-07-27,,385.9100036621094,,393.0899963378906,,385.739990234375,,393.0899963378906,,246478200.0
2015-07-28,,390.0199890136719,,391.1300048828125,,387.0199890136719,,387.5400085449219,,254249600.0
2015-07-29,,394.010009765625,,394.25,,390.260009765625,,391.2699890136719,,254410100.0
2015-07-30,,396.239990234375,,396.7699890136719,,393.8900146484375,,395.8599853515625,,264408600.0
2015-07-31,,396.3699951171875,,397.19000244140625,,393.6700134277344,,396.44000244140625,,276261000.0
2015-08-03,,399.44000244140625,,399.8900146484375,,396.7200012207031,,397.3500061035156,,218319400.0
2015-08-04,,398.75,,399.489990234375,,397.010009765625,,399.1600036621094,,319151200.0
2015-08-05,,403.92999267578125,,404.0400085449219,,400.2799987792969,,400.2799987792969,,251632100.0
2015-08-06,,400.70001220703125,,403.1700134277344,,400.70001220703125,,402.80999755859375,,257082400.0
2015-08-07,,397.07000732421875,,400.3900146484375,,396.9599914550781,,400.3900146484375,,227940800.0
2015-08-10,,399.82000732421875,,399.92999267578125,,394.4100036621094,,398.0899963378906,,200706500.0
2015-08-11,,393.6099853515625,,399.760009765625,,393.2900085449219,,399.760009765625,,219548800.0
2015-08-12,,382.989990234375,,391.3699951171875,,381.7300109863281,,391.3699951171875,,310751200.0
2015-08-13,,386.69000244140625,,390.1300048828125,,385.9700012207031,,385.9700012207031,,231607500.0
2015-08-14,,386.239990234375,,388.92999267578125,,384.6000061035156,,386.6300048828125,,182149000.0
2015-08-17,,387.260009765625,,390.45001220703125,,384.0,,388.2699890136719,,162193400.0
2015-08-18,,388.1300048828125,,389.25,,385.69000244140625,,386.8800048828125,,165945200.0
2015-08-19,,381.30999755859375,,386.6600036621094,,381.30999755859375,,386.6600036621094,,212207700.0
2015-08-20,,373.44000244140625,,380.010009765625,,373.2200012207031,,379.6600036621094,,244219200.0
2015-08-21,,361.2799987792969,,371.75,,361.2799987792969,,370.0799865722656,,291600200.0
2015-08-24,,342.010009765625,,353.54998779296875,,331.9800109863281,,353.54998779296875,,564196300.0
2015-08-25,,356.3599853515625,,358.0299987792969,,345.04998779296875,,345.04998779296875,,436497700.0
2015-08-26,,350.1400146484375,,357.1099853515625,,346.5799865722656,,353.07000732421875,,332827500.0
2015-08-27,,362.2699890136719,,363.4599914550781,,354.9599914550781,,354.9599914550781,,314093500.0
2015-08-28,,363.2799987792969,,363.2799987792969,,358.69000244140625,,362.42999267578125,,232432200.0
2015-08-31,,362.7900085449219,,363.5899963378906,,360.7900085449219,,362.7099914550781,,223115600.0
2015-09-01,,352.8900146484375,,359.9599914550781,,350.69000244140625,,359.9599914550781,,286613300.0
2015-09-02,,353.8599853515625,,357.0,,350.7799987792969,,352.8599853515625,,241687800.0
2015-09-03,,362.239990234375,,363.9700012207031,,355.8699951171875,,355.8699951171875,,266295500.0
2015-09-04,,353.1099853515625,,360.1000061035156,,352.3699951171875,,360.1000061035156,,285400600.0
2015-09-07,,354.80999755859375,,357.3599853515625,,353.7799987792969,,354.79998779296875,,159933300.0
2015-09-08,,359.0,,362.7900085449219,,356.25,,356.25,,225122500.0
2015-09-09,,363.7699890136719,,368.2900085449219,,363.3900146484375,,363.3900146484375,,265650600.0
2015-09-10,,359.3399963378906,,363.3800048828125,,358.04998779296875,,361.1300048828125,,278364200.0
2015-09-11,,355.7200012207031,,359.5799865722656,,355.17999267578125,,359.3500061035156,,227065700.0
2015-09-14,,353.6300048828125,,358.92999267578125,,352.8699951171875,,355.8299865722656,,221189500.0
2015-09-15,,356.42999267578125,,357.54998779296875,,351.70001220703125,,354.19000244140625,,251272500.0
2015-09-16,,361.8699951171875,,362.04998779296875,,358.04998779296875,,358.04998779296875,,253600900.0
2015-09-17,,361.2099914550781,,362.5799865722656,,360.3999938964844,,362.07000732421875,,246093200.0
2015-09-18,,354.7699890136719,,359.55999755859375,,352.6700134277344,,359.55999755859375,,463191400.0
2015-09-21,,357.8299865722656,,359.5299987792969,,354.0,,354.95001220703125,,221720600.0
2015-09-22,,346.6700134277344,,357.8399963378906,,346.6700134277344,,357.6400146484375,,297120900.0
2015-09-23,,346.9700012207031,,350.6499938964844,,344.82000732421875,,346.6300048828125,,249197500.0
2015-09-24,,339.6300048828125,,348.1099853515625,,338.2099914550781,,346.510009765625,,313543400.0
2015-09-25,,349.2799987792969,,350.9200134277344,,343.6099853515625,,343.6099853515625,,258448900.0
2015-09-28,,341.57000732421875,,349.25,,341.57000732421875,,348.8500061035156,,267422500.0
2015-09-29,,339.2300109863281,,342.1099853515625,,335.44000244140625,,338.5199890136719,,326310700.0
2015-09-30,,347.7699890136719,,348.1700134277344,,341.1499938964844,,341.1499938964844,,314979800.0
2015-10-01,,346.2300109863281,,353.07000732421875,,345.2300109863281,,349.7300109863281,,305828000.0
2015-10-02,,347.8599853515625,,352.2300109863281,,343.2099914550781,,347.3900146484375,,333952500.0
2015-10-05,,358.3299865722656,,358.760009765625,,350.8299865722656,,350.8299865722656,,305440600.0
2015-10-06,,360.4100036621094,,362.1099853515625,,355.92999267578125,,358.55999755859375,,314016900.0
2015-10-07,,360.92999267578125,,364.8299865722656,,360.04998779296875,,361.7900085449219,,339497700.0
2015-10-08,,361.6099853515625,,362.1099853515625,,358.8900146484375,,360.2799987792969,,265472300.0
2015-10-09,,362.82000732421875,,365.30999755859375,,362.3699951171875,,363.6600036621094,,280504800.0
2015-10-12,,361.7900085449219,,364.0400085449219,,360.7699890136719,,363.0199890136719,,209290100.0
2015-10-13,,358.4700012207031,,361.6400146484375,,355.989990234375,,361.6400146484375,,261169300.0
2015-10-14,,355.80999755859375,,358.739990234375,,354.5,,357.7900085449219,,236667000.0
2015-10-15,,360.989990234375,,361.489990234375,,356.8500061035156,,356.8500061035156,,239766800.0
2015-10-16,,363.1300048828125,,364.6700134277344,,361.80999755859375,,361.80999755859375,,244662600.0
2015-10-19,,364.25,,366.0799865722656,,362.7699890136719,,363.04998779296875,,181864500.0
2015-10-20,,362.6700134277344,,364.9200134277344,,361.0400085449219,,364.2699890136719,,201721800.0
2015-10-21,,362.6400146484375,,364.1099853515625,,359.95001220703125,,362.54998779296875,,217640900.0
2015-10-22,,369.989990234375,,370.5299987792969,,361.3599853515625,,362.1400146484375,,294657900.0
2015-10-23,,377.3599853515625,,378.57000732421875,,371.8699951171875,,371.8699951171875,,319166800.0
2015-10-26,,375.8900146484375,,377.9100036621094,,375.0199890136719,,376.8500061035156,,199886200.0
2015-10-27,,371.8800048828125,,375.3299865722656,,371.8800048828125,,375.3299865722656,,221059300.0
2015-10-28,,375.8299865722656,,376.2200012207031,,371.55999755859375,,371.92999267578125,,254374400.0
2015-10-29,,375.70001220703125,,377.30999755859375,,373.6700134277344,,377.1600036621094,,312763800.0
2015-10-30,,375.4700012207031,,376.9599914550781,,373.1099853515625,,376.0299987792969,,270618500.0
2015-11-02,,376.75,,377.7099914550781,,372.8900146484375,,374.2900085449219,,218107300.0
2015-11-03,,378.3599853515625,,378.3599853515625,,375.6199951171875,,377.0299987792969,,254979900.0
2015-11-04,,380.2799987792969,,382.54998779296875,,379.3800048828125,,379.3800048828125,,299919700.0
2015-11-05,,378.760009765625,,381.6099853515625,,378.1199951171875,,380.6600036621094,,262154500.0
2015-11-06,,379.95001220703125,,382.010009765625,,376.1600036621094,,378.010009765625,,289057000.0
2015-11-09,,375.8800048828125,,380.510009765625,,375.6700134277344,,379.8800048828125,,233264400.0
2015-11-10,,376.2699890136719,,377.4200134277344,,373.3800048828125,,376.44000244140625,,270633300.0
2015-11-11,,378.7099914550781,,380.5799865722656,,376.239990234375,,376.239990234375,,237029500.0
2015-11-12,,372.55999755859375,,379.7799987792969,,371.8299865722656,,378.30999755859375,,260787000.0
2015-11-13,,369.5299987792969,,372.1499938964844,,367.260009765625,,371.8599853515625,,237545500.0
2015-11-16,,370.6400146484375,,371.4700012207031,,366.4800109863281,,368.0299987792969,,205393500.0
2015-11-17,,379.8800048828125,,379.8800048828125,,372.8999938964844,,372.8999938964844,,261640600.0
2015-11-18,,379.3299865722656,,379.6600036621094,,376.989990234375,,379.239990234375,,224948000.0
2015-11-19,,380.9599914550781,,383.739990234375,,380.3399963378906,,380.6400146484375,,251667300.0
2015-11-20,,381.7900085449219,,383.1700134277344,,379.9200134277344,,381.95001220703125,,258221800.0
2015-11-23,,380.3699951171875,,381.3699951171875,,378.45001220703125,,381.3599853515625,,219429000.0
2015-11-24,,375.6400146484375,,379.5799865722656,,372.6099853515625,,379.5799865722656,,263966600.0
2015-11-25,,380.8399963378906,,381.8599853515625,,375.3500061035156,,375.5899963378906,,258090800.0
2015-11-26,,384.3699951171875,,384.4599914550781,,380.75,,380.9599914550781,,180147000.0
2015-11-27,,383.6700134277344,,384.8900146484375,,381.5899963378906,,383.5,,178988900.0
2015-11-30,,385.42999267578125,,386.32000732421875,,381.6400146484375,,383.45001220703125,,290242600.0
2015-12-01,,384.239990234375,,387.2900085449219,,382.9100036621094,,386.3599853515625,,237691600.0
2015-12-02,,384.1700134277344,,386.7099914550781,,383.9800109863281,,384.54998779296875,,204359900.0
2015-12-03,,372.1099853515625,,387.42999267578125,,372.1099853515625,,383.69000244140625,,331998500.0
2015-12-04,,370.5899963378906,,372.0299987792969,,367.5199890136719,,372.0299987792969,,250124900.0
2015-12-07,,372.4800109863281,,376.4800109863281,,371.7799987792969,,371.7799987792969,,186827700.0
2015-12-08,,365.75,,372.0799865722656,,364.2900085449219,,372.0799865722656,,242120100.0
2015-12-09,,364.19000244140625,,367.3599853515625,,362.4100036621094,,365.8900146484375,,257281300.0
2015-12-10,,363.2099914550781,,365.010009765625,,360.8999938964844,,363.1199951171875,,246862700.0
2015-12-11,,355.7900085449219,,362.4800109863281,,354.7799987792969,,362.44000244140625,,252876500.0
2015-12-14,,349.5400085449219,,359.3900146484375,,349.4599914550781,,356.79998779296875,,291078300.0
2015-12-15,,359.5799865722656,,360.20001220703125,,350.510009765625,,350.510009765625,,306831000.0
2015-12-16,,360.42999267578125,,363.04998779296875,,358.54998779296875,,359.70001220703125,,266830300.0
2015-12-17,,364.8999938964844,,368.6300048828125,,363.44000244140625,,363.44000244140625,,289765500.0
2015-12-18,,361.2300109863281,,364.75,,360.2099914550781,,363.69000244140625,,394031600.0
2015-12-21,,357.1499938964844,,364.1400146484375,,357.1499938964844,,360.2799987792969,,203264200.0
2015-12-22,,356.8699951171875,,359.94000244140625,,355.4100036621094,,358.1199951171875,,160858800.0
2015-12-23,,366.3900146484375,,366.8599853515625,,359.32000732421875,,359.32000732421875,,185905300.0
2015-12-28,,364.489990234375,,366.4800109863281,,363.7900085449219,,366.1099853515625,,80376000.0
2015-12-29,,369.67999267578125,,369.67999267578125,,365.2699890136719,,365.2699890136719,,146881100.0
2015-12-30,,367.70001220703125,,369.44000244140625,,367.3800048828125,,369.1700134277344,,129686300.0
2016-01-04,,356.6600036621094,,365.4800109863281,,354.8299865722656,,365.4800109863281,,243130400.0
2016-01-05,,358.8800048828125,,360.5,,354.94000244140625,,358.0299987792969,,206352600.0
2016-01-06,,354.3500061035156,,358.44000244140625,,352.04998779296875,,358.44000244140625,,232094300.0
2016-01-07,,346.510009765625,,351.4700012207031,,341.4599914550781,,351.4700012207031,,337412400.0
2016-01-08,,341.3500061035156,,349.5199890136719,,341.3500061035156,,346.5899963378906,,268821900.0
2016-01-11,,340.2300109863281,,344.510009765625,,340.19000244140625,,340.5799865722656,,269748200.0
2016-01-12,,343.2200012207031,,346.6700134277344,,339.04998779296875,,339.6600036621094,,270171300.0
2016-01-13,,344.6300048828125,,349.5799865722656,,343.2200012207031,,345.29998779296875,,279898100.0
2016-01-14,,339.4200134277344,,342.94000244140625,,333.260009765625,,342.94000244140625,,348787600.0
2016-01-15,,329.8399963378906,,339.79998779296875,,327.9200134277344,,338.8800048828125,,378769900.0
2016-01-18,,328.6400146484375,,333.8500061035156,,327.1099853515625,,330.04998779296875,,284947300.0
2016-01-19,,332.92999267578125,,336.4599914550781,,331.1499938964844,,331.1499938964844,,313181900.0
2016-01-20,,322.2900085449219,,328.7900085449219,,320.4599914550781,,328.7900085449219,,409270100.0
2016-01-21,,328.510009765625,,330.2200012207031,,321.69000244140625,,322.510009765625,,413156400.0
2016-01-22,,338.3599853515625,,340.5299987792969,,330.7300109863281,,330.7300109863281,,364672300.0
2016-01-25,,336.2699890136719,,339.6000061035156,,334.8500061035156,,338.989990234375,,279402700.0
2016-01-26,,339.20001220703125,,339.8299865722656,,329.489990234375,,333.510009765625,,313560600.0
2016-01-27,,340.239990234375,,340.239990234375,,335.8599853515625,,338.69000244140625,,275772100.0
2016-01-28,,334.8900146484375,,341.30999755859375,,332.7799987792969,,339.7200012207031,,339279700.0
2016-01-29,,342.2699890136719,,342.2699890136719,,336.4599914550781,,337.1000061035156,,342367500.0
2016-02-01,,341.6099853515625,,344.0799865722656,,338.1400146484375,,343.510009765625,,296422100.0
2016-02-02,,334.5899963378906,,341.1300048828125,,332.8900146484375,,341.1300048828125,,328707000.0
2016-02-03,,329.42999267578125,,335.1000061035156,,326.010009765625,,334.6400146484375,,367537400.0
2016-02-04,,328.760009765625,,332.95001220703125,,324.6600036621094,,330.6400146484375,,372182400.0
2016-02-05,,325.8999938964844,,331.1499938964844,,325.3599853515625,,328.29998779296875,,385851000.0
2016-02-08,,314.3599853515625,,327.760009765625,,313.239990234375,,326.7799987792969,,364791100.0
2016-02-09,,309.3900146484375,,316.54998779296875,,306.1199951171875,,314.67999267578125,,449796900.0
2016-02-10,,315.19000244140625,,318.3900146484375,,309.04998779296875,,310.2799987792969,,398242700.0
2016-02-11,,303.5799865722656,,313.6499938964844,,302.5899963378906,,313.6499938964844,,445088400.0
2016-02-12,,312.4100036621094,,312.4100036621094,,305.54998779296875,,305.54998779296875,,406347100.0
2016-02-15,,321.760009765625,,322.8699951171875,,315.9700012207031,,315.9700012207031,,320025700.0
2016-02-16,,320.3699951171875,,324.25,,318.6199951171875,,322.760009765625,,324463000.0
2016-02-17,,328.7699890136719,,328.80999755859375,,320.45001220703125,,320.45001220703125,,350329500.0
2016-02-18,,328.9100036621094,,332.1099853515625,,326.8699951171875,,329.5,,333436800.0
2016-02-19,,326.3699951171875,,329.7300109863281,,324.0799865722656,,328.2099914550781,,298087000.0
2016-02-22,,331.82000732421875,,332.4200134277344,,327.3299865722656,,327.3299865722656,,268581300.0
2016-02-23,,327.7799987792969,,331.8599853515625,,327.510009765625,,331.05999755859375,,287281600.0
2016-02-24,,320.2300109863281,,326.989990234375,,318.489990234375,,326.989990234375,,314745900.0
2016-02-25,,326.5400085449219,,327.79998779296875,,321.7900085449219,,321.7900085449219,,300927000.0
2016-02-26,,331.5400085449219,,333.2300109863281,,328.010009765625,,328.010009765625,,296913600.0
2016-02-29,,333.9200134277344,,334.1300048828125,,327.4700012207031,,330.3399963378906,,333329300.0
2016-03-01,,338.7200012207031,,338.8699951171875,,332.4100036621094,,333.760009765625,,303862300.0
2016-03-02,,340.9700012207031,,341.7200012207031,,338.1199951171875,,339.7900085449219,,357191000.0
2016-03-03,,339.4200134277344,,341.260009765625,,338.3500061035156,,341.239990234375,,310408500.0
2016-03-04,,341.79998779296875,,343.6700134277344,,339.0899963378906,,339.760009765625,,314619500.0
2016-03-07,,340.92999267578125,,342.3699951171875,,338.45001220703125,,341.42999267578125,,289626400.0
2016-03-08,,337.4800109863281,,340.2900085449219,,336.19000244140625,,339.75,,330896000.0
2016-03-09,,339.1400146484375,,341.80999755859375,,337.7900085449219,,338.2799987792969,,283276200.0
2016-03-10,,333.5,,347.6400146484375,,333.5,,339.6400146484375,,462474900.0
2016-03-11,,342.2300109863281,,342.30999755859375,,335.79998779296875,,335.79998779296875,,392427200.0
2016-03-14,,344.6600036621094,,346.1000061035156,,342.9599914550781,,342.9599914550781,,341033600.0
2016-03-15,,340.8599853515625,,343.2300109863281,,340.0899963378906,,343.2300109863281,,308785000.0
2016-03-16,,341.0,,342.4200134277344,,338.75,,340.9100036621094,,275499300.0
2016-03-17,,340.67999267578125,,342.2900085449219,,334.760009765625,,341.75,,359535700.0
2016-03-18,,341.7099914550781,,342.44000244140625,,339.30999755859375,,340.9100036621094,,474060600.0
2016-03-21,,340.82000732421875,,343.6499938964844,,338.82000732421875,,340.3399963378906,,242190000.0
2016-03-22,,340.29998779296875,,340.29998779296875,,335.4200134277344,,339.5400085449219,,254996900.0
2016-03-23,,340.07000732421875,,342.45001220703125,,338.54998779296875,,340.2300109863281,,226634400.0
2016-03-24,,335.1000061035156,,339.04998779296875,,334.7099914550781,,339.04998779296875,,220577100.0
2016-03-29,,336.7900085449219,,338.3599853515625,,334.6600036621094,,335.82000732421875,,253180400.0
2016-03-30,,341.17999267578125,,342.5,,338.1400146484375,,338.1400146484375,,259962900.0
2016-03-31,,337.5400085449219,,340.25,,336.8999938964844,,340.25,,308446700.0
2016-04-01,,333.1499938964844,,335.8800048828125,,329.4700012207031,,335.8800048828125,,284105900.0
2016-04-04,,334.489990234375,,336.70001220703125,,331.3299865722656,,332.7799987792969,,227780500.0
2016-04-05,,328.1499938964844,,332.9200134277344,,327.75,,332.9200134277344,,290021000.0
2016-04-06,,330.6499938964844,,330.6499938964844,,327.7699890136719,,328.7300109863281,,282276900.0
2016-04-07,,328.1000061035156,,332.0799865722656,,327.0799865722656,,330.3699951171875,,294974700.0
2016-04-08,,331.8599853515625,,332.4100036621094,,328.6199951171875,,328.6199951171875,,268151700.0
2016-04-11,,332.8699951171875,,334.7099914550781,,329.1099853515625,,331.79998779296875,,259100100.0
2016-04-12,,334.6400146484375,,334.94000244140625,,330.3999938964844,,333.1600036621094,,296168100.0
2016-04-13,,343.05999755859375,,343.05999755859375,,336.45001220703125,,336.45001220703125,,394021400.0
2016-04-14,,343.989990234375,,344.4100036621094,,341.7699890136719,,342.8999938964844,,342372100.0
2016-04-15,,342.7900085449219,,344.17999267578125,,341.8900146484375,,343.9100036621094,,266573800.0
2016-04-18,,344.20001220703125,,344.6400146484375,,338.1199951171875,,341.6000061035156,,241948400.0
2016-04-19,,349.239990234375,,349.42999267578125,,345.2099914550781,,345.2099914550781,,297963600.0
2016-04-20,,350.75,,350.92999267578125,,347.6199951171875,,348.760009765625,,284092400.0
2016-04-21,,349.5899963378906,,351.510009765625,,346.9800109863281,,350.8800048828125,,332358300.0
2016-04-22,,348.4599914550781,,349.1199951171875,,346.9200134277344,,349.0899963378906,,286886000.0
2016-04-25,,346.67999267578125,,349.3299865722656,,345.3800048828125,,348.5199890136719,,236238300.0
2016-04-26,,347.30999755859375,,349.260009765625,,346.6000061035156,,346.92999267578125,,278697000.0
2016-04-27,,348.32000732421875,,348.7900085449219,,345.9700012207031,,347.17999267578125,,284990600.0
2016-04-28,,348.8999938964844,,348.8999938964844,,343.1199951171875,,347.3299865722656,,301890200.0
2016-04-29,,341.4800109863281,,347.19000244140625,,341.4100036621094,,347.19000244140625,,297051900.0
2016-05-02,,341.239990234375,,342.30999755859375,,340.55999755859375,,341.55999755859375,,236250300.0
2016-05-03,,335.55999755859375,,341.1700134277344,,335.05999755859375,,341.1700134277344,,313739400.0
2016-05-04,,331.79998779296875,,336.0199890136719,,331.510009765625,,335.25,,279994900.0
2016-05-06,,331.6700134277344,,332.69000244140625,,328.6400146484375,,332.17999267578125,,265394600.0
2016-05-09,,333.2200012207031,,336.3699951171875,,332.260009765625,,332.7200012207031,,232003200.0
2016-05-10,,336.239990234375,,337.8900146484375,,334.3800048828125,,334.3800048828125,,261187300.0
2016-05-11,,334.739990234375,,336.3900146484375,,333.29998779296875,,336.0400085449219,,253656100.0
2016-05-12,,333.1099853515625,,337.55999755859375,,331.3999938964844,,334.04998779296875,,257175300.0
2016-05-13,,334.67999267578125,,335.04998779296875,,330.44000244140625,,332.1600036621094,,266942600.0
2016-05-17,,334.7200012207031,,338.7300109863281,,333.29998779296875,,336.0400085449219,,269029700.0
2016-05-18,,337.5799865722656,,337.5799865722656,,333.010009765625,,334.1199951171875,,255766800.0
2016-05-19,,333.9100036621094,,337.0799865722656,,333.8999938964844,,337.0299987792969,,269472000.0
2016-05-20,,338.010009765625,,338.17999267578125,,334.7300109863281,,334.7300109863281,,251900400.0
2016-05-23,,336.69000244140625,,339.3900146484375,,335.2200012207031,,337.8900146484375,,213923100.0
2016-05-24,,344.1199951171875,,344.8699951171875,,335.0,,336.3900146484375,,310513800.0
2016-05-25,,348.55999755859375,,349.2699890136719,,345.2699890136719,,345.2699890136719,,309710900.0
2016-05-26,,348.9100036621094,,349.2300109863281,,347.3800048828125,,347.8800048828125,,258499400.0
2016-05-27,,349.6400146484375,,349.6700134277344,,348.05999755859375,,348.42999267578125,,209400200.0
2016-05-30,,350.1400146484375,,350.3599853515625,,349.1400146484375,,349.6600036621094,,141681800.0
2016-05-31,,347.45001220703125,,351.1400146484375,,346.9800109863281,,350.4599914550781,,547237200.0
2016-06-01,,344.1199951171875,,346.9200134277344,,342.7300109863281,,346.9200134277344,,313199200.0
2016-06-02,,344.3500061035156,,345.0799865722656,,343.1400146484375,,343.8800048828125,,289074100.0
2016-06-03,,341.2900085449219,,346.760009765625,,339.45001220703125,,344.75,,283833000.0
2016-06-06,,342.4100036621094,,343.20001220703125,,340.17999267578125,,340.17999267578125,,241084700.0
2016-06-07,,346.260009765625,,347.2900085449219,,343.7300109863281,,343.7300109863281,,323059100.0
2016-06-08,,344.55999755859375,,345.69000244140625,,343.4599914550781,,345.69000244140625,,273415000.0
2016-06-09,,341.25,,343.760009765625,,340.4700012207031,,343.760009765625,,246199700.0
2016-06-10,,332.9200134277344,,340.7699890136719,,332.70001220703125,,340.7699890136719,,294569100.0
2016-06-13,,326.79998779296875,,331.0899963378906,,326.69000244140625,,331.0899963378906,,313840100.0
2016-06-14,,320.5299987792969,,325.260009765625,,320.5299987792969,,325.260009765625,,396230500.0
2016-06-15,,323.6300048828125,,325.4700012207031,,321.3500061035156,,321.3500061035156,,352173700.0
2016-06-16,,321.2900085449219,,321.94000244140625,,318.510009765625,,321.2699890136719,,365468100.0
2016-06-17,,325.7799987792969,,326.9800109863281,,322.6300048828125,,322.6300048828125,,495742600.0
2016-06-20,,337.6700134277344,,338.3800048828125,,328.8399963378906,,328.8399963378906,,350830500.0
2016-06-21,,340.0400085449219,,340.9800109863281,,336.19000244140625,,337.70001220703125,,322321500.0
2016-06-22,,341.32000732421875,,343.57000732421875,,339.25,,340.92999267578125,,278346700.0
2016-06-23,,346.3399963378906,,348.1600036621094,,341.7799987792969,,341.79998779296875,,350090300.0
2016-06-24,,321.9800109863281,,339.0400085449219,,315.3599853515625,,339.0400085449219,,1109144300.0
2016-06-27,,308.75,,320.2799987792969,,307.80999755859375,,319.1700134277344,,754137700.0
2016-06-28,,316.70001220703125,,319.2900085449219,,311.45001220703125,,311.45001220703125,,507496200.0
2016-06-29,,326.489990234375,,326.489990234375,,317.6000061035156,,317.6000061035156,,467263900.0
2016-06-30,,329.8800048828125,,329.8800048828125,,323.4100036621094,,325.6199951171875,,471386100.0
2016-07-01,,332.239990234375,,333.04998779296875,,328.7300109863281,,330.510009765625,,336413900.0
2016-07-04,,329.7799987792969,,333.6300048828125,,329.3699951171875,,332.7699890136719,,259626800.0
2016-07-05,,324.1700134277344,,328.9200134277344,,323.57000732421875,,328.9200134277344,,354040000.0
2016-07-06,,318.760009765625,,324.2300109863281,,317.239990234375,,322.8399963378906,,451299600.0
2016-07-07,,322.1199951171875,,324.70001220703125,,320.239990234375,,320.239990234375,,315960800.0
2016-07-08,,327.3500061035156,,327.6099853515625,,320.9700012207031,,321.5299987792969,,355879800.0
2016-07-11,,332.7200012207031,,333.0,,327.6499938964844,,328.44000244140625,,325997900.0
2016-07-12,,336.260009765625,,336.6199951171875,,332.82000732421875,,333.0199890136719,,397449400.0
2016-07-13,,335.8299865722656,,338.1099853515625,,335.8299865722656,,336.8900146484375,,364620400.0
2016-07-14,,338.5,,339.8800048828125,,336.54998779296875,,336.54998779296875,,307132000.0
2016-07-15,,337.9200134277344,,338.8399963378906,,336.19000244140625,,338.2300109863281,,270526300.0
2016-07-18,,338.70001220703125,,340.6099853515625,,337.239990234375,,338.0,,249796900.0
2016-07-19,,337.32000732421875,,338.42999267578125,,335.1700134277344,,337.9599914550781,,242530900.0
2016-07-20,,340.80999755859375,,340.8500061035156,,337.6199951171875,,337.92999267578125,,247825700.0
2016-07-21,,340.5799865722656,,341.80999755859375,,338.3599853515625,,341.2699890136719,,291767100.0
2016-07-22,,340.3299865722656,,340.7300109863281,,338.1300048828125,,340.239990234375,,228449300.0
2016-07-25,,340.92999267578125,,343.0799865722656,,339.7900085449219,,340.8599853515625,,221183300.0
2016-07-26,,341.260009765625,,342.19000244140625,,338.9200134277344,,340.4200134277344,,243216400.0
2016-07-27,,342.739990234375,,344.0199890136719,,341.8699951171875,,341.8699951171875,,307255100.0
2016-07-28,,339.4700012207031,,343.8399963378906,,339.4700012207031,,342.3999938964844,,350850800.0
2016-07-29,,341.8900146484375,,342.1400146484375,,339.6600036621094,,340.55999755859375,,320084400.0
2016-08-02,,335.4700012207031,,339.4599914550781,,335.07000732421875,,339.4599914550781,,340782500.0
2016-08-03,,335.5799865722656,,336.7200012207031,,334.20001220703125,,336.29998779296875,,303452000.0
2016-08-04,,337.8399963378906,,338.489990234375,,336.0899963378906,,336.3299865722656,,264966700.0
2016-08-05,,341.3800048828125,,341.67999267578125,,338.0,,338.0,,263348700.0
2016-08-08,,341.5299987792969,,343.04998779296875,,340.9800109863281,,341.3699951171875,,219581000.0
2016-08-09,,344.6700134277344,,344.92999267578125,,340.8900146484375,,340.989990234375,,240675200.0
2016-08-10,,343.9800109863281,,344.8800048828125,,343.260009765625,,344.20001220703125,,219303000.0
2016-08-11,,346.6600036621094,,346.6600036621094,,343.1600036621094,,344.2099914550781,,205627300.0
2016-08-12,,346.0899963378906,,346.989990234375,,345.6499938964844,,346.7300109863281,,180891800.0
2016-08-15,,346.04998779296875,,347.5400085449219,,345.69000244140625,,346.2300109863281,,153481800.0
2016-08-16,,343.32000732421875,,345.8299865722656,,343.29998779296875,,345.1099853515625,,194725200.0
2016-08-17,,340.4700012207031,,344.69000244140625,,340.2099914550781,,344.17999267578125,,204096100.0
2016-08-18,,342.9100036621094,,343.05999755859375,,341.19000244140625,,341.19000244140625,,195802100.0
2016-08-19,,340.1400146484375,,342.8500061035156,,338.82000732421875,,342.69000244140625,,222254700.0
2016-08-22,,340.42999267578125,,343.2699890136719,,339.1600036621094,,340.3399963378906,,189702700.0
2016-08-23,,343.6000061035156,,344.260009765625,,341.2300109863281,,341.2300109863281,,206004700.0
2016-08-24,,344.92999267578125,,345.70001220703125,,341.55999755859375,,342.760009765625,,236403900.0
2016-08-25,,342.0199890136719,,343.8800048828125,,340.79998779296875,,343.8800048828125,,202874300.0
2016-08-26,,343.7200012207031,,344.2900085449219,,340.95001220703125,,341.9200134277344,,161379500.0
2016-08-29,,343.20001220703125,,343.4700012207031,,341.3699951171875,,343.239990234375,,131220100.0
2016-08-30,,344.75,,345.8599853515625,,343.4800109863281,,343.4800109863281,,196899300.0
2016-08-31,,343.5299987792969,,346.0299987792969,,343.4200134277344,,344.5400085449219,,290557700.0
2016-09-01,,343.6600036621094,,346.8999938964844,,342.7200012207031,,344.2099914550781,,308843700.0
2016-09-02,,350.44000244140625,,350.8500061035156,,343.5299987792969,,344.0400085449219,,290333900.0
2016-09-05,,350.6199951171875,,351.7699890136719,,350.45001220703125,,350.70001220703125,,191005900.0
2016-09-06,,349.4599914550781,,351.55999755859375,,349.0899963378906,,351.32000732421875,,210267800.0
2016-09-07,,350.4599914550781,,351.010009765625,,348.510009765625,,349.55999755859375,,253336200.0
2016-09-08,,349.32000732421875,,351.5199890136719,,346.3399963378906,,350.1499938964844,,255448100.0
2016-09-09,,345.5199890136719,,348.8800048828125,,344.8999938964844,,348.67999267578125,,246497900.0
2016-09-12,,342.2300109863281,,343.6199951171875,,338.5,,343.6199951171875,,279348600.0
2016-09-13,,338.7200012207031,,344.1400146484375,,338.7200012207031,,342.739990234375,,280878400.0
2016-09-14,,338.4200134277344,,340.6199951171875,,338.260009765625,,339.7099914550781,,258835200.0
2016-09-15,,340.3399963378906,,340.6400146484375,,337.8500061035156,,338.29998779296875,,243758500.0
2016-09-16,,337.82000732421875,,340.7799987792969,,337.2799987792969,,340.3800048828125,,605509000.0
2016-09-19,,341.2699890136719,,341.5799865722656,,338.7900085449219,,338.7900085449219,,196575600.0
2016-09-20,,341.0,,342.7799987792969,,340.2900085449219,,340.7900085449219,,203933600.0
2016-09-21,,342.4599914550781,,344.8999938964844,,342.25,,342.8299865722656,,212168300.0
2016-09-22,,347.8599853515625,,348.7900085449219,,343.489990234375,,343.489990234375,,227712600.0
2016-09-23,,345.3399963378906,,347.3299865722656,,344.75,,347.3299865722656,,206921000.0
2016-09-26,,340.0,,344.2699890136719,,339.67999267578125,,344.2699890136719,,233062300.0
2016-09-27,,340.19000244140625,,342.2099914550781,,337.6099853515625,,340.94000244140625,,234085600.0
2016-09-28,,342.57000732421875,,344.30999755859375,,340.9700012207031,,340.9700012207031,,202707400.0
2016-09-29,,342.7200012207031,,346.25,,341.9100036621094,,344.0899963378906,,229317000.0
2016-09-30,,342.9200134277344,,343.5400085449219,,336.739990234375,,341.2699890136719,,345314800.0
2016-10-03,,343.2300109863281,,343.7799987792969,,341.9800109863281,,342.17999267578125,,182350900.0
2016-10-04,,346.1000061035156,,347.2900085449219,,343.2900085449219,,343.3599853515625,,295981400.0
2016-10-05,,344.20001220703125,,344.80999755859375,,342.0299987792969,,344.1700134277344,,263230500.0
2016-10-06,,342.82000732421875,,345.45001220703125,,342.82000732421875,,344.70001220703125,,247423200.0
2016-10-07,,339.6400146484375,,342.4599914550781,,338.8999938964844,,342.1099853515625,,308332100.0
2016-10-10,,341.9800109863281,,342.29998779296875,,337.67999267578125,,339.2099914550781,,226390900.0
2016-10-11,,340.1700134277344,,343.010009765625,,339.8900146484375,,341.6099853515625,,244321200.0
2016-10-12,,338.55999755859375,,340.8900146484375,,338.489990234375,,340.3800048828125,,252858600.0
2016-10-13,,335.6199951171875,,337.489990234375,,333.7099914550781,,337.489990234375,,282680600.0
2016-10-14,,339.95001220703125,,341.3599853515625,,336.2699890136719,,336.2699890136719,,259036000.0
2016-10-17,,337.4200134277344,,339.8800048828125,,337.2200012207031,,339.57000732421875,,225795600.0
2016-10-18,,342.4800109863281,,342.760009765625,,338.6499938964844,,338.6499938964844,,248877400.0
2016-10-19,,343.6400146484375,,344.25,,341.239990234375,,342.2799987792969,,235608000.0
2016-10-20,,344.2900085449219,,344.9599914550781,,340.760009765625,,343.69000244140625,,274164900.0
2016-10-21,,344.2900085449219,,345.44000244140625,,343.2799987792969,,344.5299987792969,,231507400.0
2016-10-24,,344.260009765625,,347.0299987792969,,344.19000244140625,,344.95001220703125,,229863200.0
2016-10-25,,343.07000732421875,,345.6499938964844,,342.5799865722656,,344.6099853515625,,245621400.0
2016-10-26,,341.760009765625,,342.79998779296875,,339.8299865722656,,342.79998779296875,,259996100.0
2016-10-27,,341.7099914550781,,343.32000732421875,,339.9100036621094,,341.5799865722656,,276663500.0
2016-10-28,,340.79998779296875,,341.1099853515625,,338.29998779296875,,340.7699890136719,,266681600.0
2016-10-31,,338.9700012207031,,340.4100036621094,,338.30999755859375,,340.4100036621094,,227155400.0
2016-11-01,,335.3299865722656,,340.739990234375,,335.04998779296875,,340.0400085449219,,211364000.0
2016-11-02,,331.54998779296875,,334.5400085449219,,331.54998779296875,,334.5400085449219,,259488100.0
2016-11-03,,331.55999755859375,,334.04998779296875,,330.9700012207031,,331.6300048828125,,268058500.0
2016-11-04,,328.79998779296875,,330.8900146484375,,327.75,,330.8900146484375,,257188100.0
2016-11-07,,333.8399963378906,,333.8399963378906,,329.6499938964844,,329.6499938964844,,249527200.0
2016-11-08,,334.9100036621094,,335.0799865722656,,333.0,,334.05999755859375,,224518900.0
2016-11-09,,339.80999755859375,,339.8999938964844,,327.0199890136719,,330.3500061035156,,447491500.0
2016-11-10,,338.8800048828125,,344.29998779296875,,337.4800109863281,,341.2200012207031,,498051500.0
2016-11-11,,337.5,,341.0899963378906,,336.5899963378906,,339.5899963378906,,325752900.0
2016-11-14,,338.2300109863281,,341.9800109863281,,337.3599853515625,,338.45001220703125,,322645900.0
2016-11-15,,339.1600036621094,,339.760009765625,,337.2300109863281,,337.79998779296875,,297759300.0
2016-11-16,,338.4700012207031,,341.20001220703125,,337.1700134277344,,340.4700012207031,,263727300.0
2016-11-17,,340.6000061035156,,340.80999755859375,,337.5400085449219,,338.1099853515625,,280621400.0
2016-11-18,,339.3900146484375,,342.0799865722656,,339.0799865722656,,341.260009765625,,300175700.0
2016-11-21,,340.2300109863281,,340.8399963378906,,336.6700134277344,,339.4200134277344,,235935300.0
2016-11-22,,341.0199890136719,,342.6099853515625,,340.9599914550781,,341.3900146484375,,263751400.0
2016-11-23,,340.7699890136719,,341.80999755859375,,338.95001220703125,,340.7699890136719,,261940800.0
2016-11-24,,341.8399963378906,,342.1099853515625,,340.1700134277344,,341.1700134277344,,163999200.0
2016-11-25,,342.45001220703125,,342.55999755859375,,340.7099914550781,,341.5199890136719,,170081200.0
2016-11-28,,339.8299865722656,,341.8699951171875,,339.010009765625,,341.8699951171875,,233793000.0
2016-11-29,,340.95001220703125,,341.07000732421875,,338.1199951171875,,339.260009765625,,242485700.0
2016-11-30,,341.989990234375,,343.3399963378906,,340.25,,340.5199890136719,,411378500.0
2016-12-01,,340.8599853515625,,342.3699951171875,,339.55999755859375,,342.1199951171875,,304144900.0
2016-12-02,,339.3599853515625,,340.19000244140625,,336.3599853515625,,338.8900146484375,,248258900.0
2016-12-05,,341.2699890136719,,344.7900085449219,,338.9700012207031,,339.8800048828125,,314821900.0
2016-12-06,,344.57000732421875,,344.57000732421875,,340.3800048828125,,341.5400085449219,,316147600.0
2016-12-07,,347.70001220703125,,347.70001220703125,,345.4599914550781,,345.4599914550781,,394374100.0
2016-12-08,,351.9599914550781,,352.1499938964844,,347.2699890136719,,348.4599914550781,,388524300.0
2016-12-09,,355.3800048828125,,355.8599853515625,,352.0400085449219,,352.0400085449219,,298049100.0
2016-12-12,,353.739990234375,,355.9599914550781,,353.1499938964844,,355.25,,280674300.0
2016-12-13,,357.5,,357.67999267578125,,352.8599853515625,,353.4200134277344,,349473900.0
2016-12-14,,355.7200012207031,,357.04998779296875,,355.45001220703125,,356.6400146484375,,322903300.0
2016-12-15,,358.7900085449219,,359.3800048828125,,355.80999755859375,,356.1099853515625,,378172100.0
2016-12-16,,360.0199890136719,,360.57000732421875,,357.8399963378906,,358.6300048828125,,405534300.0
2016-12-19,,359.5899963378906,,360.0,,358.95001220703125,,359.8599853515625,,221117000.0
2016-12-20,,361.32000732421875,,361.32000732421875,,359.4200134277344,,359.7799987792969,,246186500.0
2016-12-21,,360.55999755859375,,361.32000732421875,,359.92999267578125,,360.6600036621094,,217080700.0
2016-12-22,,359.82000732421875,,360.4200134277344,,358.7200012207031,,360.0899963378906,,189152900.0
2016-12-23,,359.9800109863281,,360.3999938964844,,359.4800109863281,,359.8900146484375,,126177200.0
2016-12-27,,360.4800109863281,,360.79998779296875,,360.260009765625,,360.260009765625,,92394100.0
2016-12-28,,361.5299987792969,,361.5299987792969,,360.3399963378906,,360.5199890136719,,145947500.0
2016-12-29,,360.260009765625,,360.8800048828125,,359.3900146484375,,360.4200134277344,,124520500.0
2016-12-30,,361.4200134277344,,361.6600036621094,,358.8299865722656,,360.2200012207031,,117833700.0
2017-01-03,,365.7099914550781,,367.07000732421875,,364.25,,364.25,,254745400.0
2017-01-04,,365.260009765625,,366.19000244140625,,363.95001220703125,,365.6099853515625,,223362800.0
2017-01-05,,365.6400146484375,,365.9200134277344,,363.6600036621094,,364.0199890136719,,217579800.0
2017-01-06,,365.45001220703125,,365.7799987792969,,364.3299865722656,,365.07000732421875,,179973000.0
2017-01-09,,363.6700134277344,,365.5299987792969,,363.0400085449219,,365.1000061035156,,213225700.0
2017-01-10,,364.07000732421875,,364.3299865722656,,362.2300109863281,,363.4800109863281,,243849800.0
2017-01-11,,364.8999938964844,,366.3699951171875,,362.8399963378906,,364.260009765625,,245177300.0
2017-01-12,,362.510009765625,,364.45001220703125,,361.9700012207031,,364.2300109863281,,247813200.0
2017-01-13,,365.94000244140625,,365.94000244140625,,363.1199951171875,,363.1199951171875,,241537800.0
2017-01-16,,362.9700012207031,,364.5199890136719,,362.9700012207031,,364.5199890136719,,183428100.0
2017-01-17,,362.4200134277344,,363.760009765625,,360.4599914550781,,362.70001220703125,,234072300.0
2017-01-18,,363.07000732421875,,363.5799865722656,,361.0299987792969,,362.6199951171875,,221042000.0
2017-01-19,,362.8500061035156,,364.1400146484375,,361.6600036621094,,363.2099914550781,,235406000.0
2017-01-20,,362.5799865722656,,363.6400146484375,,361.3900146484375,,362.4800109863281,,243232900.0
2017-01-23,,361.010009765625,,362.17999267578125,,359.9200134277344,,362.17999267578125,,200686200.0
2017-01-24,,361.9200134277344,,362.4200134277344,,360.9700012207031,,361.29998779296875,,268658600.0
2017-01-25,,366.5899963378906,,366.9200134277344,,363.0400085449219,,363.0400085449219,,314694400.0
2017-01-26,,367.5,,368.8500061035156,,366.989990234375,,367.4200134277344,,271127100.0
2017-01-27,,366.3800048828125,,367.19000244140625,,365.3500061035156,,367.1400146484375,,237454400.0
2017-01-30,,362.54998779296875,,365.8999938964844,,361.989990234375,,365.8999938964844,,237722300.0
2017-01-31,,360.1199951171875,,363.8599853515625,,360.1199951171875,,362.4800109863281,,280616700.0
2017-02-01,,363.20001220703125,,364.8299865722656,,361.19000244140625,,361.19000244140625,,245008500.0
2017-02-02,,361.95001220703125,,363.55999755859375,,361.4100036621094,,362.8299865722656,,252427800.0
2017-02-03,,364.07000732421875,,364.80999755859375,,362.510009765625,,362.67999267578125,,250320200.0
2017-02-06,,361.6000061035156,,364.9100036621094,,361.5,,364.3399963378906,,214155300.0
2017-02-07,,362.739990234375,,363.8699951171875,,361.3900146484375,,361.94000244140625,,225314800.0
2017-02-08,,363.94000244140625,,365.010009765625,,361.7900085449219,,363.8399963378906,,271661800.0
2017-02-09,,366.7900085449219,,367.0400085449219,,364.2099914550781,,364.54998779296875,,240412600.0
2017-02-10,,367.3900146484375,,368.1000061035156,,366.2900085449219,,367.0799865722656,,237218800.0
2017-02-13,,370.1300048828125,,370.8999938964844,,367.82000732421875,,367.82000732421875,,195354800.0
2017-02-14,,370.20001220703125,,370.3599853515625,,369.1400146484375,,370.1700134277344,,213784200.0
2017-02-15,,371.4700012207031,,372.0899963378906,,370.239990234375,,370.67999267578125,,224924800.0
2017-02-16,,370.1000061035156,,371.55999755859375,,369.4599914550781,,371.3500061035156,,210963800.0
2017-02-17,,370.2200012207031,,370.6400146484375,,367.739990234375,,370.2799987792969,,245513100.0
2017-02-20,,371.0400085449219,,371.8900146484375,,370.3999938964844,,371.19000244140625,,165844600.0
2017-02-21,,373.3999938964844,,373.94000244140625,,369.94000244140625,,371.20001220703125,,227992800.0
2017-02-22,,373.3800048828125,,375.42999267578125,,372.5400085449219,,374.1300048828125,,290006600.0
2017-02-23,,372.8500061035156,,374.2099914550781,,372.42999267578125,,373.2300109863281,,257813000.0
2017-02-24,,370.010009765625,,372.75,,367.70001220703125,,372.7099914550781,,264898800.0
2017-02-27,,369.5199890136719,,370.5799865722656,,368.4700012207031,,369.7200012207031,,224144800.0
2017-02-28,,370.239990234375,,370.6400146484375,,369.1300048828125,,369.69000244140625,,269255200.0
2017-03-01,,375.69000244140625,,375.7699890136719,,371.5199890136719,,371.5199890136719,,313372000.0
2017-03-02,,375.6099853515625,,376.1499938964844,,374.9100036621094,,375.6199951171875,,255438300.0
2017-03-03,,375.2300109863281,,375.2300109863281,,373.82000732421875,,374.8999938964844,,256669800.0
2017-03-06,,373.2699890136719,,374.42999267578125,,372.4200134277344,,374.42999267578125,,208225600.0
2017-03-07,,372.2699890136719,,373.45001220703125,,371.6000061035156,,373.04998779296875,,213126900.0
2017-03-08,,372.5799865722656,,373.42999267578125,,371.239990234375,,372.2200012207031,,233453900.0
2017-03-09,,372.8900146484375,,373.44000244140625,,371.0799865722656,,372.5299987792969,,300592600.0
2017-03-10,,373.2300109863281,,374.8900146484375,,373.0199890136719,,373.4200134277344,,283263600.0
2017-03-13,,374.6400146484375,,375.0799865722656,,373.19000244140625,,373.25,,193675600.0
2017-03-14,,373.4599914550781,,374.3299865722656,,372.5899963378906,,374.29998779296875,,240977800.0
2017-03-15,,375.1000061035156,,375.19000244140625,,373.8999938964844,,374.2099914550781,,231515700.0
2017-03-16,,377.7300109863281,,377.760009765625,,375.9100036621094,,375.9100036621094,,312455200.0
2017-03-17,,378.32000732421875,,378.5,,376.239990234375,,376.7900085449219,,415325100.0
2017-03-20,,377.67999267578125,,378.4100036621094,,377.1499938964844,,377.95001220703125,,186100800.0
2017-03-21,,375.6700134277344,,379.2200012207031,,375.2799987792969,,377.8599853515625,,265800200.0
2017-03-22,,374.0299987792969,,374.6099853515625,,371.9700012207031,,374.6099853515625,,267156000.0
2017-03-23,,377.20001220703125,,377.20001220703125,,373.55999755859375,,374.1099853515625,,237995200.0
2017-03-24,,376.510009765625,,376.8800048828125,,375.3800048828125,,376.8699951171875,,197246600.0
2017-03-27,,375.010009765625,,375.44000244140625,,372.92999267578125,,375.44000244140625,,214748200.0
2017-03-28,,377.29998779296875,,377.3699951171875,,375.25,,375.54998779296875,,228090400.0
2017-03-29,,378.5299987792969,,378.6099853515625,,376.7200012207031,,377.17999267578125,,215446000.0
2017-03-30,,380.4599914550781,,380.4800109863281,,378.4200134277344,,378.5799865722656,,208396100.0
2017-03-31,,381.1400146484375,,381.5,,378.760009765625,,380.4200134277344,,252625200.0
2017-04-03,,379.2900085449219,,382.739990234375,,379.260009765625,,382.19000244140625,,230954200.0
2017-04-04,,380.0299987792969,,380.0799865722656,,378.6300048828125,,379.04998779296875,,235319300.0
2017-04-05,,380.0899963378906,,381.7099914550781,,379.82000732421875,,380.07000732421875,,222021800.0
2017-04-06,,380.7699890136719,,380.9800109863281,,377.1600036621094,,379.0400085449219,,228192000.0
2017-04-07,,381.260009765625,,381.260009765625,,378.8999938964844,,380.0199890136719,,208137700.0
2017-04-10,,381.25,,381.6700134277344,,380.3999938964844,,381.6400146484375,,180661100.0
2017-04-11,,381.17999267578125,,382.5199890136719,,379.30999755859375,,380.57000732421875,,236871400.0
2017-04-12,,381.8999938964844,,383.9100036621094,,381.6000061035156,,381.7799987792969,,236708100.0
2017-04-13,,380.5799865722656,,381.3599853515625,,379.8500061035156,,381.3599853515625,,203785000.0
2017-04-18,,376.3500061035156,,381.3699951171875,,376.3500061035156,,380.9599914550781,,276057500.0
2017-04-19,,377.239990234375,,378.0199890136719,,376.2300109863281,,376.4700012207031,,268246900.0
2017-04-20,,378.05999755859375,,378.54998779296875,,376.2799987792969,,376.9599914550781,,240977200.0
2017-04-21,,378.1199951171875,,379.2099914550781,,377.1700134277344,,378.2200012207031,,277920200.0
2017-04-24,,386.0899963378906,,386.2300109863281,,379.04998779296875,,379.04998779296875,,395930900.0
2017-04-25,,386.9100036621094,,387.989990234375,,386.1499938964844,,386.2099914550781,,260042900.0
2017-04-26,,388.7300109863281,,388.8800048828125,,386.2900085449219,,386.6099853515625,,277452700.0
2017-04-27,,387.7900085449219,,388.2099914550781,,386.8299865722656,,388.1700134277344,,283817900.0
2017-04-28,,387.0899963378906,,387.6700134277344,,386.7300109863281,,387.3599853515625,,296350500.0
2017-05-02,,389.5299987792969,,389.5299987792969,,386.69000244140625,,386.69000244140625,,245993000.0
2017-05-03,,389.3699951171875,,389.3900146484375,,388.4599914550781,,389.3399963378906,,208832200.0
2017-05-04,,391.9800109863281,,391.9800109863281,,389.7099914550781,,389.7099914550781,,308256200.0
2017-05-05,,394.5400085449219,,394.5400085449219,,390.45001220703125,,391.44000244140625,,292496800.0
2017-05-08,,394.0400085449219,,395.1499938964844,,393.2699890136719,,394.94000244140625,,253340100.0
2017-05-09,,395.80999755859375,,396.239990234375,,394.4599914550781,,394.4599914550781,,233450800.0
2017-05-10,,396.45001220703125,,396.45001220703125,,394.6099853515625,,395.82000732421875,,253936800.0
2017-05-11,,394.3900146484375,,396.4700012207031,,393.4700012207031,,396.4700012207031,,279011100.0
2017-05-12,,395.6300048828125,,395.6300048828125,,394.20001220703125,,394.57000732421875,,252208400.0
2017-05-15,,395.9700012207031,,396.54998779296875,,394.70001220703125,,396.1000061035156,,216307800.0
2017-05-16,,395.9100036621094,,396.44000244140625,,394.75,,395.7200012207031,,251078300.0
2017-05-17,,391.1400146484375,,395.44000244140625,,390.1499938964844,,394.760009765625,,277400100.0
2017-05-18,,389.19000244140625,,390.6000061035156,,386.4599914550781,,390.6000061035156,,324214400.0
2017-05-19,,391.510009765625,,391.70001220703125,,389.1199951171875,,389.1199951171875,,257159600.0
2017-05-22,,391.1400146484375,,392.4800109863281,,390.79998779296875,,391.8999938964844,,208410600.0
2017-05-23,,392.0199890136719,,392.6199951171875,,390.4700012207031,,390.7900085449219,,214533400.0
2017-05-24,,392.3699951171875,,392.7799987792969,,391.6300048828125,,392.4200134277344,,214143900.0
2017-05-26,,391.3500061035156,,391.57000732421875,,389.44000244140625,,391.5,,218006200.0
2017-05-29,,391.25,,391.6600036621094,,390.7799987792969,,391.6600036621094,,179035700.0
2017-05-30,,390.5,,391.0,,388.9700012207031,,390.510009765625,,217479300.0
2017-05-31,,389.989990234375,,392.2699890136719,,389.510009765625,,390.0899963378906,,441743700.0
2017-06-01,,391.6600036621094,,391.92999267578125,,389.54998779296875,,389.54998779296875,,254851000.0
2017-06-02,,392.54998779296875,,394.67999267578125,,391.75,,392.1600036621094,,250269500.0
2017-06-06,,389.3999938964844,,391.29998779296875,,388.8599853515625,,391.29998779296875,,227166200.0
2017-06-07,,389.17999267578125,,391.80999755859375,,388.45001220703125,,389.32000732421875,,257828300.0
2017-06-08,,389.1499938964844,,390.510009765625,,388.3699951171875,,389.4200134277344,,256795700.0
2017-06-09,,390.3900146484375,,390.6400146484375,,387.55999755859375,,387.55999755859375,,256925900.0
2017-06-12,,386.6199951171875,,389.6000061035156,,386.1700134277344,,389.6000061035156,,206200800.0
2017-06-13,,388.75,,389.489990234375,,387.2799987792969,,387.2799987792969,,200151500.0
2017-06-14,,387.5799865722656,,391.44000244140625,,387.5799865722656,,389.4800109863281,,251817200.0
2017-06-15,,386.04998779296875,,387.5299987792969,,383.739990234375,,387.5299987792969,,270359000.0
2017-06-16,,388.6000061035156,,388.67999267578125,,386.489990234375,,386.489990234375,,453412700.0
2017-06-19,,391.94000244140625,,392.45001220703125,,389.8299865722656,,389.8299865722656,,170201800.0
2017-06-20,,389.2099914550781,,393.260009765625,,389.2099914550781,,391.9599914550781,,221844300.0
2017-06-21,,388.5,,389.0899963378906,,385.8299865722656,,388.69000244140625,,223803300.0
2017-06-22,,388.5299987792969,,388.7099914550781,,386.1000061035156,,388.2099914550781,,210175500.0
2017-06-23,,387.6199951171875,,388.760009765625,,386.4100036621094,,388.6600036621094,,195310200.0
2017-06-26,,389.04998779296875,,390.9100036621094,,388.3500061035156,,388.3500061035156,,193992000.0
2017-06-27,,385.9800109863281,,388.6400146484375,,385.57000732421875,,388.6400146484375,,219752300.0
2017-06-28,,385.82000732421875,,386.5799865722656,,382.010009765625,,384.95001220703125,,265893600.0
2017-06-29,,380.6600036621094,,387.7300109863281,,380.2200012207031,,386.2300109863281,,279651200.0
2017-06-30,,379.3699951171875,,382.79998779296875,,379.0400085449219,,380.67999267578125,,255432400.0
2017-07-03,,383.4100036621094,,383.79998779296875,,379.9599914550781,,379.9599914550781,,198747000.0
2017-07-04,,382.29998779296875,,383.57000732421875,,381.739990234375,,382.8399963378906,,165789200.0
2017-07-05,,382.989990234375,,383.2799987792969,,381.1199951171875,,382.29998779296875,,223712000.0
2017-07-06,,380.42999267578125,,382.9700012207031,,378.45001220703125,,382.9700012207031,,218181400.0
2017-07-07,,380.17999267578125,,380.3299865722656,,378.8299865722656,,380.30999755859375,,169003000.0
2017-07-10,,381.6400146484375,,382.2099914550781,,380.6300048828125,,380.7699890136719,,163494700.0
2017-07-11,,379.1499938964844,,382.9700012207031,,378.95001220703125,,381.7900085449219,,178211500.0
2017-07-12,,384.8999938964844,,385.5799865722656,,379.239990234375,,379.239990234375,,206258600.0
2017-07-13,,386.1400146484375,,387.17999267578125,,385.0400085449219,,385.2200012207031,,218776000.0
2017-07-14,,386.8399963378906,,386.8399963378906,,385.489990234375,,386.42999267578125,,188759600.0
2017-07-17,,386.8599853515625,,387.8900146484375,,385.9200134277344,,387.1099853515625,,157998500.0
2017-07-18,,382.5799865722656,,386.2900085449219,,382.0299987792969,,386.2099914550781,,190231800.0
2017-07-19,,385.5400085449219,,385.70001220703125,,383.1700134277344,,383.7699890136719,,188610400.0
2017-07-20,,384.07000732421875,,387.3399963378906,,382.94000244140625,,385.3699951171875,,205080800.0
2017-07-21,,380.1600036621094,,384.54998779296875,,379.010009765625,,383.7699890136719,,207258700.0
2017-07-24,,379.2300109863281,,380.7699890136719,,378.0,,380.5199890136719,,227795600.0
2017-07-25,,380.7699890136719,,382.3800048828125,,379.0400085449219,,379.0400085449219,,207666400.0
2017-07-26,,382.739990234375,,383.7300109863281,,380.75,,380.760009765625,,186515900.0
2017-07-27,,382.32000732421875,,383.6400146484375,,381.510009765625,,382.3999938964844,,216392700.0
2017-07-28,,378.3399963378906,,380.7799987792969,,377.239990234375,,380.7799987792969,,208541000.0
2017-07-31,,377.8500061035156,,380.07000732421875,,377.57000732421875,,378.4200134277344,,209676800.0
2017-08-02,,378.6300048828125,,380.4800109863281,,377.9100036621094,,380.010009765625,,178749900.0
2017-08-03,,378.92999267578125,,379.5299987792969,,377.1700134277344,,378.510009765625,,191090900.0
2017-08-04,,382.5299987792969,,383.0799865722656,,378.20001220703125,,378.6600036621094,,185831900.0
2017-08-07,,382.010009765625,,383.1400146484375,,381.3999938964844,,382.3999938964844,,145694300.0
2017-08-08,,382.6499938964844,,383.2300109863281,,380.80999755859375,,381.8500061035156,,150433100.0
2017-08-09,,379.8399963378906,,382.32000732421875,,378.6499938964844,,382.32000732421875,,196034800.0
2017-08-10,,376.04998779296875,,379.510009765625,,375.4200134277344,,379.510009765625,,177155000.0
2017-08-11,,372.1400146484375,,374.6499938964844,,371.5799865722656,,374.6499938964844,,192495100.0
2017-08-14,,376.1600036621094,,376.8900146484375,,372.80999755859375,,372.80999755859375,,142400200.0
2017-08-15,,376.5,,377.7900085449219,,375.8500061035156,,376.70001220703125,,131267300.0
2017-08-16,,379.0899963378906,,379.8599853515625,,376.8999938964844,,376.8999938964844,,151178800.0
2017-08-17,,376.8699951171875,,379.4800109863281,,376.6700134277344,,378.6700134277344,,159580000.0
2017-08-18,,374.20001220703125,,375.489990234375,,372.8900146484375,,375.489990234375,,173245100.0
2017-08-21,,372.7200012207031,,374.510009765625,,371.7300109863281,,373.45001220703125,,140671000.0
2017-08-22,,375.79998779296875,,375.9700012207031,,373.4100036621094,,373.4100036621094,,159373600.0
2017-08-23,,373.9200134277344,,376.32000732421875,,373.2099914550781,,375.70001220703125,,153689900.0
2017-08-24,,374.510009765625,,376.1300048828125,,374.4599914550781,,374.4800109863281,,178062800.0
2017-08-25,,374.07000732421875,,376.19000244140625,,374.07000732421875,,374.92999267578125,,133353500.0
2017-08-28,,372.2900085449219,,373.6300048828125,,371.8500061035156,,373.2099914550781,,115130100.0
2017-08-29,,368.4200134277344,,371.2300109863281,,365.989990234375,,371.2300109863281,,199029100.0
2017-08-30,,371.010009765625,,371.6199951171875,,369.8800048828125,,369.8900146484375,,154536800.0
2017-08-31,,373.8800048828125,,374.7900085449219,,371.7300109863281,,371.7300109863281,,210610000.0
2017-09-01,,376.1400146484375,,376.8500061035156,,374.55999755859375,,374.55999755859375,,156019700.0
2017-09-04,,374.17999267578125,,375.0299987792969,,373.739990234375,,375.0299987792969,,110400800.0
2017-09-05,,373.7099914550781,,375.8900146484375,,373.4100036621094,,374.19000244140625,,154858400.0
2017-09-06,,373.95001220703125,,374.6300048828125,,371.6199951171875,,372.9599914550781,,190717300.0
2017-09-07,,374.95001220703125,,375.9100036621094,,373.3999938964844,,374.1300048828125,,182415900.0
2017-09-08,,375.510009765625,,375.6400146484375,,373.4200134277344,,374.3299865722656,,165574300.0
2017-09-11,,379.42999267578125,,379.42999267578125,,376.3900146484375,,376.3900146484375,,169796200.0
2017-09-12,,381.4200134277344,,381.9800109863281,,379.79998779296875,,379.79998779296875,,191566000.0
2017-09-13,,381.3399963378906,,382.1600036621094,,379.92999267578125,,381.0,,208580700.0
2017-09-14,,381.7900085449219,,382.20001220703125,,380.55999755859375,,381.239990234375,,246391100.0
2017-09-15,,380.7099914550781,,381.9800109863281,,380.0199890136719,,381.9800109863281,,345195600.0
2017-09-18,,381.95001220703125,,383.0799865722656,,381.55999755859375,,381.92999267578125,,182126000.0
2017-09-19,,382.1199951171875,,382.1600036621094,,380.9700012207031,,381.260009765625,,177053400.0
2017-09-20,,381.9800109863281,,382.5799865722656,,381.29998779296875,,381.739990234375,,182333600.0
2017-09-21,,382.8800048828125,,383.5899963378906,,382.2300109863281,,382.6199951171875,,197519500.0
2017-09-22,,383.2200012207031,,383.67999267578125,,382.07000732421875,,382.260009765625,,164962000.0
2017-09-25,,383.8999938964844,,384.5299987792969,,383.44000244140625,,383.6400146484375,,160841700.0
2017-09-26,,384.0299987792969,,384.6199951171875,,383.4700012207031,,384.0799865722656,,168058900.0
2017-09-27,,385.6199951171875,,386.30999755859375,,384.1300048828125,,384.1300048828125,,215333300.0
2017-09-28,,386.3599853515625,,386.3599853515625,,384.9599914550781,,385.6600036621094,,190236700.0
2017-09-29,,388.1600036621094,,388.1600036621094,,385.9200134277344,,386.25,,202290800.0
2017-10-02,,390.1300048828125,,390.1300048828125,,388.42999267578125,,388.42999267578125,,208558700.0
2017-10-03,,390.7200012207031,,390.7200012207031,,389.8599853515625,,390.32000732421875,,158753600.0
2017-10-04,,390.3999938964844,,391.0899963378906,,389.29998779296875,,390.95001220703125,,246650300.0
2017-10-05,,391.0299987792969,,391.0299987792969,,389.2699890136719,,389.8299865722656,,215419900.0
2017-10-06,,389.4700012207031,,390.9700012207031,,388.8699951171875,,390.760009765625,,187569100.0
2017-10-09,,390.2099914550781,,391.05999755859375,,389.7099914550781,,389.9800109863281,,166770000.0
2017-10-10,,390.1600036621094,,390.6099853515625,,389.3699951171875,,389.80999755859375,,192484900.0
2017-10-11,,390.1499938964844,,390.57000732421875,,389.29998779296875,,389.9800109863281,,260032200.0
2017-10-12,,390.2799987792969,,390.57000732421875,,389.32000732421875,,390.3699951171875,,177535900.0
2017-10-13,,391.4200134277344,,392.05999755859375,,390.6400146484375,,391.3800048828125,,181652900.0
2017-10-16,,391.4100036621094,,392.4200134277344,,391.29998779296875,,392.0899963378906,,179941100.0
2017-10-17,,390.44000244140625,,391.8999938964844,,390.44000244140625,,391.7099914550781,,208291700.0
2017-10-18,,391.55999755859375,,392.2799987792969,,390.489990234375,,390.6499938964844,,163187600.0
2017-10-19,,389.1099853515625,,391.1700134277344,,387.80999755859375,,391.1700134277344,,211707600.0
2017-10-20,,390.1300048828125,,390.510009765625,,389.32000732421875,,389.3900146484375,,202514800.0
2017-10-23,,390.739990234375,,391.5899963378906,,389.79998779296875,,390.6499938964844,,148676400.0
2017-10-24,,389.3299865722656,,391.30999755859375,,389.1400146484375,,390.44000244140625,,192482300.0
2017-10-25,,387.1300048828125,,390.5199890136719,,386.739990234375,,388.9800109863281,,208234300.0
2017-10-26,,391.2699890136719,,391.45001220703125,,386.44000244140625,,387.0199890136719,,269944400.0
2017-10-27,,393.42999267578125,,393.760009765625,,392.2200012207031,,392.25,,240508300.0
2017-10-30,,393.9100036621094,,394.489990234375,,392.82000732421875,,393.239990234375,,193021200.0
2017-10-31,,395.2200012207031,,395.5299987792969,,393.95001220703125,,394.0199890136719,,182574000.0
2017-11-01,,396.7699890136719,,398.04998779296875,,395.9100036621094,,395.9100036621094,,244139500.0
2017-11-02,,394.94000244140625,,397.0400085449219,,393.6300048828125,,396.3999938964844,,231624100.0
2017-11-03,,396.05999755859375,,396.17999267578125,,394.8800048828125,,395.3599853515625,,178824000.0
2017-11-06,,396.5899963378906,,396.9200134277344,,395.3999938964844,,395.8999938964844,,165717000.0
2017-11-07,,394.6499938964844,,397.79998779296875,,394.30999755859375,,397.0400085449219,,194627000.0
2017-11-08,,394.45001220703125,,395.1700134277344,,393.010009765625,,394.67999267578125,,214841300.0
2017-11-09,,390.07000732421875,,394.739990234375,,389.6400146484375,,394.5799865722656,,237674800.0
2017-11-10,,388.69000244140625,,390.989990234375,,388.3599853515625,,390.3399963378906,,210929000.0
2017-11-13,,386.1300048828125,,388.80999755859375,,384.04998779296875,,388.1499938964844,,201814700.0
2017-11-14,,383.8599853515625,,387.0799865722656,,383.05999755859375,,385.7900085449219,,260318800.0
2017-11-15,,381.9599914550781,,383.44000244140625,,379.94000244140625,,383.44000244140625,,243606000.0
2017-11-16,,384.92999267578125,,385.29998779296875,,382.7900085449219,,382.7900085449219,,214756900.0
2017-11-17,,383.79998779296875,,385.3500061035156,,382.67999267578125,,385.0899963378906,,118283500.0
2017-11-20,,386.3900146484375,,386.760009765625,,383.260009765625,,384.32000732421875,,176821300.0
2017-11-21,,388.1000061035156,,388.95001220703125,,385.1300048828125,,386.0400085449219,,195874600.0
2017-11-22,,387.05999755859375,,389.67999267578125,,387.05999755859375,,388.20001220703125,,195743400.0
2017-11-23,,387.1199951171875,,387.67999267578125,,384.6499938964844,,386.32000732421875,,158888400.0
2017-11-24,,386.6300048828125,,388.6499938964844,,386.5199890136719,,387.1700134277344,,149938400.0
2017-11-27,,384.8699951171875,,387.760009765625,,384.8699951171875,,386.1400146484375,,163541200.0
2017-11-28,,387.0199890136719,,387.29998779296875,,384.739990234375,,385.05999755859375,,193612400.0
2017-11-29,,387.9599914550781,,390.70001220703125,,387.9200134277344,,388.8900146484375,,243882800.0
2017-11-30,,386.69000244140625,,390.44000244140625,,386.69000244140625,,388.1600036621094,,362903600.0
2017-12-01,,383.9700012207031,,387.45001220703125,,383.2099914550781,,386.7200012207031,,202704500.0
2017-12-04,,387.4700012207031,,388.989990234375,,384.8900146484375,,384.8900146484375,,192489400.0
2017-12-05,,386.739990234375,,387.7200012207031,,385.2300109863281,,386.6099853515625,,202736300.0
2017-12-06,,386.32000732421875,,386.9599914550781,,383.0,,385.8800048828125,,216358600.0
2017-12-07,,386.4100036621094,,387.75,,385.6300048828125,,386.1600036621094,,230557800.0
2017-12-08,,389.25,,390.1700134277344,,387.7699890136719,,387.7699890136719,,254148500.0
2017-12-11,,389.04998779296875,,390.1199951171875,,388.7699890136719,,389.3800048828125,,216404100.0
2017-12-12,,391.6300048828125,,391.6300048828125,,388.45001220703125,,389.3500061035156,,245924100.0
2017-12-13,,390.70001220703125,,391.55999755859375,,390.70001220703125,,391.55999755859375,,260873400.0
2017-12-14,,388.9100036621094,,390.3599853515625,,388.8999938964844,,390.2799987792969,,242942600.0
2017-12-15,,388.19000244140625,,388.6700134277344,,387.07000732421875,,388.5400085449219,,342148700.0
2017-12-18,,392.6600036621094,,393.010009765625,,389.010009765625,,389.010009765625,,186947000.0
2017-12-19,,391.0199890136719,,393.3999938964844,,390.79998779296875,,392.69000244140625,,187030400.0
2017-12-20,,388.3699951171875,,391.1700134277344,,387.7799987792969,,391.0299987792969,,179849000.0
2017-12-21,,390.69000244140625,,390.8399963378906,,386.80999755859375,,387.9599914550781,,174596400.0
2017-12-22,,390.2799987792969,,390.8800048828125,,389.6000061035156,,390.6099853515625,,102669700.0
2017-12-27,,390.5400085449219,,391.1600036621094,,389.5,,389.82000732421875,,122973900.0
2017-12-28,,389.5400085449219,,390.82000732421875,,389.0899963378906,,390.67999267578125,,102386700.0
2017-12-29,,389.17999267578125,,390.04998779296875,,388.7799987792969,,389.7099914550781,,101566900.0
2018-01-03,,390.2200012207031,,391.1000061035156,,388.739990234375,,388.739990234375,,173214100.0
2018-01-04,,393.67999267578125,,394.260009765625,,391.1099853515625,,391.1099853515625,,211746500.0
2018-01-05,,397.3500061035156,,397.3500061035156,,393.9800109863281,,393.9800109863281,,179155700.0
2018-01-08,,398.4100036621094,,398.9599914550781,,397.7200012207031,,397.9200134277344,,175894800.0
2018-01-09,,400.1099853515625,,400.30999755859375,,398.489990234375,,398.489990234375,,190142200.0
2018-01-10,,398.6000061035156,,399.8800048828125,,397.4700012207031,,399.760009765625,,239336700.0
2018-01-11,,397.25,,399.1199951171875,,396.55999755859375,,398.8599853515625,,241332200.0
2018-01-12,,398.489990234375,,398.8699951171875,,396.95001220703125,,397.4200134277344,,242930700.0
2018-01-15,,397.8299865722656,,398.54998779296875,,397.45001220703125,,398.45001220703125,,147833700.0
2018-01-16,,398.3500061035156,,399.8699951171875,,397.5899963378906,,398.1499938964844,,199112800.0
2018-01-17,,397.9700012207031,,398.760009765625,,396.94000244140625,,397.5199890136719,,210958000.0
2018-01-18,,398.7300109863281,,399.489990234375,,397.4599914550781,,398.5,,202402800.0
2018-01-19,,400.8800048828125,,401.1499938964844,,398.7799987792969,,398.9100036621094,,213280600.0
2018-01-22,,402.1099853515625,,402.1600036621094,,400.55999755859375,,401.0,,200530400.0
2018-01-23,,402.80999755859375,,403.7200012207031,,401.9700012207031,,402.7799987792969,,199681900.0
2018-01-24,,400.7900085449219,,403.2300109863281,,400.7900085449219,,402.7300109863281,,193673700.0
2018-01-25,,398.55999755859375,,401.8699951171875,,397.57000732421875,,400.5199890136719,,209966300.0
2018-01-26,,400.57000732421875,,401.05999755859375,,398.5799865722656,,398.6000061035156,,183604200.0
2018-01-29,,399.79998779296875,,400.9100036621094,,399.510009765625,,400.44000244140625,,172993000.0
2018-01-30,,396.1199951171875,,398.82000732421875,,395.57000732421875,,398.42999267578125,,226456400.0
2018-01-31,,395.4599914550781,,397.4599914550781,,395.0199890136719,,396.4599914550781,,237841600.0
2018-02-01,,393.489990234375,,398.5,,392.7099914550781,,396.42999267578125,,243269000.0
2018-02-02,,388.07000732421875,,392.8999938964844,,388.0,,392.8999938964844,,238316600.0
2018-02-05,,382.0,,386.8599853515625,,381.6400146484375,,386.8599853515625,,243873900.0
2018-02-06,,372.7900085449219,,377.5799865722656,,369.7699890136719,,375.739990234375,,385045700.0
2018-02-07,,380.1300048828125,,381.3800048828125,,374.2099914550781,,374.4800109863281,,296526900.0
2018-02-08,,374.0299987792969,,380.42999267578125,,373.2099914550781,,380.42999267578125,,281772900.0
2018-02-09,,368.6099853515625,,373.8999938964844,,367.5,,372.8900146484375,,285572300.0
2018-02-12,,372.92999267578125,,375.1199951171875,,370.010009765625,,370.010009765625,,209157500.0
2018-02-13,,370.5799865722656,,374.0,,370.5799865722656,,373.1000061035156,,192954400.0
2018-02-14,,374.5299987792969,,375.17999267578125,,369.45001220703125,,371.3900146484375,,253332500.0
2018-02-15,,376.510009765625,,378.32000732421875,,375.1300048828125,,375.1300048828125,,218184100.0
2018-02-16,,380.6199951171875,,381.17999267578125,,377.4800109863281,,377.4800109863281,,191128300.0
2018-02-19,,378.239990234375,,381.4800109863281,,377.79998779296875,,381.010009765625,,129476700.0
2018-02-20,,380.510009765625,,380.510009765625,,377.54998779296875,,378.2300109863281,,181406100.0
2018-02-21,,381.1000061035156,,381.30999755859375,,377.57000732421875,,380.1199951171875,,213082500.0
2018-02-22,,380.3399963378906,,380.8599853515625,,376.9200134277344,,379.8699951171875,,221796600.0
2018-02-23,,381.1600036621094,,381.4599914550781,,379.3299865722656,,381.0199890136719,,193378500.0
2018-02-26,,383.05999755859375,,384.1300048828125,,382.1400146484375,,382.2300109863281,,164815000.0
2018-02-27,,382.3599853515625,,384.1199951171875,,381.239990234375,,383.2300109863281,,191357700.0
2018-02-28,,379.6300048828125,,382.239990234375,,379.6300048828125,,381.9700012207031,,229250100.0
2018-03-01,,374.8599853515625,,378.7099914550781,,374.239990234375,,378.6499938964844,,222976400.0
2018-03-02,,367.0400085449219,,373.2699890136719,,366.57000732421875,,373.2699890136719,,286048200.0
2018-03-05,,370.8699951171875,,371.1700134277344,,366.239990234375,,366.79998779296875,,238419100.0
2018-03-06,,371.3699951171875,,374.1300048828125,,371.3599853515625,,371.6099853515625,,231039600.0
2018-03-07,,372.7099914550781,,373.3599853515625,,369.17999267578125,,370.7200012207031,,227622100.0
2018-03-08,,376.6199951171875,,377.05999755859375,,372.4200134277344,,372.57000732421875,,225934200.0
2018-03-09,,378.239990234375,,378.8900146484375,,376.1099853515625,,376.4700012207031,,201404200.0
2018-03-12,,379.20001220703125,,380.1099853515625,,378.1099853515625,,379.1000061035156,,177792100.0
2018-03-13,,375.489990234375,,380.0899963378906,,374.6600036621094,,379.1700134277344,,214176700.0
2018-03-14,,374.94000244140625,,377.7099914550781,,374.3699951171875,,375.30999755859375,,203255800.0
2018-03-15,,376.8800048828125,,377.5400085449219,,374.55999755859375,,375.3299865722656,,221224000.0
2018-03-16,,377.7099914550781,,379.1000061035156,,376.55999755859375,,376.6700134277344,,397723600.0
2018-03-19,,373.67999267578125,,377.3599853515625,,373.1300048828125,,377.3599853515625,,203029200.0
2018-03-20,,375.57000732421875,,375.9800109863281,,373.0899963378906,,374.1000061035156,,187288300.0
2018-03-21,,374.9599914550781,,375.9800109863281,,373.69000244140625,,375.6600036621094,,199246900.0
2018-03-22,,369.1499938964844,,374.0899963378906,,367.1199951171875,,373.94000244140625,,245814400.0
2018-03-23,,365.82000732421875,,367.9200134277344,,363.04998779296875,,367.8699951171875,,261933400.0
2018-03-26,,363.17999267578125,,368.1000061035156,,362.0400085449219,,366.07000732421875,,196408900.0
2018-03-27,,367.57000732421875,,368.94000244140625,,364.760009765625,,364.760009765625,,189921700.0
2018-03-28,,369.260009765625,,369.260009765625,,362.739990234375,,366.5799865722656,,217867800.0
2018-03-29,,370.8699951171875,,372.6300048828125,,369.2900085449219,,369.489990234375,,211983100.0
2018-04-03,,369.07000732421875,,370.6600036621094,,366.92999267578125,,369.7099914550781,,201476300.0
2018-04-04,,367.3299865722656,,369.7300109863281,,364.3599853515625,,369.30999755859375,,208221800.0
2018-04-05,,376.1300048828125,,376.19000244140625,,369.4599914550781,,369.4599914550781,,220047500.0
2018-04-06,,374.82000732421875,,376.2099914550781,,373.8900146484375,,374.8999938964844,,203378900.0
2018-04-09,,375.29998779296875,,377.1099853515625,,373.8800048828125,,375.42999267578125,,198010700.0
2018-04-10,,378.4200134277344,,378.4800109863281,,376.5199890136719,,376.5199890136719,,223834600.0
2018-04-11,,376.17999267578125,,377.95001220703125,,375.30999755859375,,377.8299865722656,,226392200.0
2018-04-12,,378.82000732421875,,379.04998779296875,,375.45001220703125,,376.19000244140625,,195646500.0
2018-04-13,,379.20001220703125,,380.8299865722656,,378.3800048828125,,379.2099914550781,,187462200.0
2018-04-16,,377.739990234375,,379.55999755859375,,377.04998779296875,,379.17999267578125,,182284300.0
2018-04-17,,380.7699890136719,,381.5,,377.95001220703125,,377.9800109863281,,206701100.0
2018-04-18,,381.8599853515625,,382.010009765625,,380.29998779296875,,380.45001220703125,,210457800.0
2018-04-19,,381.95001220703125,,382.4100036621094,,381.1600036621094,,381.7799987792969,,200988700.0
2018-04-20,,381.8399963378906,,382.54998779296875,,380.510009765625,,380.8900146484375,,224787600.0
2018-04-23,,383.17999267578125,,383.30999755859375,,380.5799865722656,,381.8699951171875,,217946100.0
2018-04-24,,383.1099853515625,,384.3399963378906,,381.5199890136719,,383.2300109863281,,228802000.0
2018-04-25,,380.1700134277344,,382.2099914550781,,378.1700134277344,,382.2099914550781,,234234000.0
2018-04-26,,383.75,,383.79998779296875,,379.4599914550781,,380.1499938964844,,218036600.0
2018-04-27,,384.6400146484375,,384.8399963378906,,383.19000244140625,,384.0899963378906,,0.0
2018-04-30,,385.32000732421875,,385.6000061035156,,383.7699890136719,,383.9200134277344,,212711800.0
2018-05-02,,387.44000244140625,,387.8500061035156,,385.05999755859375,,385.05999755859375,,233630400.0
2018-05-03,,384.6199951171875,,387.05999755859375,,384.05999755859375,,386.9700012207031,,209661600.0
2018-05-04,,387.0299987792969,,387.0299987792969,,384.9100036621094,,385.010009765625,,235199500.0
2018-05-07,,389.510009765625,,389.5299987792969,,387.0199890136719,,387.0199890136719,,90442800.0
2018-05-08,,390.0,,390.0,,388.1300048828125,,389.3900146484375,,246467600.0
2018-05-09,,392.44000244140625,,392.44000244140625,,390.2900085449219,,390.2900085449219,,221045900.0
2018-05-11,,392.3999938964844,,392.55999755859375,,391.5400085449219,,391.9599914550781,,195449000.0
2018-05-14,,392.19000244140625,,392.489990234375,,390.7799987792969,,392.25,,184727600.0
2018-05-15,,392.3699951171875,,393.3900146484375,,391.1400146484375,,391.79998779296875,,238826200.0
2018-05-16,,393.2099914550781,,393.6099853515625,,391.82000732421875,,392.760009765625,,259698100.0
2018-05-17,,395.7900085449219,,395.7900085449219,,392.92999267578125,,393.05999755859375,,225447900.0
2018-05-18,,394.6700134277344,,396.0400085449219,,393.7900085449219,,395.3699951171875,,271700000.0
2018-05-22,,396.94000244140625,,397.8599853515625,,395.6600036621094,,396.0199890136719,,221288400.0
2018-05-23,,392.5799865722656,,396.44000244140625,,391.4200134277344,,396.44000244140625,,232930000.0
2018-05-24,,390.5400085449219,,394.1099853515625,,389.510009765625,,392.6600036621094,,228014300.0
2018-05-25,,391.0799865722656,,392.9100036621094,,389.7200012207031,,391.20001220703125,,258451700.0
2018-05-28,,389.82000732421875,,392.239990234375,,389.19000244140625,,390.489990234375,,122837600.0
2018-05-29,,384.4700012207031,,388.82000732421875,,382.8399963378906,,388.82000732421875,,372981000.0
2018-05-30,,385.489990234375,,385.489990234375,,383.2099914550781,,383.9800109863281,,288006000.0
2018-05-31,,383.05999755859375,,386.70001220703125,,382.1400146484375,,385.4100036621094,,428819300.0
2018-06-01,,386.9100036621094,,388.1099853515625,,383.3500061035156,,383.3500061035156,,255755000.0
2018-06-04,,388.1099853515625,,389.4700012207031,,387.6600036621094,,387.95001220703125,,204466600.0
2018-06-05,,386.8900146484375,,390.0199890136719,,386.8900146484375,,387.8599853515625,,237182900.0
2018-06-06,,386.8800048828125,,387.92999267578125,,384.6000061035156,,386.95001220703125,,240478300.0
2018-06-07,,385.94000244140625,,389.05999755859375,,385.3299865722656,,387.1300048828125,,241763400.0
2018-06-08,,385.1199951171875,,386.0,,382.7799987792969,,385.6000061035156,,205271900.0
2018-06-11,,387.94000244140625,,388.239990234375,,385.29998779296875,,385.29998779296875,,221028600.0
2018-06-12,,387.5299987792969,,389.6400146484375,,387.3299865722656,,388.70001220703125,,208766700.0
2018-06-13,,388.25,,389.1300048828125,,387.0799865722656,,388.0,,215362600.0
2018-06-14,,393.0400085449219,,393.8900146484375,,385.5199890136719,,386.989990234375,,268872800.0
2018-06-15,,389.1300048828125,,393.9599914550781,,389.1300048828125,,393.07000732421875,,421497300.0
2018-06-18,,385.9100036621094,,388.8699951171875,,384.5899963378906,,388.75,,185139300.0
2018-06-19,,383.2099914550781,,384.7099914550781,,380.8299865722656,,384.7099914550781,,228404300.0
2018-06-20,,384.2900085449219,,386.54998779296875,,383.9599914550781,,383.9599914550781,,213372100.0
2018-06-21,,380.8500061035156,,386.1199951171875,,380.1499938964844,,384.7200012207031,,205930100.0
2018-06-22,,385.010009765625,,385.010009765625,,381.0299987792969,,381.0299987792969,,188533000.0
2018-06-25,,377.1700134277344,,383.79998779296875,,377.04998779296875,,383.79998779296875,,177039000.0
2018-06-26,,377.25,,378.7799987792969,,376.82000732421875,,377.82000732421875,,222734600.0
2018-06-27,,379.9700012207031,,381.7699890136719,,374.3800048828125,,377.3599853515625,,309646900.0
2018-06-28,,376.8699951171875,,380.239990234375,,375.1099853515625,,379.0199890136719,,208336200.0
2018-06-29,,379.92999267578125,,381.69000244140625,,378.3299865722656,,378.3299865722656,,238836100.0
2018-07-02,,376.75,,378.5899963378906,,375.2200012207031,,378.5899963378906,,194615800.0
2018-07-03,,379.80999755859375,,380.9800109863281,,377.2099914550781,,377.3399963378906,,222886100.0
2018-07-04,,380.04998779296875,,380.6000061035156,,379.0,,379.55999755859375,,144260300.0
2018-07-05,,381.5899963378906,,383.4100036621094,,379.7099914550781,,379.7099914550781,,185366800.0
2018-07-06,,382.3599853515625,,382.9100036621094,,380.30999755859375,,382.1199951171875,,0.0
2018-07-09,,384.5899963378906,,385.1499938964844,,383.45001220703125,,383.45001220703125,,164196600.0
2018-07-10,,386.25,,386.8699951171875,,384.6600036621094,,385.1700134277344,,179714200.0
2018-07-11,,381.3999938964844,,384.55999755859375,,381.0799865722656,,384.55999755859375,,190817800.0
2018-07-12,,384.3699951171875,,384.4700012207031,,381.2900085449219,,382.0799865722656,,181611200.0
2018-07-13,,385.0299987792969,,386.5299987792969,,384.6700134277344,,384.9200134277344,,0.0
2018-07-16,,384.04998779296875,,385.9800109863281,,383.32000732421875,,385.2099914550781,,150853900.0
2018-07-17,,384.9800109863281,,385.4599914550781,,382.739990234375,,384.0299987792969,,184450000.0
2018-07-18,,387.05999755859375,,387.55999755859375,,385.6000061035156,,385.6000061035156,,178108200.0
2018-07-19,,386.17999267578125,,387.5199890136719,,385.6400146484375,,387.0299987792969,,182629800.0
2018-07-20,,385.6199951171875,,386.8399963378906,,382.9100036621094,,385.6300048828125,,201307200.0
2018-07-23,,384.8800048828125,,385.69000244140625,,383.5899963378906,,385.54998779296875,,151097800.0
2018-07-24,,388.17999267578125,,389.30999755859375,,385.70001220703125,,385.70001220703125,,203110200.0
2018-07-25,,387.1700134277344,,388.69000244140625,,386.6000061035156,,388.4200134277344,,186766200.0
2018-07-26,,390.5299987792969,,390.6300048828125,,387.6499938964844,,387.6499938964844,,186401100.0
2018-07-27,,392.0799865722656,,392.20001220703125,,390.3399963378906,,390.3399963378906,,204004600.0
2018-07-30,,390.9200134277344,,391.7200012207031,,390.3900146484375,,391.1700134277344,,165734200.0
2018-07-31,,391.6099853515625,,392.69000244140625,,390.3699951171875,,390.760009765625,,228526400.0
2018-08-02,,386.6400146484375,,389.4599914550781,,385.92999267578125,,389.4599914550781,,246471500.0
2018-08-03,,389.1600036621094,,389.6300048828125,,387.0899963378906,,387.3299865722656,,173871300.0
2018-08-06,,388.6600036621094,,390.30999755859375,,387.5899963378906,,389.44000244140625,,175738400.0
2018-08-07,,390.489990234375,,391.4700012207031,,388.8500061035156,,388.8500061035156,,165096600.0
2018-08-08,,389.69000244140625,,390.6600036621094,,388.8800048828125,,389.7300109863281,,156946400.0
2018-08-09,,390.04998779296875,,390.1000061035156,,388.07000732421875,,389.010009765625,,145276800.0
2018-08-10,,385.8599853515625,,389.9100036621094,,384.9700012207031,,389.9100036621094,,0.0
2018-08-13,,384.9100036621094,,385.7200012207031,,383.6499938964844,,385.6199951171875,,163845000.0
2018-08-14,,384.9200134277344,,387.2200012207031,,384.010009765625,,385.510009765625,,178708100.0
2018-08-15,,379.70001220703125,,385.8699951171875,,378.7300109863281,,385.17999267578125,,206087600.0
2018-08-16,,381.42999267578125,,381.75,,379.8500061035156,,380.29998779296875,,188229800.0
2018-08-17,,381.05999755859375,,382.0899963378906,,379.0899963378906,,381.44000244140625,,166943800.0
2018-08-20,,383.2300109863281,,384.04998779296875,,381.3299865722656,,381.3299865722656,,137083500.0
2018-08-21,,384.1499938964844,,385.2699890136719,,382.3599853515625,,382.7099914550781,,144744800.0
2018-08-22,,384.0199890136719,,385.0,,383.2699890136719,,383.6600036621094,,155519500.0
2018-08-23,,383.3800048828125,,385.30999755859375,,383.32000732421875,,384.1600036621094,,142908400.0
2018-08-24,,383.55999755859375,,384.79998779296875,,382.9599914550781,,383.3699951171875,,130058200.0
2018-08-27,,385.57000732421875,,385.8299865722656,,384.07000732421875,,384.07000732421875,,57123300.0
2018-08-28,,385.4599914550781,,386.79998779296875,,385.3999938964844,,386.0,,156738200.0
2018-08-29,,386.5799865722656,,386.75,,384.6600036621094,,385.8900146484375,,163970800.0
2018-08-30,,385.3599853515625,,386.5199890136719,,383.8999938964844,,386.5199890136719,,172187500.0
2018-08-31,,382.260009765625,,385.05999755859375,,382.0199890136719,,385.05999755859375,,220640500.0
2018-09-03,,382.510009765625,,382.760009765625,,381.6000061035156,,381.9200134277344,,123130600.0
2018-09-04,,379.8299865722656,,384.0199890136719,,378.5899963378906,,383.17999267578125,,215320800.0
2018-09-05,,375.67999267578125,,379.07000732421875,,375.45001220703125,,379.07000732421875,,241104700.0
2018-09-06,,373.4700012207031,,376.3599853515625,,373.45001220703125,,375.19000244140625,,193841700.0
2018-09-07,,373.7699890136719,,374.0899963378906,,371.8900146484375,,373.5899963378906,,218264400.0
2018-09-10,,375.510009765625,,376.4599914550781,,373.6600036621094,,374.0400085449219,,192490700.0
2018-09-11,,375.30999755859375,,375.989990234375,,373.489990234375,,375.55999755859375,,0.0
2018-09-12,,377.0799865722656,,377.44000244140625,,375.54998779296875,,375.6700134277344,,186724000.0
2018-09-13,,376.5199890136719,,378.6099853515625,,376.3900146484375,,377.1499938964844,,174092800.0
2018-09-14,,377.8500061035156,,378.239990234375,,376.739990234375,,377.010009765625,,151654000.0
2018-09-17,,378.30999755859375,,378.69000244140625,,376.92999267578125,,377.8999938964844,,170185400.0
2018-09-18,,378.7300109863281,,379.5299987792969,,377.04998779296875,,378.17999267578125,,189217900.0
2018-09-19,,379.9800109863281,,380.5199890136719,,378.55999755859375,,378.9599914550781,,212253800.0
2018-09-20,,382.6300048828125,,382.8599853515625,,379.8399963378906,,379.8999938964844,,236668700.0
2018-09-21,,384.2900085449219,,385.20001220703125,,382.7300109863281,,382.7300109863281,,423531200.0
2018-09-24,,382.1400146484375,,384.07000732421875,,381.7900085449219,,383.92999267578125,,0.0
2018-09-25,,383.8900146484375,,384.3299865722656,,382.2300109863281,,382.2300109863281,,190885100.0
2018-09-26,,385.0400085449219,,385.07000732421875,,383.32000732421875,,384.3299865722656,,177686200.0
2018-09-27,,386.3800048828125,,386.6199951171875,,382.7099914550781,,384.7099914550781,,185403800.0
2018-09-28,,383.17999267578125,,385.9700012207031,,381.82000732421875,,385.9700012207031,,274247800.0
2018-10-01,,383.94000244140625,,384.8299865722656,,382.739990234375,,383.17999267578125,,210820100.0
2018-10-02,,381.94000244140625,,383.2900085449219,,380.70001220703125,,383.2900085449219,,226311800.0
2018-10-03,,383.8399963378906,,384.760009765625,,382.1600036621094,,382.1600036621094,,203839300.0
2018-10-04,,379.67999267578125,,383.6099853515625,,379.1499938964844,,383.6099853515625,,218593500.0
2018-10-05,,376.4100036621094,,379.8299865722656,,376.2799987792969,,379.8299865722656,,196855200.0
2018-10-08,,372.2099914550781,,376.0899963378906,,371.9700012207031,,376.0899963378906,,190827700.0
2018-10-09,,372.92999267578125,,373.4200134277344,,369.239990234375,,372.5799865722656,,220542400.0
2018-10-10,,366.92999267578125,,373.3599853515625,,366.92999267578125,,373.3599853515625,,0.0
2018-10-11,,359.6499938964844,,364.3999938964844,,359.1700134277344,,364.3999938964844,,302631200.0
2018-10-12,,358.95001220703125,,363.07000732421875,,358.95001220703125,,360.80999755859375,,225548300.0
2018-10-15,,359.30999755859375,,359.6700134277344,,356.3399963378906,,358.7200012207031,,174396300.0
2018-10-16,,364.989990234375,,365.05999755859375,,359.29998779296875,,359.739990234375,,207874700.0
2018-10-17,,363.5400085449219,,367.3699951171875,,362.1600036621094,,365.5400085449219,,190427400.0
2018-10-18,,361.6700134277344,,365.6099853515625,,361.57000732421875,,363.4800109863281,,216046600.0
2018-10-19,,361.239990234375,,362.75,,359.0,,361.70001220703125,,266262700.0
2018-10-22,,359.739990234375,,363.8299865722656,,359.4100036621094,,361.7799987792969,,201180700.0
2018-10-23,,354.05999755859375,,358.44000244140625,,353.25,,358.44000244140625,,251235100.0
2018-10-24,,353.2699890136719,,358.5299987792969,,353.19000244140625,,354.4700012207031,,218015500.0
2018-10-25,,355.07000732421875,,355.1099853515625,,349.5799865722656,,351.94000244140625,,0.0
2018-10-26,,352.3399963378906,,354.54998779296875,,348.44000244140625,,354.54998779296875,,238156500.0
2018-10-29,,355.510009765625,,358.6000061035156,,352.6499938964844,,352.6499938964844,,206780300.0
2018-10-30,,355.5299987792969,,356.8900146484375,,352.7799987792969,,355.7699890136719,,206014400.0
2018-10-31,,361.6099853515625,,362.739990234375,,357.2900085449219,,357.2900085449219,,264283300.0
2018-11-01,,363.0799865722656,,364.70001220703125,,361.1099853515625,,361.7300109863281,,232910500.0
2018-11-02,,364.0799865722656,,367.6300048828125,,363.8500061035156,,364.9800109863281,,206249200.0
2018-11-05,,363.5,,365.2300109863281,,363.2900085449219,,364.260009765625,,152334900.0
2018-11-06,,362.54998779296875,,364.44000244140625,,361.42999267578125,,364.0199890136719,,0.0
2018-11-07,,366.3900146484375,,367.1199951171875,,363.29998779296875,,363.29998779296875,,195098300.0
2018-11-08,,367.0799865722656,,369.1199951171875,,366.55999755859375,,367.3399963378906,,192534900.0
2018-11-09,,365.739990234375,,366.3800048828125,,363.8500061035156,,366.3800048828125,,204679800.0
2018-11-12,,362.0299987792969,,367.79998779296875,,362.0199890136719,,366.3800048828125,,187956200.0
2018-11-13,,364.44000244140625,,365.260009765625,,361.7200012207031,,362.7300109863281,,227146800.0
2018-11-14,,362.2699890136719,,365.45001220703125,,359.9200134277344,,363.3800048828125,,218783800.0
2018-11-15,,358.42999267578125,,364.010009765625,,356.0,,362.29998779296875,,252097600.0
2018-11-16,,357.7099914550781,,361.3999938964844,,355.6300048828125,,358.8999938964844,,235607800.0
2018-11-19,,355.1099853515625,,360.2699890136719,,355.010009765625,,358.239990234375,,190873700.0
2018-11-20,,351.05999755859375,,354.29998779296875,,349.2900085449219,,354.29998779296875,,232015100.0
2018-11-21,,355.07000732421875,,355.2699890136719,,351.8500061035156,,351.8599853515625,,213352300.0
2018-11-22,,352.57000732421875,,354.57000732421875,,351.6700134277344,,354.57000732421875,,172230500.0
2018-11-23,,353.9800109863281,,354.20001220703125,,351.3599853515625,,352.4599914550781,,158132100.0
2018-11-26,,358.3299865722656,,358.79998779296875,,355.0199890136719,,355.0199890136719,,216349500.0
2018-11-27,,357.3999938964844,,358.8500061035156,,355.6199951171875,,358.1199951171875,,205964600.0
2018-11-28,,357.3900146484375,,359.20001220703125,,357.1000061035156,,358.010009765625,,202303700.0
2018-11-29,,358.1000061035156,,360.05999755859375,,357.0799865722656,,358.1000061035156,,193676500.0
2018-11-30,,357.489990234375,,358.3900146484375,,356.010009765625,,358.2099914550781,,279656100.0
2018-12-03,,361.17999267578125,,364.8900146484375,,359.55999755859375,,359.55999755859375,,219781200.0
2018-12-04,,358.42999267578125,,360.9800109863281,,358.3599853515625,,360.7200012207031,,196708300.0
2018-12-05,,354.2699890136719,,357.3900146484375,,354.0,,357.3900146484375,,182040800.0
2018-12-06,,343.30999755859375,,352.5899963378906,,342.3699951171875,,352.5899963378906,,266617400.0
2018-12-07,,345.45001220703125,,349.20001220703125,,344.2900085449219,,344.2900085449219,,206344300.0
2018-12-10,,338.989990234375,,344.1499938964844,,338.7900085449219,,344.1499938964844,,210027400.0
2018-12-11,,344.17999267578125,,346.82000732421875,,340.6600036621094,,340.6600036621094,,212836500.0
2018-12-12,,350.0,,350.8500061035156,,344.45001220703125,,344.45001220703125,,247930400.0
2018-12-13,,349.4200134277344,,351.30999755859375,,348.7200012207031,,350.1300048828125,,208526000.0
2018-12-14,,347.2099914550781,,348.260009765625,,344.54998779296875,,348.20001220703125,,181882900.0
2018-12-17,,343.260009765625,,346.739990234375,,342.4599914550781,,346.739990234375,,190246000.0
2018-12-18,,340.4599914550781,,343.0799865722656,,340.4599914550781,,342.6600036621094,,225167400.0
2018-12-19,,341.5199890136719,,342.489990234375,,340.4200134277344,,340.4200134277344,,212682700.0
2018-12-20,,336.5799865722656,,339.45001220703125,,335.4100036621094,,339.45001220703125,,249277600.0
2018-12-21,,336.6700134277344,,337.04998779296875,,333.1499938964844,,336.1499938964844,,397335700.0
2018-12-27,,329.5799865722656,,337.04998779296875,,327.3399963378906,,336.2300109863281,,191239400.0
2018-12-28,,336.2300109863281,,336.9200134277344,,330.57000732421875,,330.57000732421875,,152229200.0
2019-01-03,,333.9200134277344,,336.7799987792969,,333.510009765625,,335.6400146484375,,179435900.0
2019-01-04,,343.3800048828125,,343.8999938964844,,335.4700012207031,,335.4700012207031,,187893200.0
2019-01-07,,342.8800048828125,,344.75,,341.3800048828125,,344.0299987792969,,174999300.0
2019-01-08,,345.8500061035156,,348.05999755859375,,342.989990234375,,342.989990234375,,185633800.0
2019-01-09,,347.70001220703125,,349.80999755859375,,346.7900085449219,,346.8699951171875,,207981400.0
2019-01-10,,348.8800048828125,,348.9200134277344,,344.8399963378906,,347.07000732421875,,168325000.0
2019-01-11,,349.20001220703125,,350.17999267578125,,347.739990234375,,349.0299987792969,,174461600.0
2019-01-14,,347.510009765625,,348.2699890136719,,345.8599853515625,,348.2699890136719,,163204500.0
2019-01-15,,348.7099914550781,,350.6000061035156,,347.1099853515625,,348.260009765625,,183600000.0
2019-01-16,,350.5899963378906,,350.92999267578125,,348.82000732421875,,349.9200134277344,,200106700.0
2019-01-17,,350.7300109863281,,351.07000732421875,,348.2900085449219,,349.7099914550781,,162532800.0
2019-01-18,,357.04998779296875,,357.2900085449219,,351.9800109863281,,351.9800109863281,,252804300.0
2019-01-21,,356.3599853515625,,356.42999267578125,,355.5799865722656,,356.3900146484375,,134780100.0
2019-01-22,,355.0899963378906,,356.510009765625,,353.739990234375,,355.489990234375,,189881000.0
2019-01-23,,354.8900146484375,,356.8599853515625,,352.9700012207031,,354.489990234375,,0.0
2019-01-24,,355.6700134277344,,356.6400146484375,,353.8299865722656,,355.05999755859375,,191854000.0
2019-01-25,,357.8399963378906,,358.760009765625,,357.2799987792969,,357.2799987792969,,196811100.0
2019-01-28,,354.3800048828125,,357.260009765625,,354.0299987792969,,357.010009765625,,172653600.0
2019-01-29,,357.2300109863281,,358.70001220703125,,354.19000244140625,,354.45001220703125,,177719900.0
2019-01-30,,358.510009765625,,359.0299987792969,,356.6400146484375,,356.7200012207031,,183219500.0
2019-01-31,,358.6700134277344,,360.510009765625,,356.25,,358.67999267578125,,288681500.0
2019-02-01,,359.7099914550781,,360.0299987792969,,357.30999755859375,,359.0199890136719,,213254100.0
2019-02-04,,359.9200134277344,,360.20001220703125,,358.2799987792969,,359.79998779296875,,181954000.0
2019-02-05,,364.989990234375,,364.989990234375,,359.94000244140625,,359.94000244140625,,202196400.0
2019-02-06,,365.5199890136719,,365.9100036621094,,364.1400146484375,,364.8599853515625,,182689000.0
2019-02-07,,360.0799865722656,,365.25,,360.0799865722656,,364.7300109863281,,215112400.0
2019-02-08,,358.07000732421875,,360.7699890136719,,357.3699951171875,,359.75,,182473700.0
2019-02-11,,361.1199951171875,,361.8299865722656,,358.8699951171875,,358.8699951171875,,164740000.0
2019-02-12,,362.7799987792969,,363.67999267578125,,362.07000732421875,,362.07000732421875,,162288600.0
2019-02-13,,364.9700012207031,,365.82000732421875,,363.239990234375,,363.239990234375,,173423100.0
2019-02-14,,363.79998779296875,,367.05999755859375,,363.4800109863281,,365.4200134277344,,180357400.0
2019-02-15,,368.94000244140625,,369.2699890136719,,363.239990234375,,363.8299865722656,,238297000.0
2019-02-18,,369.7799987792969,,370.1400146484375,,368.6600036621094,,368.8999938964844,,144049900.0
2019-02-19,,368.9700012207031,,370.0199890136719,,367.3599853515625,,369.3999938964844,,169069200.0
2019-02-20,,371.4599914550781,,371.70001220703125,,369.260009765625,,369.3800048828125,,204932200.0
2019-02-21,,370.4100036621094,,371.7200012207031,,369.4800109863281,,371.1199951171875,,207970100.0
2019-02-22,,371.2300109863281,,371.8999938964844,,369.8699951171875,,370.2699890136719,,179928000.0
2019-02-25,,372.17999267578125,,373.17999267578125,,371.55999755859375,,371.8999938964844,,177169100.0
2019-02-26,,373.6400146484375,,374.1099853515625,,370.2799987792969,,372.0400085449219,,193945200.0
2019-02-27,,372.5799865722656,,373.05999755859375,,371.25,,372.9599914550781,,217440600.0
2019-02-28,,372.79998779296875,,373.19000244140625,,370.4700012207031,,371.19000244140625,,253194400.0
2019-03-01,,374.239990234375,,375.6700134277344,,373.4800109863281,,373.4800109863281,,195326400.0
2019-03-04,,375.0899963378906,,376.32000732421875,,375.0400085449219,,375.0400085449219,,166645400.0
2019-03-05,,375.6400146484375,,376.1199951171875,,373.7200012207031,,374.8999938964844,,199250700.0
2019-03-06,,375.4800109863281,,376.8500061035156,,374.9800109863281,,375.5799865722656,,206853400.0
2019-03-07,,373.8800048828125,,376.3399963378906,,372.3699951171875,,374.95001220703125,,238054200.0
2019-03-08,,370.57000732421875,,372.6000061035156,,369.75,,372.6000061035156,,198044700.0
2019-03-11,,373.4700012207031,,373.6300048828125,,370.8800048828125,,370.989990234375,,171836200.0
2019-03-12,,373.25,,375.20001220703125,,372.3699951171875,,374.6499938964844,,202680200.0
2019-03-13,,375.6000061035156,,375.6099853515625,,372.79998779296875,,373.0299987792969,,189707000.0
2019-03-14,,378.5199890136719,,379.07000732421875,,375.80999755859375,,375.80999755859375,,203795300.0
2019-03-15,,381.1000061035156,,381.4700012207031,,378.2200012207031,,378.2200012207031,,381955700.0
2019-03-18,,382.1099853515625,,382.19000244140625,,381.2200012207031,,381.2200012207031,,185298000.0
2019-03-19,,384.2900085449219,,385.3299865722656,,382.30999755859375,,382.4100036621094,,174806000.0
2019-03-20,,380.8399963378906,,383.70001220703125,,380.8399963378906,,383.6700134277344,,193386900.0
2019-03-21,,380.69000244140625,,381.2900085449219,,378.4800109863281,,380.2699890136719,,181440300.0
2019-03-22,,376.0299987792969,,381.82000732421875,,375.6099853515625,,381.0899963378906,,224104500.0
2019-03-25,,374.3299865722656,,375.4700012207031,,372.9599914550781,,374.82000732421875,,170468200.0
2019-03-26,,377.20001220703125,,377.8699951171875,,374.1099853515625,,374.8399963378906,,170220800.0
2019-03-27,,377.2799987792969,,379.5899963378906,,375.69000244140625,,377.5,,213129800.0
2019-03-28,,376.8399963378906,,378.80999755859375,,376.6400146484375,,377.1199951171875,,167889000.0
2019-03-29,,379.0899963378906,,379.54998779296875,,376.7300109863281,,376.7300109863281,,237631800.0
2019-04-01,,383.6700134277344,,383.7900085449219,,379.7200012207031,,379.7200012207031,,199699500.0
2019-04-02,,385.0299987792969,,385.67999267578125,,383.19000244140625,,383.19000244140625,,184963100.0
2019-04-03,,388.9200134277344,,388.9200134277344,,386.0799865722656,,386.0799865722656,,223164300.0
2019-04-04,,387.8699951171875,,388.6499938964844,,387.17999267578125,,388.4800109863281,,175526300.0
2019-04-05,,388.2300109863281,,388.94000244140625,,387.5400085449219,,387.80999755859375,,172839600.0
2019-04-08,,387.510009765625,,388.5,,386.8399963378906,,388.4599914550781,,150003700.0
2019-04-09,,385.67999267578125,,389.1099853515625,,385.3599853515625,,387.6199951171875,,175574100.0
2019-04-10,,386.67999267578125,,387.1300048828125,,385.70001220703125,,385.80999755859375,,165949300.0
2019-04-11,,386.9100036621094,,387.7799987792969,,384.9200134277344,,386.3299865722656,,182103000.0
2019-04-12,,387.5299987792969,,387.7099914550781,,385.80999755859375,,386.29998779296875,,212761400.0
2019-04-15,,388.1000061035156,,388.5899963378906,,387.1099853515625,,387.1099853515625,,160715300.0
2019-04-16,,389.2099914550781,,389.6300048828125,,387.989990234375,,387.989990234375,,175464800.0
2019-04-17,,389.5899963378906,,390.3399963378906,,388.25,,389.1400146484375,,197728100.0
2019-04-18,,390.4599914550781,,391.07000732421875,,388.1600036621094,,389.3599853515625,,174311500.0
2019-04-23,,391.3500061035156,,391.54998779296875,,389.2900085449219,,389.8399963378906,,195188300.0
2019-04-24,,390.9800109863281,,392.2200012207031,,390.32000732421875,,391.0899963378906,,197393000.0
2019-04-25,,390.1499938964844,,390.8699951171875,,388.8500061035156,,390.760009765625,,177399800.0
2019-04-26,,391.010009765625,,391.0899963378906,,389.239990234375,,390.19000244140625,,193417200.0
2019-04-29,,391.32000732421875,,392.04998779296875,,389.6300048828125,,390.8599853515625,,147488700.0
2019-04-30,,391.3500061035156,,391.3500061035156,,389.92999267578125,,390.8599853515625,,194267900.0
2019-05-02,,388.8399963378906,,390.6300048828125,,388.70001220703125,,390.44000244140625,,189679400.0
2019-05-03,,390.3699951171875,,391.0899963378906,,388.8299865722656,,389.1400146484375,,146894500.0
2019-05-06,,386.95001220703125,,389.05999755859375,,384.1700134277344,,389.05999755859375,,93836900.0
2019-05-07,,381.6400146484375,,387.8500061035156,,381.1000061035156,,386.9100036621094,,226427100.0
2019-05-08,,382.2300109863281,,382.70001220703125,,379.8900146484375,,381.3800048828125,,208520600.0
2019-05-09,,375.9200134277344,,381.2200012207031,,375.4800109863281,,381.2200012207031,,219006800.0
2019-05-10,,377.1400146484375,,379.5899963378906,,376.29998779296875,,376.6499938964844,,183036500.0
2019-05-13,,372.57000732421875,,377.30999755859375,,371.760009765625,,377.25,,201569200.0
2019-05-14,,376.3399963378906,,376.3399963378906,,372.6700134277344,,372.6700134277344,,193138100.0
2019-05-15,,378.05999755859375,,378.05999755859375,,373.79998779296875,,376.3999938964844,,225333200.0
2019-05-16,,382.8800048828125,,382.8800048828125,,376.3599853515625,,377.4700012207031,,198989900.0
2019-05-17,,381.510009765625,,382.3500061035156,,379.2799987792969,,382.3500061035156,,200207000.0
2019-05-20,,377.4599914550781,,381.8900146484375,,375.95001220703125,,381.1199951171875,,202916500.0
2019-05-21,,379.5,,380.25,,377.42999267578125,,377.42999267578125,,195792200.0
2019-05-22,,379.19000244140625,,380.3599853515625,,376.9100036621094,,378.9200134277344,,197173500.0
2019-05-23,,373.7900085449219,,378.3900146484375,,373.30999755859375,,378.3900146484375,,212833500.0
2019-05-24,,375.8900146484375,,377.1199951171875,,373.8999938964844,,373.8999938964844,,177635500.0
2019-05-27,,376.7099914550781,,378.5400085449219,,376.3599853515625,,376.3699951171875,,64122400.0
2019-05-28,,375.8999938964844,,377.6099853515625,,374.7799987792969,,376.9800109863281,,327583700.0
2019-05-29,,370.510009765625,,388.9599914550781,,369.9100036621094,,375.2699890136719,,181319300.0
2019-05-31,,369.05999755859375,,371.510009765625,,366.6400146484375,,371.510009765625,,224341700.0
2019-06-03,,370.489990234375,,370.489990234375,,365.7699890136719,,368.7900085449219,,187431800.0
2019-06-04,,372.6700134277344,,373.3500061035156,,367.80999755859375,,369.8900146484375,,220931900.0
2019-06-05,,374.0799865722656,,374.8999938964844,,372.5400085449219,,372.760009765625,,195205300.0
2019-06-06,,374.010009765625,,376.75,,373.1499938964844,,374.04998779296875,,190999000.0
2019-06-07,,377.4800109863281,,378.3900146484375,,374.25,,374.25,,169772300.0
2019-06-11,,380.8900146484375,,382.07000732421875,,378.5400085449219,,378.5400085449219,,184205700.0
2019-06-12,,379.739990234375,,380.19000244140625,,378.3399963378906,,379.8599853515625,,182879500.0
2019-06-13,,380.3299865722656,,381.3999938964844,,378.7099914550781,,379.3599853515625,,158462500.0
2019-06-14,,378.80999755859375,,379.989990234375,,377.4100036621094,,379.989990234375,,151846200.0
2019-06-17,,378.4599914550781,,379.69000244140625,,377.75,,378.8299865722656,,139021100.0
2019-06-18,,384.7799987792969,,385.42999267578125,,376.7300109863281,,378.2200012207031,,232721700.0
2019-06-19,,384.7699890136719,,385.0299987792969,,383.5400085449219,,384.8299865722656,,214462400.0
2019-06-20,,386.1600036621094,,387.8699951171875,,385.3999938964844,,385.3999938964844,,224556200.0
2019-06-21,,384.760009765625,,387.07000732421875,,384.0799865722656,,386.1600036621094,,390221200.0
2019-06-24,,383.7900085449219,,385.8800048828125,,383.3800048828125,,384.6099853515625,,166616300.0
2019-06-25,,383.3999938964844,,383.8299865722656,,382.3900146484375,,383.7300109863281,,163190500.0
2019-06-26,,382.20001220703125,,384.29998779296875,,381.8999938964844,,382.9700012207031,,173240100.0
2019-06-27,,382.2099914550781,,383.55999755859375,,380.7200012207031,,382.1199951171875,,173572600.0
2019-06-28,,384.8699951171875,,385.1000061035156,,382.1199951171875,,382.1400146484375,,188861900.0
2019-07-01,,387.8699951171875,,389.9800109863281,,385.3399963378906,,385.3399963378906,,178476100.0
2019-07-02,,389.2900085449219,,389.69000244140625,,387.8800048828125,,388.3500061035156,,159594900.0
2019-07-03,,392.5799865722656,,392.6700134277344,,389.3599853515625,,389.3599853515625,,194983900.0
2019-07-04,,392.94000244140625,,393.3999938964844,,392.42999267578125,,392.6499938964844,,153293800.0
2019-07-05,,390.1099853515625,,392.9100036621094,,389.0899963378906,,392.8999938964844,,164808400.0
2019-07-08,,389.8999938964844,,390.8999938964844,,389.05999755859375,,390.010009765625,,152065000.0
2019-07-09,,387.9200134277344,,389.2699890136719,,386.4700012207031,,389.2699890136719,,161241600.0
2019-07-10,,387.1499938964844,,389.3699951171875,,386.7900085449219,,387.69000244140625,,162182100.0
2019-07-11,,386.70001220703125,,388.6400146484375,,386.2699890136719,,387.8500061035156,,154199900.0
2019-07-12,,386.8500061035156,,387.7300109863281,,386.3900146484375,,386.7200012207031,,149459800.0
2019-07-15,,387.75,,388.7300109863281,,385.7200012207031,,386.82000732421875,,134063300.0
2019-07-16,,389.1000061035156,,389.7099914550781,,387.19000244140625,,387.54998779296875,,161530400.0
2019-07-17,,387.6600036621094,,389.70001220703125,,387.19000244140625,,388.82000732421875,,168047700.0
2019-07-18,,386.79998779296875,,388.0799865722656,,385.0199890136719,,387.0899963378906,,162573900.0
2019-07-19,,387.25,,389.45001220703125,,386.19000244140625,,387.2200012207031,,185397900.0
2019-07-22,,387.739990234375,,388.5400085449219,,386.6300048828125,,387.1499938964844,,147291400.0
2019-07-23,,391.5400085449219,,392.489990234375,,388.2799987792969,,388.2799987792969,,178178700.0
2019-07-24,,391.7300109863281,,392.04998779296875,,390.3599853515625,,391.55999755859375,,174044400.0
2019-07-25,,389.5199890136719,,395.1000061035156,,387.6400146484375,,392.0799865722656,,213756400.0
2019-07-26,,390.7300109863281,,391.1199951171875,,389.05999755859375,,389.2699890136719,,201208600.0
2019-07-29,,390.8500061035156,,392.55999755859375,,389.7699890136719,,390.3800048828125,,172729800.0
2019-07-30,,385.1099853515625,,390.70001220703125,,384.4599914550781,,390.4200134277344,,226829600.0
2019-07-31,,385.7699890136719,,386.3399963378906,,384.4700012207031,,384.95001220703125,,238227700.0
2019-08-02,,378.1499938964844,,385.7200012207031,,377.30999755859375,,385.7200012207031,,268689500.0
2019-08-05,,369.42999267578125,,376.739990234375,,368.6499938964844,,376.739990234375,,263606600.0
2019-08-06,,367.7099914550781,,371.9800109863281,,367.55999755859375,,369.07000732421875,,200723900.0
2019-08-07,,368.6000061035156,,371.70001220703125,,365.989990234375,,368.0799865722656,,216032100.0
2019-08-08,,374.7099914550781,,374.7099914550781,,370.0199890136719,,370.0199890136719,,190009500.0
2019-08-09,,371.55999755859375,,374.9700012207031,,371.1099853515625,,374.7300109863281,,220401000.0
2019-08-12,,370.4100036621094,,375.3500061035156,,370.0799865722656,,372.0899963378906,,168007700.0
2019-08-13,,372.3999938964844,,374.2099914550781,,367.1700134277344,,370.1199951171875,,224926500.0
2019-08-14,,366.1600036621094,,372.79998779296875,,364.9599914550781,,372.739990234375,,231321300.0
2019-08-15,,365.0899963378906,,367.0299987792969,,361.07000732421875,,366.2799987792969,,232058900.0
2019-08-16,,369.6300048828125,,369.95001220703125,,365.30999755859375,,365.30999755859375,,240284700.0
2019-08-19,,373.8599853515625,,374.1700134277344,,370.42999267578125,,370.42999267578125,,177666500.0
2019-08-20,,371.29998779296875,,375.1700134277344,,371.05999755859375,,373.8699951171875,,182073700.0
2019-08-21,,375.79998779296875,,376.3699951171875,,371.6099853515625,,371.6099853515625,,152871000.0
2019-08-22,,374.2900085449219,,376.69000244140625,,373.42999267578125,,375.32000732421875,,176995100.0
2019-08-23,,371.3599853515625,,376.5199890136719,,371.3599853515625,,374.8999938964844,,175734700.0
2019-08-26,,371.2799987792969,,372.2300109863281,,369.0799865722656,,370.57000732421875,,73312000.0
2019-08-27,,373.6199951171875,,374.3699951171875,,370.05999755859375,,371.3699951171875,,209015700.0
2019-08-28,,372.8599853515625,,373.4800109863281,,369.8599853515625,,373.4800109863281,,174336600.0
2019-08-29,,376.739990234375,,377.1700134277344,,371.94000244140625,,372.4100036621094,,194338500.0
2019-08-30,,379.4800109863281,,380.5799865722656,,376.760009765625,,376.760009765625,,197014500.0
2019-09-02,,380.69000244140625,,382.0899963378906,,379.8800048828125,,379.8800048828125,,123004500.0
2019-09-03,,379.80999755859375,,380.3999938964844,,378.1499938964844,,380.3999938964844,,160857200.0
2019-09-04,,383.17999267578125,,384.4100036621094,,380.8599853515625,,380.8599853515625,,192143200.0
2019-09-05,,385.9200134277344,,386.1099853515625,,383.75,,383.75,,210410200.0
2019-09-06,,387.1400146484375,,387.1400146484375,,385.3599853515625,,386.0,,189282100.0
2019-09-09,,386.05999755859375,,387.9200134277344,,385.44000244140625,,387.1199951171875,,198146300.0
2019-09-10,,386.44000244140625,,386.4800109863281,,383.7900085449219,,386.0899963378906,,271531200.0
2019-09-11,,389.7099914550781,,389.82000732421875,,386.6000061035156,,386.6000061035156,,236874900.0
2019-09-12,,390.4800109863281,,392.739990234375,,388.1300048828125,,389.92999267578125,,237982200.0
2019-09-13,,391.7900085449219,,392.2900085449219,,389.92999267578125,,390.2900085449219,,244894900.0
2019-09-16,,389.5299987792969,,391.1400146484375,,389.1300048828125,,391.1400146484375,,224996500.0
2019-09-17,,389.3299865722656,,389.7300109863281,,387.6600036621094,,389.44000244140625,,207733500.0
2019-09-18,,389.4100036621094,,390.1600036621094,,388.6099853515625,,389.0299987792969,,180516700.0
2019-09-19,,391.79998779296875,,392.0299987792969,,388.8999938964844,,389.3500061035156,,188672800.0
2019-09-20,,392.95001220703125,,393.6700134277344,,391.8999938964844,,392.8299865722656,,425274900.0
2019-09-23,,389.79998779296875,,392.4200134277344,,388.7099914550781,,392.3999938964844,,170834100.0
2019-09-24,,389.8399963378906,,390.9599914550781,,389.6400146484375,,390.3699951171875,,161979400.0
2019-09-25,,387.5899963378906,,389.1400146484375,,384.17999267578125,,389.1400146484375,,186402600.0
2019-09-26,,389.95001220703125,,390.739990234375,,386.9100036621094,,387.0299987792969,,174951800.0
2019-09-27,,391.7900085449219,,392.489990234375,,390.3699951171875,,390.3699951171875,,0.0
2019-09-30,,393.1499938964844,,393.57000732421875,,391.0400085449219,,391.6400146484375,,180739400.0
2019-10-01,,387.989990234375,,394.69000244140625,,387.7900085449219,,393.3500061035156,,204808700.0
2019-10-02,,377.5199890136719,,387.7099914550781,,377.5199890136719,,387.7099914550781,,224777600.0
2019-10-03,,377.4599914550781,,378.42999267578125,,374.6600036621094,,377.05999755859375,,170773600.0
2019-10-04,,380.2200012207031,,380.2200012207031,,376.7099914550781,,377.6000061035156,,176109900.0
2019-10-07,,382.9100036621094,,383.1099853515625,,379.5400085449219,,380.1300048828125,,146527300.0
2019-10-08,,378.7099914550781,,383.5199890136719,,378.42999267578125,,383.2099914550781,,174854600.0
2019-10-09,,380.29998779296875,,381.75,,377.94000244140625,,378.4700012207031,,156951100.0
2019-10-10,,382.760009765625,,383.54998779296875,,378.17999267578125,,380.489990234375,,194967200.0
2019-10-11,,391.6099853515625,,391.6099853515625,,383.7099914550781,,384.1400146484375,,310829400.0
2019-10-14,,389.69000244140625,,390.80999755859375,,387.0899963378906,,390.80999755859375,,171175600.0
2019-10-15,,394.0199890136719,,395.07000732421875,,390.55999755859375,,390.55999755859375,,243560900.0
2019-10-16,,393.4599914550781,,394.6000061035156,,392.25,,393.8500061035156,,241969100.0
2019-10-17,,393.0799865722656,,396.8599853515625,,392.2300109863281,,392.94000244140625,,256881500.0
2019-10-18,,391.8399963378906,,393.4599914550781,,391.32000732421875,,392.80999755859375,,210704700.0
2019-10-21,,394.2200012207031,,394.7300109863281,,391.9200134277344,,392.1099853515625,,200954600.0
2019-10-22,,394.5899963378906,,394.8299865722656,,392.5899963378906,,394.1099853515625,,185676800.0
2019-10-23,,395.0299987792969,,395.2900085449219,,392.82000732421875,,393.5899963378906,,195789900.0
2019-10-24,,397.3699951171875,,397.7799987792969,,395.5299987792969,,395.5299987792969,,215257400.0
2019-10-25,,398.010009765625,,398.0199890136719,,395.6600036621094,,397.19000244140625,,163726700.0
2019-10-28,,398.989990234375,,399.7799987792969,,397.1700134277344,,398.04998779296875,,168790700.0
2019-10-29,,398.3699951171875,,398.8999938964844,,396.8599853515625,,398.8999938964844,,187411700.0
2019-10-30,,398.70001220703125,,398.70001220703125,,396.5,,398.0,,200763400.0
2019-10-31,,396.75,,399.8800048828125,,395.7300109863281,,399.1499938964844,,231643700.0
2019-11-01,,399.42999267578125,,399.8599853515625,,397.3399963378906,,397.3399963378906,,153115500.0
2019-11-04,,403.4100036621094,,403.989990234375,,400.1400146484375,,400.1400146484375,,190169500.0
2019-11-05,,404.2300109863281,,404.6499938964844,,402.82000732421875,,403.54998779296875,,208785500.0
2019-11-06,,405.07000732421875,,405.2300109863281,,403.0400085449219,,404.010009765625,,193317500.0
2019-11-07,,406.55999755859375,,406.94000244140625,,405.3699951171875,,405.3699951171875,,208608200.0
2019-11-08,,405.4200134277344,,406.1000061035156,,404.4599914550781,,406.0199890136719,,200720300.0
2019-11-11,,405.3399963378906,,405.6400146484375,,403.05999755859375,,404.9200134277344,,189148600.0
2019-11-12,,406.8999938964844,,407.6300048828125,,405.19000244140625,,405.55999755859375,,201186000.0
2019-11-13,,405.8599853515625,,406.57000732421875,,403.5299987792969,,406.57000732421875,,201172300.0
2019-11-14,,404.4100036621094,,406.0,,404.3800048828125,,405.7099914550781,,183436800.0
2019-11-15,,406.0400085449219,,406.739990234375,,403.510009765625,,405.2099914550781,,192312200.0
2019-11-18,,405.989990234375,,407.1600036621094,,404.69000244140625,,406.3399963378906,,181006900.0
2019-11-19,,405.5,,409.239990234375,,404.79998779296875,,406.17999267578125,,172925800.0
2019-11-20,,403.82000732421875,,404.6499938964844,,401.7799987792969,,404.6499938964844,,196558800.0
2019-11-21,,402.2200012207031,,403.1000061035156,,400.0199890136719,,403.1000061035156,,186803900.0
2019-11-22,,403.9800109863281,,405.44000244140625,,402.3900146484375,,402.3900146484375,,176172400.0
2019-11-25,,408.0899963378906,,408.25,,405.2300109863281,,405.2300109863281,,151159500.0
2019-11-26,,408.489990234375,,409.0400085449219,,406.9700012207031,,407.9800109863281,,275539100.0
2019-11-27,,409.80999755859375,,410.3900146484375,,408.5400085449219,,409.0,,165679700.0
2019-11-28,,409.25,,409.6300048828125,,408.44000244140625,,409.6300048828125,,130992400.0
2019-11-29,,407.42999267578125,,409.6400146484375,,407.3399963378906,,408.57000732421875,,156046100.0
2019-12-02,,401.010009765625,,410.0400085449219,,400.57000732421875,,407.4800109863281,,232121600.0
2019-12-03,,398.4800109863281,,402.989990234375,,397.17999267578125,,401.8399963378906,,208437800.0
2019-12-04,,403.19000244140625,,403.2799987792969,,398.510009765625,,398.6199951171875,,176234200.0
2019-12-05,,402.6600036621094,,405.3699951171875,,402.4100036621094,,403.7099914550781,,158191200.0
2019-12-06,,407.3500061035156,,407.4800109863281,,403.0,,403.0,,147394100.0
2019-12-09,,406.3900146484375,,407.54998779296875,,406.2200012207031,,407.5,,167280100.0
2019-12-10,,405.3399963378906,,406.1600036621094,,401.4599914550781,,406.1600036621094,,183381000.0
2019-12-11,,406.2200012207031,,406.489990234375,,403.989990234375,,405.04998779296875,,188022400.0
2019-12-12,,407.5799865722656,,409.3399963378906,,404.989990234375,,406.32000732421875,,221436100.0
2019-12-13,,412.0199890136719,,414.9100036621094,,410.6099853515625,,410.6099853515625,,366684700.0
2019-12-16,,417.75,,418.5299987792969,,412.9100036621094,,412.9100036621094,,222055700.0
2019-12-17,,414.9200134277344,,416.6400146484375,,414.1000061035156,,416.6400146484375,,233655100.0
2019-12-18,,414.3800048828125,,416.1199951171875,,414.3800048828125,,414.57000732421875,,179845400.0
2019-12-19,,415.07000732421875,,415.45001220703125,,413.5299987792969,,414.9800109863281,,186840600.0
2019-12-20,,418.3999938964844,,418.45001220703125,,414.9800109863281,,414.9800109863281,,337268900.0
2019-12-23,,418.2699890136719,,418.8599853515625,,417.55999755859375,,417.9700012207031,,126235100.0
2019-12-27,,419.739990234375,,420.7200012207031,,418.9200134277344,,419.1600036621094,,102948900.0
2019-12-30,,416.1700134277344,,419.4599914550781,,416.1700134277344,,419.4599914550781,,94199100.0
2020-01-03,,418.3299865722656,,418.7300109863281,,415.5799865722656,,418.7300109863281,,149647500.0
2020-01-06,,416.6300048828125,,417.3399963378906,,412.6300048828125,,417.3399963378906,,151853000.0
2020-01-07,,417.6700134277344,,419.7300109863281,,416.3500061035156,,417.25,,153736700.0
2020-01-08,,418.3599853515625,,418.6300048828125,,415.1300048828125,,416.9100036621094,,181395100.0
2020-01-09,,419.6400146484375,,421.42999267578125,,419.1600036621094,,419.260009765625,,193931100.0
2020-01-10,,419.1400146484375,,420.8500061035156,,419.1400146484375,,420.20001220703125,,165853000.0
2020-01-13,,418.3900146484375,,420.0,,417.260009765625,,418.7300109863281,,166725600.0
2020-01-14,,419.5899963378906,,419.5899963378906,,415.6099853515625,,418.45001220703125,,181115200.0
2020-01-15,,419.6300048828125,,420.010009765625,,418.19000244140625,,419.57000732421875,,196390300.0
2020-01-16,,420.5400085449219,,421.29998779296875,,419.04998779296875,,420.0,,80913800.0
2020-01-17,,424.55999755859375,,424.8999938964844,,421.3399963378906,,421.3399963378906,,174188200.0
2020-01-20,,423.9800109863281,,424.4800109863281,,423.07000732421875,,424.0199890136719,,107860400.0
2020-01-21,,423.3800048828125,,423.3800048828125,,419.7900085449219,,422.9800109863281,,165562200.0
2020-01-22,,423.0400085449219,,424.94000244140625,,422.57000732421875,,423.510009765625,,178126300.0
2020-01-23,,420.0299987792969,,422.5400085449219,,419.3699951171875,,422.5299987792969,,182917800.0
2020-01-24,,423.6400146484375,,425.3599853515625,,421.010009765625,,421.010009765625,,173980700.0
2020-01-27,,414.07000732421875,,420.55999755859375,,413.4700012207031,,420.55999755859375,,203735500.0
2020-01-28,,417.55999755859375,,417.8900146484375,,413.1600036621094,,414.3699951171875,,176695200.0
2020-01-29,,419.4100036621094,,420.0899963378906,,417.75,,417.9200134277344,,175283900.0
2020-01-30,,415.1600036621094,,417.5199890136719,,414.0199890136719,,417.5199890136719,,206815500.0
2020-01-31,,410.7099914550781,,416.989990234375,,410.42999267578125,,415.9800109863281,,238102500.0
2020-02-03,,411.7200012207031,,413.1600036621094,,410.19000244140625,,410.9599914550781,,182184000.0
2020-02-04,,418.4700012207031,,418.489990234375,,412.2099914550781,,412.2099914550781,,206100300.0
2020-02-05,,423.6199951171875,,424.2699890136719,,417.55999755859375,,417.989990234375,,244720200.0
2020-02-06,,425.489990234375,,426.70001220703125,,424.1600036621094,,425.1000061035156,,228035100.0
2020-02-07,,424.3599853515625,,425.4100036621094,,422.95001220703125,,425.4100036621094,,208740100.0
2020-02-10,,424.6400146484375,,424.6700134277344,,422.239990234375,,423.69000244140625,,160073400.0
2020-02-11,,428.4800109863281,,429.0199890136719,,425.82000732421875,,425.82000732421875,,197702000.0
2020-02-12,,431.1600036621094,,431.1600036621094,,428.8500061035156,,429.0,,195616500.0
2020-02-13,,431.0799865722656,,431.0799865722656,,426.3399963378906,,430.6000061035156,,227961100.0
2020-02-14,,430.5199890136719,,432.260009765625,,430.1300048828125,,431.2099914550781,,167725200.0
2020-02-17,,431.9800109863281,,432.4800109863281,,431.0400085449219,,431.1300048828125,,0.0
2020-02-18,,430.3299865722656,,431.3500061035156,,428.55999755859375,,430.5400085449219,,228610300.0
2020-02-19,,433.8999938964844,,433.8999938964844,,431.44000244140625,,431.44000244140625,,182531600.0
2020-02-20,,430.19000244140625,,433.5400085449219,,430.19000244140625,,433.3599853515625,,210644200.0
2020-02-21,,428.07000732421875,,430.8699951171875,,426.1300048828125,,429.3900146484375,,241012300.0
2020-02-24,,411.8599853515625,,424.29998779296875,,409.989990234375,,424.29998779296875,,336174500.0
2020-02-25,,404.6000061035156,,414.75,,403.9599914550781,,412.9100036621094,,283347500.0
2020-02-26,,404.6199951171875,,405.7799987792969,,392.8900146484375,,403.25,,316567300.0
2020-02-27,,389.45001220703125,,401.239990234375,,385.05999755859375,,401.239990234375,,366660200.0
2020-02-28,,375.6499938964844,,385.04998779296875,,371.20001220703125,,385.04998779296875,,533260100.0
2020-03-02,,375.9700012207031,,384.20001220703125,,369.05999755859375,,378.7300109863281,,439821300.0
2020-03-03,,381.1300048828125,,388.44000244140625,,378.6700134277344,,378.6700134277344,,374556200.0
2020-03-04,,386.29998779296875,,388.82000732421875,,379.42999267578125,,381.4200134277344,,328466500.0
2020-03-05,,380.760009765625,,389.1000061035156,,378.0400085449219,,387.9700012207031,,341903600.0
2020-03-06,,366.79998779296875,,378.3399963378906,,364.0299987792969,,378.3399963378906,,395356800.0
2020-03-09,,339.5,,362.3800048828125,,336.5400085449219,,362.3800048828125,,606630700.0
2020-03-10,,335.6400146484375,,353.3999938964844,,334.2799987792969,,341.739990234375,,513551800.0
2020-03-11,,333.1700134277344,,343.3800048828125,,332.260009765625,,337.20001220703125,,427769400.0
2020-03-12,,294.92999267578125,,327.9800109863281,,294.32000732421875,,327.9800109863281,,694157300.0
2020-03-13,,299.1600036621094,,320.760009765625,,295.2300109863281,,297.9200134277344,,596027500.0
2020-03-16,,284.6300048828125,,294.30999755859375,,268.57000732421875,,294.30999755859375,,614569800.0
2020-03-17,,291.07000732421875,,295.19000244140625,,275.2900085449219,,287.1600036621094,,520611300.0
2020-03-18,,279.6600036621094,,288.67999267578125,,275.9200134277344,,288.67999267578125,,478145500.0
2020-03-19,,287.79998779296875,,288.2200012207031,,275.7200012207031,,277.510009765625,,508812200.0
2020-03-20,,293.0400085449219,,301.9700012207031,,291.010009765625,,291.010009765625,,672273700.0
2020-03-23,,280.42999267578125,,292.0400085449219,,278.4100036621094,,288.30999755859375,,0.0
2020-03-24,,304.0,,304.0,,284.010009765625,,284.010009765625,,420301900.0
2020-03-25,,313.3800048828125,,318.5199890136719,,301.8500061035156,,307.8599853515625,,452247300.0
2020-03-26,,321.3800048828125,,321.3800048828125,,306.0400085449219,,310.0199890136719,,373673300.0
2020-03-27,,310.8999938964844,,319.1700134277344,,306.70001220703125,,319.1700134277344,,342220200.0
2020-03-30,,314.8800048828125,,314.8800048828125,,303.3800048828125,,311.3999938964844,,294024800.0
2020-03-31,,320.05999755859375,,321.489990234375,,313.9700012207031,,316.3800048828125,,386418100.0
2020-04-01,,310.7699890136719,,316.3500061035156,,308.0299987792969,,316.3500061035156,,349682800.0
2020-04-02,,312.0799865722656,,314.010009765625,,306.5799865722656,,311.45001220703125,,346144100.0
2020-04-03,,309.05999755859375,,312.010009765625,,308.4100036621094,,311.9800109863281,,299157000.0
2020-04-06,,320.5799865722656,,321.05999755859375,,312.4200134277344,,312.4200134277344,,301512500.0
2020-04-07,,326.6099853515625,,331.739990234375,,323.239990234375,,323.239990234375,,376254100.0
2020-04-08,,326.6700134277344,,326.6700134277344,,321.57000732421875,,325.6199951171875,,266335900.0
2020-04-09,,331.79998779296875,,332.8900146484375,,326.3399963378906,,328.4200134277344,,309218200.0
2020-04-14,,333.9100036621094,,336.3500061035156,,333.4200134277344,,333.92999267578125,,277928100.0
2020-04-15,,323.05999755859375,,333.70001220703125,,322.3699951171875,,333.510009765625,,322323100.0
2020-04-16,,324.9200134277344,,327.239990234375,,323.1000061035156,,324.4700012207031,,280862100.0
2020-04-17,,333.4700012207031,,335.8800048828125,,328.57000732421875,,328.57000732421875,,310811200.0
2020-04-20,,335.70001220703125,,335.70001220703125,,329.54998779296875,,334.19000244140625,,215334600.0
2020-04-21,,324.30999755859375,,333.8800048828125,,324.30999755859375,,333.8800048828125,,239345400.0
2020-04-22,,330.1400146484375,,330.2200012207031,,325.4800109863281,,325.4800109863281,,221466900.0
2020-04-23,,333.239990234375,,335.32000732421875,,328.6300048828125,,330.94000244140625,,230040500.0
2020-04-24,,329.5899963378906,,332.9200134277344,,328.4200134277344,,331.55999755859375,,216929200.0
2020-04-27,,335.44000244140625,,335.8800048828125,,331.82000732421875,,331.82000732421875,,203319700.0
2020-04-28,,341.0899963378906,,342.8299865722656,,335.55999755859375,,335.760009765625,,297910000.0
2020-04-29,,347.05999755859375,,347.2099914550781,,340.3999938964844,,341.3900146484375,,307402300.0
2020-04-30,,340.0299987792969,,349.2200012207031,,339.6199951171875,,347.6700134277344,,406684800.0
2020-05-04,,328.44000244140625,,334.8999938964844,,327.4700012207031,,334.8999938964844,,280681200.0
2020-05-05,,335.5,,335.5,,330.67999267578125,,330.67999267578125,,250569800.0
2020-05-06,,334.3399963378906,,337.3800048828125,,333.8699951171875,,335.7699890136719,,235985200.0
2020-05-07,,337.9800109863281,,338.20001220703125,,334.80999755859375,,334.80999755859375,,232301800.0
2020-05-08,,341.04998779296875,,341.1300048828125,,339.0899963378906,,339.0899963378906,,88057400.0
2020-05-11,,339.70001220703125,,343.3800048828125,,337.07000732421875,,342.1000061035156,,230687900.0
2020-05-12,,340.57000732421875,,341.6099853515625,,338.3800048828125,,338.9100036621094,,225192200.0
2020-05-13,,333.9700012207031,,338.79998779296875,,333.760009765625,,338.79998779296875,,259089900.0
2020-05-14,,326.7099914550781,,332.44000244140625,,322.8699951171875,,332.44000244140625,,289337400.0
2020-05-15,,328.239990234375,,331.7200012207031,,327.29998779296875,,328.2300109863281,,239373600.0
2020-05-18,,341.5899963378906,,341.82000732421875,,330.70001220703125,,330.70001220703125,,242578300.0
2020-05-19,,339.489990234375,,343.2699890136719,,337.44000244140625,,342.2699890136719,,329491500.0
2020-05-20,,342.82000732421875,,343.04998779296875,,336.8800048828125,,338.82000732421875,,286044400.0
2020-05-22,,340.1700134277344,,340.8299865722656,,334.57000732421875,,338.70001220703125,,253880700.0
2020-05-25,,345.17999267578125,,345.17999267578125,,340.9800109863281,,340.9800109863281,,85563200.0
2020-05-26,,348.9200134277344,,349.7200012207031,,347.010009765625,,347.010009765625,,314648700.0
2020-05-27,,349.75,,352.75,,347.4100036621094,,349.4200134277344,,407509000.0
2020-05-28,,355.4700012207031,,356.04998779296875,,350.8500061035156,,350.8500061035156,,322521100.0
2020-05-29,,350.3599853515625,,354.0,,349.7799987792969,,354.0,,580548500.0
2020-06-02,,359.7699890136719,,360.6099853515625,,355.9700012207031,,355.9700012207031,,322723400.0
2020-06-03,,368.9200134277344,,369.0899963378906,,360.7799987792969,,360.7799987792969,,364911600.0
2020-06-04,,366.25,,369.4800109863281,,364.57000732421875,,367.69000244140625,,337326700.0
2020-06-05,,375.32000732421875,,375.3999938964844,,367.5400085449219,,367.5400085449219,,407200700.0
2020-06-08,,374.1199951171875,,375.5199890136719,,371.4100036621094,,374.44000244140625,,371230900.0
2020-06-09,,369.5400085449219,,374.9800109863281,,368.1300048828125,,374.55999755859375,,366495100.0
2020-06-10,,368.1499938964844,,373.0299987792969,,367.0,,370.1700134277344,,309538900.0
2020-06-11,,353.07000732421875,,364.9800109863281,,353.07000732421875,,364.9800109863281,,345740900.0
2020-06-12,,354.05999755859375,,358.8500061035156,,349.2200012207031,,351.7699890136719,,295857300.0
2020-06-15,,353.0899963378906,,354.29998779296875,,344.9100036621094,,350.5400085449219,,259217900.0
2020-06-16,,363.3299865722656,,366.6199951171875,,355.32000732421875,,355.32000732421875,,319790900.0
2020-06-17,,366.0199890136719,,367.45001220703125,,363.0299987792969,,363.0299987792969,,260799900.0
2020-06-18,,363.4100036621094,,367.30999755859375,,361.510009765625,,365.19000244140625,,257886300.0
2020-06-19,,365.4599914550781,,367.4700012207031,,364.4599914550781,,364.4599914550781,,508126000.0
2020-06-22,,362.70001220703125,,366.510009765625,,361.4100036621094,,364.25,,207064600.0
2020-06-23,,367.3999938964844,,368.4700012207031,,363.9100036621094,,363.9100036621094,,223615100.0
2020-06-24,,357.1700134277344,,366.6000061035156,,357.1700134277344,,366.6000061035156,,225957800.0
2020-06-25,,359.739990234375,,360.4599914550781,,352.67999267578125,,356.7900085449219,,244571700.0
2020-06-26,,358.32000732421875,,364.9800109863281,,358.1499938964844,,361.19000244140625,,200171100.0
2020-06-29,,359.8900146484375,,361.5199890136719,,356.32000732421875,,357.6600036621094,,200537200.0
2020-06-30,,360.3399963378906,,361.54998779296875,,358.0400085449219,,360.4599914550781,,226240100.0
2020-07-01,,361.19000244140625,,362.9200134277344,,356.6600036621094,,360.80999755859375,,198697200.0
2020-07-02,,368.2900085449219,,368.8500061035156,,362.5799865722656,,362.5799865722656,,237879600.0
2020-07-03,,365.42999267578125,,369.2799987792969,,364.2200012207031,,368.489990234375,,140948500.0
2020-07-06,,371.2099914550781,,372.3699951171875,,367.30999755859375,,367.30999755859375,,198926800.0
2020-07-07,50.0,368.9599914550781,50.0,370.1099853515625,50.0,366.4599914550781,50.0,370.1099853515625,0.0,175809500.0
2020-07-08,50.04880142211914,366.4800109863281,50.04880142211914,369.3399963378906,50.04880142211914,365.7900085449219,50.04880142211914,367.8399963378906,0.0,181618500.0
2020-07-09,50.1078987121582,363.6400146484375,50.1078987121582,368.70001220703125,50.1078987121582,363.010009765625,50.1078987121582,367.4100036621094,0.0,180405800.0
2020-07-10,50.11859893798828,366.8299865722656,50.11859893798828,367.0199890136719,50.11859893798828,361.7799987792969,50.11859893798828,362.8399963378906,0.0,174619300.0
2020-07-13,49.94540023803711,370.5,49.94540023803711,370.7300109863281,49.94540023803711,367.7699890136719,49.94540023803711,368.1400146484375,0.0,182826800.0
2020-07-14,50.090599060058594,367.3999938964844,50.090599060058594,368.5199890136719,50.090599060058594,363.55999755859375,50.090599060058594,368.5199890136719,0.0,201143300.0
2020-07-15,50.0890998840332,373.8699951171875,50.0890998840332,375.4599914550781,50.0890998840332,368.989990234375,50.0890998840332,368.989990234375,0.0,222158900.0
2020-07-16,50.22999954223633,372.1300048828125,50.22999954223633,372.75,50.22999954223633,369.94000244140625,50.22999954223633,372.70001220703125,0.0,176757400.0
2020-07-17,50.189998626708984,372.7099914550781,50.209999084472656,373.1099853515625,50.189998626708984,371.1099853515625,50.209999084472656,372.8800048828125,0.0,194740800.0
2020-07-20,50.31999969482422,375.510009765625,50.31999969482422,376.2099914550781,50.15999984741211,369.82000732421875,50.15999984741211,372.1600036621094,3.0,165090400.0
2020-07-21,50.349998474121094,376.70001220703125,50.349998474121094,380.260009765625,50.349998474121094,376.1400146484375,50.349998474121094,376.9700012207031,0.0,240686100.0
2020-07-22,50.459999084472656,373.44000244140625,50.459999084472656,375.82000732421875,50.459999084472656,372.0199890136719,50.459999084472656,375.739990234375,0.0,189247100.0
2020-07-23,50.47999954223633,373.6499938964844,50.47999954223633,376.2699890136719,50.439998626708984,372.8999938964844,50.439998626708984,374.3599853515625,39.0,168506300.0
2020-07-24,50.369998931884766,367.2900085449219,50.369998931884766,371.32000732421875,50.369998931884766,365.760009765625,50.369998931884766,371.32000732421875,0.0,187260800.0
2020-07-27,50.560001373291016,366.1499938964844,50.560001373291016,367.5799865722656,50.380001068115234,365.010009765625,50.380001068115234,366.67999267578125,1000.0,183360900.0
2020-07-28,50.54999923706055,367.67999267578125,50.54999923706055,368.0799865722656,50.529998779296875,364.75,50.529998779296875,366.5899963378906,1396.0,168244100.0
2020-07-29,50.540000915527344,367.45001220703125,50.540000915527344,368.75,50.529998779296875,366.8500061035156,50.529998779296875,367.3699951171875,50.0,181764100.0
2020-07-30,50.54999923706055,359.5199890136719,50.54999923706055,367.8999938964844,50.540000915527344,356.5199890136719,50.54999923706055,367.8999938964844,2014.0,286982000.0
2020-07-31,50.4900016784668,356.3299865722656,50.560001373291016,363.3500061035156,50.4900016784668,356.2799987792969,50.560001373291016,359.6600036621094,151.0,255531900.0
2020-08-03,50.47999954223633,363.6400146484375,50.47999954223633,364.4200134277344,50.470001220703125,355.2099914550781,50.470001220703125,356.3800048828125,0.0,226209500.0
2020-08-04,50.619998931884766,363.3900146484375,50.619998931884766,365.9200134277344,50.59000015258789,361.29998779296875,50.59000015258789,364.20001220703125,40.0,221531200.0
2020-08-05,50.5099983215332,365.1600036621094,50.5099983215332,367.0899963378906,50.5099983215332,363.7799987792969,50.5099983215332,363.7799987792969,0.0,206117500.0
2020-08-06,50.619998931884766,362.489990234375,50.619998931884766,366.3299865722656,50.619998931884766,360.9800109863281,50.619998931884766,364.82000732421875,0.0,207513000.0
2020-08-07,50.56999969482422,363.54998779296875,50.56999969482422,364.0,50.56999969482422,360.5299987792969,50.56999969482422,362.25,0.0,156090200.0
2020-08-10,50.650001525878906,364.6499938964844,50.650001525878906,366.32000732421875,50.540000915527344,362.80999755859375,50.540000915527344,364.0899963378906,0.0,147880900.0
2020-08-11,50.52000045776367,370.760009765625,50.66999816894531,372.5400085449219,50.52000045776367,365.7900085449219,50.66999816894531,365.7900085449219,1139.0,218331800.0
2020-08-12,50.45000076293945,374.8800048828125,50.4900016784668,375.4800109863281,50.439998626708984,369.8299865722656,50.4900016784668,370.6000061035156,204.0,187146300.0
2020-08-13,50.31999969482422,372.5299987792969,50.47999954223633,374.20001220703125,50.31999969482422,372.1000061035156,50.47999954223633,373.9200134277344,1007.0,153442300.0
2020-08-14,50.29999923706055,368.07000732421875,50.29999923706055,372.239990234375,50.279998779296875,365.3299865722656,50.279998779296875,372.239990234375,0.0,148680000.0
2020-08-17,50.41999816894531,369.260009765625,50.41999816894531,369.6300048828125,50.34000015258789,366.239990234375,50.34000015258789,367.8900146484375,0.0,127192800.0
2020-08-18,50.439998626708984,367.17999267578125,50.439998626708984,371.2300109863281,50.439998626708984,366.20001220703125,50.439998626708984,368.94000244140625,0.0,141927400.0
2020-08-19,50.52000045776367,369.5799865722656,50.529998779296875,369.5799865722656,50.5099983215332,365.92999267578125,50.5099983215332,367.0799865722656,52.0,124005800.0
2020-08-20,50.56999969482422,365.6400146484375,50.59000015258789,368.1400146484375,50.56999969482422,364.19000244140625,50.59000015258789,368.1400146484375,51.0,140322400.0
2020-08-21,50.56999969482422,365.0899963378906,50.56999969482422,367.8699951171875,50.54999923706055,361.9800109863281,50.54999923706055,366.42999267578125,0.0,150944200.0
2020-08-24,50.540000915527344,370.8500061035156,50.560001373291016,371.9700012207031,50.540000915527344,365.79998779296875,50.560001373291016,365.79998779296875,0.0,136815000.0
2020-08-25,50.29999923706055,369.75,50.29999923706055,374.1099853515625,50.29999923706055,369.75,50.29999923706055,371.3599853515625,0.0,154803400.0
2020-08-26,50.290000915527344,373.1199951171875,50.290000915527344,373.1300048828125,50.2400016784668,368.4599914550781,50.2400016784668,369.8699951171875,262.0,131263300.0
2020-08-27,50.2400016784668,370.7200012207031,50.369998931884766,373.29998779296875,50.2400016784668,370.70001220703125,50.369998931884766,373.1700134277344,87.0,161986900.0
2020-08-28,50.220001220703125,368.79998779296875,50.220001220703125,371.4700012207031,50.15999984741211,367.1600036621094,50.15999984741211,370.7099914550781,0.0,213993300.0
2020-08-31,50.15999984741211,366.510009765625,50.20000076293945,371.3500061035156,50.15999984741211,366.32000732421875,50.20000076293945,369.3599853515625,0.0,115945800.0
2020-09-01,50.2400016784668,365.2300109863281,50.2400016784668,369.4100036621094,50.2400016784668,362.82000732421875,50.2400016784668,367.29998779296875,0.0,230945600.0
2020-09-02,50.47999954223633,371.2799987792969,50.47999954223633,373.19000244140625,50.40999984741211,366.0400085449219,50.40999984741211,366.0400085449219,2.0,187957100.0
2020-09-03,50.5099983215332,366.0799865722656,50.5099983215332,375.9200134277344,50.5099983215332,364.8999938964844,50.5099983215332,372.1300048828125,0.0,209685200.0
2020-09-04,50.439998626708984,361.92999267578125,50.439998626708984,369.19000244140625,50.439998626708984,359.5799865722656,50.439998626708984,365.1000061035156,124.0,228394100.0
2020-09-07,50.38999938964844,367.9700012207031,50.45000076293945,368.4599914550781,50.34000015258789,362.1400146484375,50.34000015258789,362.1400146484375,249.0,154596900.0
2020-09-08,50.4900016784668,363.75,50.4900016784668,368.7699890136719,50.47999954223633,360.82000732421875,50.47999954223633,367.8900146484375,3.0,207359400.0
2020-09-09,50.36000061035156,369.6499938964844,50.529998779296875,370.20001220703125,50.36000061035156,363.239990234375,50.529998779296875,363.239990234375,5007.0,189770300.0
2020-09-10,50.310001373291016,367.4800109863281,50.470001220703125,370.57000732421875,50.29999923706055,366.2699890136719,50.470001220703125,369.82000732421875,34307.0,181611600.0
2020-09-11,50.5,367.9599914550781,50.5,369.05999755859375,50.400001525878906,366.1700134277344,50.400001525878906,367.5400085449219,153.0,163923300.0
2020-09-14,50.47999954223633,368.510009765625,50.54999923706055,371.0400085449219,50.47999954223633,367.489990234375,50.54999923706055,368.739990234375,0.0,155912800.0
2020-09-15,50.61000061035156,370.9599914550781,50.61000061035156,371.9700012207031,50.61000061035156,368.0400085449219,50.61000061035156,368.3999938964844,0.0,184551100.0
2020-09-16,50.560001373291016,373.1300048828125,50.61000061035156,373.1499938964844,50.560001373291016,370.92999267578125,50.61000061035156,371.20001220703125,1020.0,191616300.0
2020-09-17,50.599998474121094,371.2300109863281,50.709999084472656,372.07000732421875,50.599998474121094,368.25,50.65999984741211,372.07000732421875,8296.0,187077200.0
2020-09-18,50.599998474121094,368.7799987792969,50.63999938964844,371.94000244140625,50.599998474121094,368.7799987792969,50.63999938964844,370.8999938964844,1068.0,489799500.0
2020-09-21,50.65999984741211,356.82000732421875,50.709999084472656,367.8599853515625,50.65999984741211,355.8699951171875,50.68000030517578,367.8599853515625,22014.0,110780900.0
2020-09-22,50.61000061035156,357.54998779296875,50.77000045776367,359.94000244140625,50.61000061035156,357.239990234375,50.75,357.239990234375,22054.0,89313500.0
2020-09-23,50.7599983215332,359.5299987792969,50.869998931884766,363.2099914550781,50.7400016784668,358.260009765625,50.869998931884766,358.260009765625,16007.0,203296800.0
2020-09-24,50.58000183105469,355.8500061035156,50.720001220703125,358.80999755859375,50.58000183105469,354.5799865722656,50.720001220703125,357.8999938964844,275.0,208302100.0
2020-09-25,50.70000076293945,355.510009765625,50.709999084472656,356.9599914550781,50.70000076293945,351.239990234375,50.709999084472656,356.1499938964844,1072.0,204972200.0
2020-09-28,50.7400016784668,363.3900146484375,50.7400016784668,363.82000732421875,50.66999816894531,357.0299987792969,50.7400016784668,357.0299987792969,12737.0,214881900.0
2020-09-29,50.77000045776367,361.489990234375,50.849998474121094,363.239990234375,50.75,360.7799987792969,50.75,363.239990234375,11088.0,170672500.0
2020-09-30,50.720001220703125,361.0899963378906,50.720001220703125,363.3599853515625,50.720001220703125,358.82000732421875,50.720001220703125,360.8500061035156,0.0,213222400.0
2020-10-01,50.779998779296875,361.79998779296875,50.779998779296875,364.42999267578125,50.70000076293945,360.3699951171875,50.70000076293945,361.9100036621094,3.0,200721400.0
2020-10-02,50.86000061035156,362.69000244140625,50.86000061035156,362.69000244140625,50.86000061035156,357.6300048828125,50.86000061035156,360.5799865722656,0.0,189190700.0
2020-10-05,50.7599983215332,365.6300048828125,50.779998779296875,366.3500061035156,50.7599983215332,363.6099853515625,50.779998779296875,363.6099853515625,90.0,178087000.0
2020-10-06,50.779998779296875,365.8800048828125,50.83000183105469,367.4100036621094,50.7599983215332,363.9700012207031,50.7599983215332,366.17999267578125,15.0,225287800.0
2020-10-07,50.75,365.45001220703125,50.779998779296875,367.1400146484375,50.720001220703125,364.42999267578125,50.720001220703125,365.6499938964844,48.0,192666700.0
2020-10-08,50.869998931884766,368.30999755859375,50.880001068115234,369.4800109863281,50.77000045776367,366.1600036621094,50.77000045776367,366.3699951171875,51.0,204924200.0
2020-10-09,50.91999816894531,370.3500061035156,50.970001220703125,370.55999755859375,50.900001525878906,368.6600036621094,50.900001525878906,368.6600036621094,244.0,178608700.0
2020-10-12,51.0,373.0,51.0,373.5799865722656,50.93000030517578,370.7200012207031,50.95000076293945,370.95001220703125,129.0,167989000.0
2020-10-13,51.040000915527344,370.9599914550781,51.040000915527344,373.1499938964844,50.9900016784668,369.8900146484375,51.02000045776367,373.1499938964844,28.0,192190600.0
2020-10-14,51.099998474121094,370.6199951171875,51.150001525878906,372.1099853515625,51.08000183105469,370.0199890136719,51.08000183105469,370.4800109863281,64.0,164941700.0
2020-10-15,51.130001068115234,362.9100036621094,51.15999984741211,369.6499938964844,51.130001068115234,361.19000244140625,51.150001525878906,369.6499938964844,432.0,206970800.0
2020-10-16,51.20000076293945,367.4800109863281,51.20000076293945,368.70001220703125,51.150001525878906,363.45001220703125,51.15999984741211,363.45001220703125,15.0,203751100.0
2020-10-19,51.150001525878906,366.80999755859375,51.150001525878906,370.70001220703125,51.13999938964844,366.1199951171875,51.13999938964844,368.05999755859375,236.0,143512400.0
2020-10-20,51.06999969482422,365.510009765625,51.15999984741211,367.67999267578125,51.06999969482422,365.0299987792969,51.15999984741211,366.260009765625,23.0,179891100.0
2020-10-21,51.0099983215332,360.7900085449219,51.060001373291016,366.3299865722656,50.9900016784668,360.6499938964844,51.040000915527344,365.989990234375,496.0,191382400.0
2020-10-22,50.90999984741211,360.2699890136719,51.0099983215332,361.3299865722656,50.90999984741211,356.42999267578125,51.0099983215332,360.4599914550781,0.0,188292300.0
2020-10-23,50.95000076293945,362.5,50.95000076293945,364.1099853515625,50.75,359.9599914550781,50.939998626708984,360.2099914550781,262.0,210392000.0
2020-10-26,50.9900016784668,355.95001220703125,51.06999969482422,360.9100036621094,50.95000076293945,355.8800048828125,51.06999969482422,360.7200012207031,124.0,208618100.0
2020-10-27,51.119998931884766,352.5799865722656,51.119998931884766,356.7200012207031,50.9900016784668,352.1300048828125,50.9900016784668,356.3599853515625,20.0,216105800.0
2020-10-28,51.09000015258789,342.1700134277344,51.150001525878906,351.17999267578125,51.09000015258789,339.75,51.119998931884766,351.17999267578125,15392.0,314630400.0
2020-10-29,51.150001525878906,341.760009765625,51.16999816894531,344.5400085449219,51.04999923706055,338.57000732421875,51.04999923706055,342.1000061035156,110.0,270193600.0
2020-10-30,51.11000061035156,342.3599853515625,51.16999816894531,342.94000244140625,51.099998474121094,338.8399963378906,51.099998474121094,340.6099853515625,38.0,228702700.0
2020-11-02,51.13999938964844,347.8599853515625,51.13999938964844,348.4100036621094,51.060001373291016,341.3399963378906,51.09000015258789,343.20001220703125,783.0,208383000.0
2020-11-03,51.13999938964844,356.010009765625,51.16999816894531,356.0299987792969,51.09000015258789,349.1600036621094,51.11000061035156,349.1600036621094,456.0,233717700.0
2020-11-04,51.220001220703125,363.30999755859375,51.27000045776367,363.489990234375,51.15999984741211,351.3299865722656,51.25,354.3800048828125,574.0,241853600.0
2020-11-05,51.2400016784668,367.1199951171875,51.2599983215332,367.9599914550781,51.15999984741211,364.0,51.2599983215332,364.0,23.0,241657200.0
2020-11-06,51.20000076293945,366.3999938964844,51.310001373291016,368.2200012207031,51.20000076293945,363.260009765625,51.25,367.1600036621094,1536.0,217412500.0
2020-11-09,51.060001373291016,380.989990234375,51.279998779296875,385.80999755859375,51.060001373291016,368.1300048828125,51.279998779296875,368.1300048828125,501.0,534407500.0
2020-11-10,50.86000061035156,384.4200134277344,50.86000061035156,385.42999267578125,50.83000183105469,380.0299987792969,50.83000183105469,380.6600036621094,187.0,461688600.0
2020-11-11,50.93000030517578,388.55999755859375,50.9900016784668,389.07000732421875,50.81999969482422,384.7099914550781,50.81999969482422,384.7099914550781,512.0,310292900.0
2020-11-12,51.040000915527344,385.1600036621094,51.040000915527344,387.8500061035156,50.9900016784668,384.5799865722656,50.9900016784668,386.79998779296875,0.0,267753800.0
2020-11-13,51.08000183105469,385.17999267578125,51.13999938964844,386.5799865722656,51.06999969482422,383.510009765625,51.06999969482422,384.3900146484375,73.0,241864600.0
2020-11-16,51.13999938964844,389.739990234375,51.150001525878906,391.57000732421875,51.029998779296875,386.0899963378906,51.150001525878906,386.8900146484375,194.0,337486800.0
2020-11-17,51.20000076293945,388.82000732421875,51.20000076293945,389.9700012207031,51.130001068115234,386.8900146484375,51.130001068115234,389.1300048828125,683.0,284763600.0
2020-11-18,51.20000076293945,390.5400085449219,51.279998779296875,391.0799865722656,51.20000076293945,387.1400146484375,51.2599983215332,388.29998779296875,1500.0,249034900.0
2020-11-19,51.22999954223633,387.6000061035156,51.2599983215332,388.55999755859375,51.20000076293945,386.4599914550781,51.209999084472656,388.4100036621094,619.0,237675400.0
2020-11-20,51.2599983215332,389.6099853515625,51.279998779296875,390.54998779296875,51.2400016784668,386.95001220703125,51.2400016784668,387.3800048828125,1275.0,214267300.0
2020-11-23,51.22999954223633,388.8399963378906,51.27000045776367,392.9700012207031,51.20000076293945,388.8399963378906,51.27000045776367,390.6600036621094,259.0,234773600.0
2020-11-24,51.2400016784668,392.3900146484375,51.2400016784668,392.3900146484375,51.2400016784668,390.45001220703125,51.2400016784668,390.5899963378906,697.0,316719600.0
2020-11-25,51.25,392.0899963378906,51.2599983215332,393.67999267578125,51.209999084472656,390.69000244140625,51.209999084472656,393.0,435.0,280451100.0
2020-11-26,51.29999923706055,391.6300048828125,51.310001373291016,393.07000732421875,51.22999954223633,391.2200012207031,51.22999954223633,392.44000244140625,661.0,193423200.0
2020-11-27,51.29999923706055,393.2300109863281,51.34000015258789,393.5,51.2599983215332,390.7300109863281,51.29999923706055,391.25,260.0,312114500.0
2020-11-30,51.2400016784668,389.3599853515625,51.29999923706055,393.8699951171875,51.2400016784668,389.3599853515625,51.29999923706055,392.2900085449219,30.0,370613400.0
2020-12-01,51.09000015258789,391.8999938964844,51.279998779296875,393.1099853515625,51.09000015258789,389.9800109863281,51.279998779296875,389.9800109863281,220.0,241251400.0
2020-12-02,51.099998474121094,391.69000244140625,51.119998931884766,391.9700012207031,51.06999969482422,389.6000061035156,51.09000015258789,390.9599914550781,194.0,246619800.0
2020-12-03,51.20000076293945,391.7200012207031,51.2400016784668,392.1000061035156,51.119998931884766,389.80999755859375,51.119998931884766,391.9100036621094,9959.0,226883600.0
2020-12-04,51.18000030517578,394.0400085449219,51.25,394.0400085449219,51.18000030517578,391.5400085449219,51.220001220703125,391.5400085449219,1747.0,260750700.0
2020-12-07,51.290000915527344,392.8399963378906,51.29999923706055,393.6300048828125,51.27000045776367,390.2900085449219,51.27000045776367,393.4800109863281,178.0,221220400.0
2020-12-08,51.380001068115234,393.6400146484375,51.380001068115234,393.8999938964844,51.310001373291016,390.54998779296875,51.310001373291016,392.739990234375,0.0,180040900.0
2020-12-09,51.38999938964844,394.8999938964844,51.40999984741211,396.6099853515625,51.33000183105469,394.2099914550781,51.33000183105469,394.2099914550781,557.0,206027400.0
2020-12-10,51.40999984741211,393.1499938964844,51.470001220703125,395.44000244140625,51.40999984741211,391.29998779296875,51.439998626708984,394.5400085449219,18834.0,253403800.0
2020-12-11,51.47999954223633,390.1199951171875,51.47999954223633,392.6400146484375,51.41999816894531,387.20001220703125,51.41999816894531,392.6400146484375,0.0,244825600.0
2020-12-14,51.4900016784668,391.8500061035156,51.5,394.45001220703125,51.43000030517578,391.67999267578125,51.459999084472656,391.67999267578125,12206.0,207740500.0
2020-12-15,51.45000076293945,392.8399963378906,51.5,393.4200134277344,51.45000076293945,390.9599914550781,51.470001220703125,391.67999267578125,194.0,204633700.0
2020-12-16,51.31999969482422,396.0799865722656,51.45000076293945,396.8500061035156,51.2599983215332,393.7900085449219,51.45000076293945,393.7900085449219,40.0,227325300.0
2020-12-17,51.34000015258789,397.2799987792969,51.439998626708984,398.489990234375,51.290000915527344,396.8599853515625,51.290000915527344,396.8599853515625,6564.0,207353400.0
2020-12-18,51.31999969482422,395.8999938964844,51.38999938964844,399.07000732421875,51.31999969482422,395.7200012207031,51.349998474121094,396.510009765625,536.0,347207600.0
2020-12-21,51.34000015258789,386.69000244140625,51.439998626708984,392.1400146484375,51.34000015258789,381.6300048828125,51.439998626708984,392.1400146484375,275.0,277902400.0
2020-12-22,51.36000061035156,391.25,51.369998931884766,391.7900085449219,51.36000061035156,387.760009765625,51.369998931884766,387.760009765625,78.0,153683100.0
2020-12-23,51.209999084472656,395.489990234375,51.369998931884766,395.67999267578125,51.209999084472656,392.04998779296875,51.369998931884766,392.0899963378906,401.0,170468900.0
2020-12-24,51.2400016784668,,51.2400016784668,,51.2400016784668,,51.2400016784668,,0.0,
2020-12-28,51.31999969482422,398.5799865722656,51.33000183105469,399.1199951171875,51.2400016784668,396.6099853515625,51.25,396.6099853515625,3970.0,68058000.0
2020-12-29,51.33000183105469,401.6099853515625,51.33000183105469,403.260009765625,51.29999923706055,399.8699951171875,51.29999923706055,399.8699951171875,0.0,161387800.0
2020-12-30,51.310001373291016,400.25,51.310001373291016,402.75,51.290000915527344,400.19000244140625,51.290000915527344,401.7300109863281,0.0,108649600.0
2020-12-31,51.310001373291016,,51.310001373291016,,51.310001373291016,,51.310001373291016,,0.0,
2021-01-04,51.400001525878906,401.69000244140625,51.40999984741211,405.760009765625,51.36000061035156,400.4200134277344,51.36000061035156,400.5899963378906,1575.0,217955900.0
2021-01-05,51.36000061035156,400.94000244140625,51.369998931884766,402.7799987792969,51.36000061035156,399.3500061035156,51.369998931884766,400.8399963378906,0.0,184265400.0
2021-01-06,51.2599983215332,406.4100036621094,51.2599983215332,407.29998779296875,51.209999084472656,400.5,51.209999084472656,402.0799865722656,0.0,286015700.0
2021-01-07,51.27000045776367,408.489990234375,51.31999969482422,409.3900146484375,51.25,406.4599914550781,51.25,408.0899963378906,712.0,235099200.0
2021-01-08,51.29999923706055,411.1700134277344,51.34000015258789,411.9200134277344,51.290000915527344,410.0199890136719,51.290000915527344,410.0199890136719,915.0,216734600.0
2021-01-11,51.20000076293945,408.4100036621094,51.31999969482422,410.9700012207031,51.20000076293945,406.45001220703125,51.31999969482422,410.4100036621094,638.0,182564200.0
2021-01-12,51.04999923706055,408.6099853515625,51.15999984741211,410.1099853515625,51.04999923706055,407.3399963378906,51.15999984741211,409.1700134277344,0.0,190728100.0
2021-01-13,51.220001220703125,409.07000732421875,51.220001220703125,409.739990234375,51.11000061035156,407.94000244140625,51.119998931884766,408.80999755859375,1127.0,181754200.0
2021-01-14,51.2599983215332,412.0,51.27000045776367,412.4599914550781,51.220001220703125,409.7099914550781,51.220001220703125,409.7099914550781,2156.0,194332300.0
2021-01-15,51.209999084472656,407.8500061035156,51.27000045776367,411.19000244140625,51.20000076293945,405.4200134277344,51.25,411.19000244140625,196.0,218522300.0
2021-01-18,51.13999938964844,408.67999267578125,51.25,408.75,51.13999938964844,406.3900146484375,51.209999084472656,407.0199890136719,3322.0,125093100.0
2021-01-19,51.189998626708984,407.9200134277344,51.189998626708984,410.8599853515625,51.13999938964844,407.57000732421875,51.13999938964844,410.1499938964844,950.0,172615800.0
2021-01-20,51.209999084472656,410.8399963378906,51.22999954223633,411.92999267578125,51.16999816894531,408.6199951171875,51.20000076293945,408.6400146484375,4563.0,172622400.0
2021-01-21,51.06999969482422,410.8900146484375,51.220001220703125,413.9800109863281,51.04999923706055,410.7900085449219,51.220001220703125,412.45001220703125,1889.0,172924500.0
2021-01-22,51.099998474121094,408.5400085449219,51.119998931884766,409.8800048828125,51.04999923706055,405.739990234375,51.04999923706055,409.8800048828125,16350.0,191471800.0
2021-01-25,51.209999084472656,405.1300048828125,51.209999084472656,410.8599853515625,51.08000183105469,403.8999938964844,51.08000183105469,410.17999267578125,1066.0,211863100.0
2021-01-26,51.20000076293945,407.70001220703125,51.220001220703125,409.760009765625,51.15999984741211,404.75,51.209999084472656,404.75,1716.0,197861100.0
2021-01-27,51.189998626708984,402.9800109863281,51.209999084472656,408.32000732421875,51.16999816894531,399.239990234375,51.16999816894531,407.6300048828125,1129.0,266840400.0
2021-01-28,51.189998626708984,403.3900146484375,51.220001220703125,404.4800109863281,51.13999938964844,394.3999938964844,51.18000030517578,400.8599853515625,10032.0,257028400.0
2021-01-29,51.099998474121094,395.8500061035156,51.150001525878906,401.2099914550781,51.0099983215332,395.8500061035156,51.150001525878906,401.2099914550781,1279.0,244280700.0
2021-02-01,51.119998931884766,400.7699890136719,51.119998931884766,401.8599853515625,51.040000915527344,397.0799865722656,51.08000183105469,397.0799865722656,15468.0,184282100.0
2021-02-02,50.9900016784668,405.9200134277344,51.06999969482422,406.42999267578125,50.97999954223633,402.260009765625,51.040000915527344,402.260009765625,1515.0,202266300.0
2021-02-03,51.04999923706055,407.2699890136719,51.04999923706055,410.1300048828125,51.0099983215332,406.44000244140625,51.0099983215332,407.6400146484375,923.0,229680300.0
2021-02-04,50.9900016784668,409.5400085449219,51.02000045776367,409.80999755859375,50.97999954223633,406.9200134277344,50.97999954223633,407.07000732421875,742.0,243164200.0
2021-02-05,50.959999084472656,409.5400085449219,51.0099983215332,411.5899963378906,50.810001373291016,408.4599914550781,51.0099983215332,410.0799865722656,1809.0,253713200.0
2021-02-08,50.959999084472656,410.7799987792969,50.959999084472656,412.2900085449219,50.88999938964844,410.1600036621094,50.91999816894531,410.1600036621094,750.0,219967600.0
2021-02-09,50.959999084472656,410.4200134277344,50.970001220703125,411.1199951171875,50.900001525878906,408.8999938964844,50.939998626708984,411.010009765625,524.0,161511100.0
2021-02-10,50.93000030517578,409.4700012207031,50.97999954223633,411.9200134277344,50.93000030517578,407.4800109863281,50.95000076293945,411.2099914550781,3341.0,210429000.0
2021-02-11,51.02000045776367,411.3500061035156,51.040000915527344,411.55999755859375,50.9900016784668,409.5199890136719,51.0,409.9700012207031,2363.0,174139200.0
2021-02-12,50.869998931884766,414.0,51.0099983215332,414.0,50.869998931884766,409.25,50.9900016784668,411.1199951171875,2018.0,157254700.0
2021-02-15,50.72999954223633,419.4700012207031,50.77000045776367,420.1400146484375,50.72999954223633,415.82000732421875,50.77000045776367,415.82000732421875,249.0,194861500.0
2021-02-16,50.619998931884766,419.20001220703125,50.7599983215332,420.57000732421875,50.619998931884766,418.7099914550781,50.7599983215332,419.8800048828125,2340.0,184545200.0
2021-02-17,50.65999984741211,416.1000061035156,50.65999984741211,418.6400146484375,50.540000915527344,415.55999755859375,50.540000915527344,418.6400146484375,5797.0,193909300.0
2021-02-18,50.540000915527344,412.70001220703125,50.63999938964844,417.260009765625,50.529998779296875,411.8699951171875,50.630001068115234,415.8699951171875,13057.0,202089900.0
2021-02-19,50.47999954223633,414.8800048828125,50.52000045776367,415.7200012207031,50.470001220703125,412.2699890136719,50.470001220703125,413.07000732421875,3084.0,227841300.0
2021-02-22,50.58000183105469,413.05999755859375,50.58000183105469,413.80999755859375,50.380001068115234,409.54998779296875,50.380001068115234,413.80999755859375,3072.0,207706500.0
2021-02-23,50.470001220703125,411.32000732421875,50.5099983215332,414.5,50.38999938964844,406.67999267578125,50.5099983215332,413.17999267578125,2123.0,273441700.0
2021-02-24,50.369998931884766,413.2099914550781,50.5,413.70001220703125,50.369998931884766,410.6199951171875,50.5,410.9599914550781,2762.0,294350000.0
2021-02-25,50.119998931884766,411.7300109863281,50.33000183105469,415.3800048828125,50.119998931884766,411.7300109863281,50.29999923706055,414.0799865722656,6495.0,260384600.0
2021-02-26,50.2400016784668,404.989990234375,50.2599983215332,410.6400146484375,50.2400016784668,404.0400085449219,50.2599983215332,408.9800109863281,3074.0,299832700.0
2021-03-01,50.52000045776367,412.44000244140625,50.52000045776367,412.760009765625,50.34000015258789,408.25,50.34000015258789,408.25,385.0,193935100.0
2021-03-02,50.52000045776367,413.2300109863281,50.52000045776367,415.3699951171875,50.38999938964844,411.3299865722656,50.52000045776367,412.05999755859375,2036.0,185747900.0
2021-03-03,50.36000061035156,413.4200134277344,50.560001373291016,416.69000244140625,50.36000061035156,410.54998779296875,50.560001373291016,413.79998779296875,1459.0,242882900.0
2021-03-04,50.369998931884766,411.9100036621094,50.40999984741211,412.8399963378906,50.36000061035156,409.0299987792969,50.40999984741211,411.7099914550781,200.0,233110700.0
2021-03-05,50.349998474121094,408.67999267578125,50.349998474121094,413.19000244140625,50.290000915527344,407.1400146484375,50.310001373291016,410.6199951171875,424.0,257580800.0
2021-03-08,50.290000915527344,417.25,50.349998474121094,417.6199951171875,50.2599983215332,410.2300109863281,50.29999923706055,410.2300109863281,1614.0,258755200.0
2021-03-09,50.349998474121094,420.4100036621094,50.43000030517578,421.04998779296875,50.34000015258789,416.19000244140625,50.34000015258789,417.3399963378906,2190.0,258435900.0
2021-03-10,50.400001525878906,422.1099853515625,50.41999816894531,422.7099914550781,50.380001068115234,418.6600036621094,50.380001068115234,419.9599914550781,2367.0,226418400.0
2021-03-11,50.47999954223633,424.1700134277344,50.540000915527344,424.2300109863281,50.40999984741211,422.54998779296875,50.459999084472656,422.67999267578125,7377.0,231054000.0
2021-03-12,50.380001068115234,423.0799865722656,50.45000076293945,423.42999267578125,50.380001068115234,421.67999267578125,50.43000030517578,423.42999267578125,99.0,198579500.0
2021-03-15,50.47999954223633,423.0799865722656,50.47999954223633,426.1300048828125,50.400001525878906,421.95001220703125,50.459999084472656,423.9700012207031,179.0,194016900.0
2021-03-16,50.459999084472656,426.82000732421875,50.52000045776367,426.9599914550781,50.439998626708984,424.0799865722656,50.459999084472656,424.0799865722656,1187.0,2219700.0
2021-03-17,50.29999923706055,424.9100036621094,50.47999954223633,426.9800109863281,50.29999923706055,424.1199951171875,50.47999954223633,426.5799865722656,1433.0,2177300.0
2021-03-18,50.2400016784668,426.5899963378906,50.2400016784668,427.260009765625,50.16999816894531,424.7900085449219,50.20000076293945,425.4100036621094,806.0,244183300.0
2021-03-19,50.31999969482422,423.3500061035156,50.33000183105469,426.0199890136719,50.2599983215332,421.3999938964844,50.33000183105469,424.95001220703125,2094.0,509089700.0
2021-03-22,50.34000015258789,424.1700134277344,50.369998931884766,424.3599853515625,50.290000915527344,420.7300109863281,50.369998931884766,422.5299987792969,763.0,205450500.0
2021-03-23,50.439998626708984,423.30999755859375,50.45000076293945,424.3399963378906,50.40999984741211,420.94000244140625,50.45000076293945,423.3999938964844,1583.0,222826700.0
2021-03-24,50.5,423.3900146484375,50.52000045776367,423.69000244140625,50.310001373291016,420.3599853515625,50.52000045776367,421.95001220703125,1157.0,207476500.0
2021-03-25,50.58000183105469,423.0799865722656,50.59000015258789,423.57000732421875,50.529998779296875,419.04998779296875,50.529998779296875,422.3800048828125,722.0,197372000.0
2021-03-26,50.470001220703125,426.92999267578125,50.5099983215332,427.2099914550781,50.41999816894531,424.19000244140625,50.5099983215332,424.19000244140625,160.0,199100800.0
2021-03-29,50.369998931884766,427.6099853515625,50.4900016784668,428.739990234375,50.369998931884766,426.5799865722656,50.4900016784668,427.2300109863281,114.0,176527000.0
2021-03-30,50.25,430.6499938964844,50.2599983215332,431.0799865722656,50.20000076293945,428.1400146484375,50.2599983215332,428.1400146484375,1055.0,186096200.0
2021-03-31,50.31999969482422,429.6000061035156,50.31999969482422,431.760009765625,50.25,429.6000061035156,50.25,430.8500061035156,196.0,218633900.0
2021-04-01,50.43000030517578,432.2200012207031,50.43000030517578,432.6499938964844,50.31999969482422,429.6099853515625,50.31999969482422,429.6099853515625,209.0,162078600.0
2021-04-06,50.380001068115234,435.260009765625,50.41999816894531,436.4700012207031,50.279998779296875,433.2900085449219,50.33000183105469,433.2900085449219,25800.0,204328000.0
2021-04-07,50.38999938964844,434.32000732421875,50.459999084472656,435.6300048828125,50.38999938964844,433.69000244140625,50.459999084472656,434.57000732421875,0.0,171946800.0
2021-04-08,50.439998626708984,436.8599853515625,50.459999084472656,436.8800048828125,50.41999816894531,434.8800048828125,50.41999816894531,434.8800048828125,491.0,200252600.0
2021-04-09,50.310001373291016,437.2300109863281,50.400001525878906,437.6499938964844,50.310001373291016,436.1000061035156,50.400001525878906,436.6700134277344,496.0,164371900.0
2021-04-12,50.279998779296875,435.239990234375,50.349998474121094,437.0400085449219,50.279998779296875,435.010009765625,50.349998474121094,437.010009765625,220.0,153272900.0
2021-04-13,50.25,435.75,50.2599983215332,436.5899963378906,50.15999984741211,434.20001220703125,50.2599983215332,435.45001220703125,14312.0,161892300.0
2021-04-14,50.16999816894531,436.57000732421875,50.31999969482422,437.1499938964844,50.16999816894531,435.7300109863281,50.31999969482422,436.2799987792969,279.0,156288900.0
2021-04-15,50.279998779296875,438.54998779296875,50.279998779296875,439.1300048828125,50.150001525878906,436.6600036621094,50.150001525878906,436.6600036621094,26.0,162548400.0
2021-04-16,50.209999084472656,442.489990234375,50.27000045776367,442.510009765625,50.20000076293945,438.2900085449219,50.220001220703125,438.2900085449219,4565.0,198487300.0
2021-04-19,50.119998931884766,442.17999267578125,50.209999084472656,443.6099853515625,50.11000061035156,441.5299987792969,50.209999084472656,442.44000244140625,323.0,149749300.0
2021-04-20,50.18000030517578,433.79998779296875,50.18000030517578,441.57000732421875,50.09000015258789,433.3500061035156,50.09000015258789,441.20001220703125,4148.0,210250300.0
2021-04-21,50.220001220703125,436.6400146484375,50.25,437.2699890136719,50.189998626708984,433.75,50.189998626708984,434.2099914550781,669.0,179060100.0
2021-04-22,50.220001220703125,439.6300048828125,50.2599983215332,439.80999755859375,50.209999084472656,437.239990234375,50.2599983215332,437.239990234375,192.0,170160500.0
2021-04-23,50.20000076293945,439.0400085449219,50.279998779296875,439.6000061035156,50.20000076293945,436.57000732421875,50.2400016784668,439.20001220703125,889.0,148579500.0
2021-04-26,50.18000030517578,440.20001220703125,50.279998779296875,440.75,50.13999938964844,438.5,50.13999938964844,439.32000732421875,6257.0,145926700.0
2021-04-27,50.119998931884766,439.8500061035156,50.150001525878906,440.4800109863281,50.099998474121094,438.6600036621094,50.13999938964844,440.2799987792969,590.0,167388500.0
2021-04-28,50.060001373291016,439.9200134277344,50.08000183105469,441.0199890136719,50.060001373291016,438.67999267578125,50.06999969482422,439.6600036621094,802.0,206103700.0
2021-04-29,49.95500183105469,438.7699890136719,50.08000183105469,442.6600036621094,49.95500183105469,437.8500061035156,50.08000183105469,440.6400146484375,469.0,204026700.0
2021-04-30,49.96500015258789,437.3900146484375,50.0,439.8399963378906,49.96500015258789,437.17999267578125,49.974998474121094,438.7799987792969,453.0,213001100.0
2021-05-03,49.98500061035156,439.9200134277344,49.994998931884766,439.9800109863281,49.94499969482422,436.8399963378906,49.98500061035156,437.8699951171875,629.0,85153500.0
2021-05-04,50.09000015258789,433.6499938964844,50.09000015258789,441.7099914550781,49.98500061035156,433.1700134277344,49.98500061035156,440.6000061035156,1709.0,232148600.0
2021-05-05,50.04999923706055,441.54998779296875,50.06999969482422,441.6000061035156,50.04999923706055,435.2099914550781,50.06999969482422,435.2099914550781,0.0,189957600.0
2021-05-06,50.029998779296875,441.0199890136719,50.09000015258789,443.04998779296875,50.029998779296875,438.6499938964844,50.04999923706055,441.2300109863281,228.0,228481600.0
2021-05-07,49.94499969482422,444.92999267578125,50.02000045776367,444.92999267578125,49.94499969482422,441.8599853515625,50.02000045776367,441.8599853515625,107.0,183455500.0
2021-05-10,49.95000076293945,445.3900146484375,49.970001220703125,446.19000244140625,49.88999938964844,444.3800048828125,49.88999938964844,445.7099914550781,815.0,201181100.0
2021-05-11,49.79499816894531,436.6099853515625,49.88999938964844,444.42999267578125,49.79499816894531,434.0199890136719,49.88999938964844,444.42999267578125,287.0,234853100.0
2021-05-12,49.68000030517578,437.92999267578125,49.86000061035156,439.4599914550781,49.66999816894531,436.32000732421875,49.80500030517578,436.80999755859375,2684.0,203670700.0
2021-05-13,49.63999938964844,,49.685001373291016,,49.6349983215332,,49.685001373291016,,56.0,
2021-05-14,49.6349983215332,442.5299987792969,49.70000076293945,442.55999755859375,49.61000061035156,438.1700134277344,49.64500045776367,438.5799865722656,1002.0,195564100.0
2021-05-17,49.584999084472656,442.2900085449219,49.709999084472656,444.25,49.57500076293945,440.3999938964844,49.67499923706055,443.0199890136719,7027.0,161061800.0
2021-05-18,49.54999923706055,443.0400085449219,49.619998931884766,446.010009765625,49.54499816894531,442.25,49.54499816894531,443.3999938964844,773.0,186093600.0
2021-05-19,49.54999923706055,436.3399963378906,49.54999923706055,441.010009765625,49.46500015258789,432.6300048828125,49.48500061035156,441.010009765625,994.0,197844300.0
2021-05-20,49.58000183105469,441.8999938964844,49.58000183105469,441.8999938964844,49.47999954223633,436.07000732421875,49.4900016784668,437.1400146484375,2123.0,169989900.0
2021-05-21,49.66999816894531,444.44000244140625,49.72999954223633,445.2900085449219,49.630001068115234,441.6700134277344,49.6349983215332,442.3999938964844,4153.0,200850100.0
2021-05-24,49.71500015258789,,49.71500015258789,,49.654998779296875,,49.70500183105469,,1007.0,
2021-05-25,49.80500030517578,445.20001220703125,49.80500030517578,447.1499938964844,49.720001220703125,445.20001220703125,49.720001220703125,445.489990234375,1073.0,168438300.0
2021-05-26,49.93000030517578,445.2200012207031,49.935001373291016,446.79998779296875,49.84000015258789,444.0400085449219,49.84000015258789,445.4700012207031,566.0,169169100.0
2021-05-27,49.84000015258789,446.44000244140625,49.96500015258789,447.8599853515625,49.84000015258789,444.5899963378906,49.96500015258789,445.1000061035156,2752.0,359790500.0
2021-05-28,49.88999938964844,448.9800109863281,49.88999938964844,450.07000732421875,49.80500030517578,446.9800109863281,49.814998626708984,446.9800109863281,1044.0,186878300.0
2021-05-31,49.88999938964844,446.760009765625,49.88999938964844,449.0799865722656,49.810001373291016,446.7099914550781,49.84000015258789,448.8299865722656,2390.0,63502600.0
2021-06-01,49.88999938964844,450.1000061035156,49.970001220703125,452.5,49.875,447.5799865722656,49.875,447.5799865722656,5640.0,174741600.0
2021-06-02,49.95500183105469,451.3399963378906,49.96500015258789,451.9700012207031,49.915000915527344,450.1700134277344,49.915000915527344,450.2099914550781,361.0,146828600.0
2021-06-03,49.91999816894531,450.7900085449219,49.959999084472656,451.45001220703125,49.91999816894531,447.82000732421875,49.91999816894531,451.45001220703125,140.0,154427400.0
2021-06-04,49.9900016784668,452.57000732421875,50.0099983215332,452.7099914550781,49.93000030517578,450.45001220703125,49.93000030517578,451.1700134277344,356.0,129793700.0
2021-06-07,49.935001373291016,453.55999755859375,50.0,454.30999755859375,49.93000030517578,450.7099914550781,50.0,452.3900146484375,335.0,187051400.0
2021-06-08,50.040000915527344,454.010009765625,50.060001373291016,455.6600036621094,49.974998474121094,453.42999267578125,49.974998474121094,453.6199951171875,363.0,158647500.0
2021-06-09,50.130001068115234,454.44000244140625,50.189998626708984,454.67999267578125,50.040000915527344,452.82000732421875,50.040000915527344,454.2099914550781,69.0,139842500.0
2021-06-10,50.11000061035156,454.55999755859375,50.130001068115234,455.760009765625,50.0,452.70001220703125,50.130001068115234,454.7300109863281,423.0,154358300.0
2021-06-11,50.220001220703125,457.510009765625,50.2599983215332,457.8699951171875,50.189998626708984,454.9800109863281,50.189998626708984,455.0799865722656,504.0,131960400.0
2021-06-14,50.13999938964844,458.32000732421875,50.22999954223633,460.510009765625,50.13999938964844,457.6099853515625,50.22999954223633,458.1300048828125,109.0,138754900.0
2021-06-15,50.08000183105469,458.80999755859375,50.150001525878906,460.30999755859375,50.08000183105469,458.80999755859375,50.150001525878906,458.92999267578125,1084.0,173990000.0
2021-06-16,50.130001068115234,459.8599853515625,50.13999938964844,460.45001220703125,50.09000015258789,458.6600036621094,50.09000015258789,459.1600036621094,66.0,175040700.0
2021-06-17,50.060001373291016,459.3299865722656,50.060001373291016,459.92999267578125,49.994998931884766,457.6499938964844,50.0099983215332,458.8699951171875,225.0,186055100.0
2021-06-18,50.099998474121094,452.04998779296875,50.130001068115234,459.6199951171875,50.040000915527344,451.7699890136719,50.08000183105469,458.7099914550781,1500.0,408712000.0
2021-06-21,50.0,455.2300109863281,50.119998931884766,455.3699951171875,50.0,448.3999938964844,50.119998931884766,450.8699951171875,0.0,188357800.0
2021-06-22,49.95500183105469,456.4200134277344,50.029998779296875,456.92999267578125,49.95500183105469,453.6700134277344,49.96500015258789,455.6499938964844,1047.0,141752300.0
2021-06-23,49.974998474121094,453.1000061035156,50.0,457.4200134277344,49.95500183105469,453.1000061035156,49.95500183105469,456.8599853515625,643.0,143521200.0
2021-06-24,50.0,457.0400085449219,50.0099983215332,457.5400085449219,49.94499969482422,453.4700012207031,49.94499969482422,453.4700012207031,160.0,167595400.0
2021-06-25,49.8849983215332,457.6300048828125,49.9900016784668,457.6600036621094,49.8849983215332,456.44000244140625,49.9900016784668,457.4700012207031,3058.0,141141200.0
2021-06-28,49.994998931884766,454.94000244140625,49.994998931884766,458.0899963378906,49.869998931884766,454.8800048828125,49.869998931884766,457.7099914550781,2550.0,154479700.0
2021-06-29,49.935001373291016,456.3699951171875,49.970001220703125,457.8500061035156,49.935001373291016,454.8500061035156,49.96500015258789,454.9200134277344,105.0,147063100.0
2021-06-30,50.06999969482422,452.8399963378906,50.06999969482422,456.94000244140625,49.935001373291016,451.2300109863281,49.935001373291016,456.2699890136719,548.0,183557300.0
2021-07-01,50.06999969482422,455.6300048828125,50.099998474121094,457.70001220703125,50.0,452.2799987792969,50.02000045776367,453.5899963378906,400.0,154339400.0
2021-07-02,50.18000030517578,456.80999755859375,50.20000076293945,458.30999755859375,50.08000183105469,455.8900146484375,50.08000183105469,456.1499938964844,4614.0,130254500.0
2021-07-05,50.06999969482422,458.3599853515625,50.130001068115234,458.69000244140625,50.06999969482422,455.260009765625,50.130001068115234,456.9800109863281,0.0,102587500.0
2021-07-06,50.27000045776367,455.9800109863281,50.27000045776367,459.4599914550781,50.040000915527344,454.8500061035156,50.040000915527344,458.3800048828125,70.0,165800700.0
2021-07-07,50.400001525878906,459.5299987792969,50.400001525878906,459.6300048828125,50.279998779296875,456.5299987792969,50.279998779296875,456.5299987792969,3807.0,204651100.0
2021-07-08,50.400001525878906,451.6099853515625,50.5,458.67999267578125,50.400001525878906,448.92999267578125,50.5,458.67999267578125,289.0,211153800.0
2021-07-09,50.33000183105469,457.6700134277344,50.38999938964844,457.6700134277344,50.33000183105469,452.45001220703125,50.36000061035156,452.45001220703125,292.0,158972700.0
2021-07-12,50.36000061035156,460.8299865722656,50.380001068115234,461.1000061035156,50.33000183105469,455.9700012207031,50.33000183105469,458.1099853515625,2663.0,122700400.0
2021-07-13,50.38999938964844,460.9599914550781,50.400001525878906,461.3800048828125,50.31999969482422,459.8699951171875,50.369998931884766,460.9200134277344,708.0,146765800.0
2021-07-14,50.41999816894531,460.55999755859375,50.41999816894531,461.1700134277344,50.310001373291016,458.8800048828125,50.310001373291016,460.760009765625,541.0,0.0
2021-07-15,50.470001220703125,456.20001220703125,50.5,460.0,50.45000076293945,455.4599914550781,50.470001220703125,459.9599914550781,1110.0,149788100.0
2021-07-16,50.560001373291016,454.739990234375,50.560001373291016,457.760009765625,50.5,452.8500061035156,50.5,456.3800048828125,1144.0,162568200.0
2021-07-19,50.619998931884766,444.2900085449219,50.65999984741211,453.239990234375,50.560001373291016,442.1300048828125,50.560001373291016,453.239990234375,159.0,215247300.0
2021-07-20,50.709999084472656,446.6099853515625,50.779998779296875,449.1700134277344,50.66999816894531,443.3999938964844,50.66999816894531,445.17999267578125,942.0,199041900.0
2021-07-21,50.63999938964844,453.9700012207031,50.7400016784668,454.2799987792969,50.63999938964844,447.80999755859375,50.7400016784668,447.80999755859375,69.0,181014000.0
2021-07-22,50.72999954223633,456.5299987792969,50.75,458.5400085449219,50.68000030517578,455.29998779296875,50.68000030517578,455.29998779296875,1562.0,137192900.0
2021-07-23,50.77000045776367,461.510009765625,50.77000045776367,461.75,50.72999954223633,457.489990234375,50.7400016784668,457.489990234375,368.0,130100600.0
2021-07-26,50.75,461.1400146484375,50.81999969482422,461.5299987792969,50.75,458.6400146484375,50.81999969482422,461.0,1739.0,138660300.0
2021-07-27,50.81999969482422,458.6499938964844,50.83000183105469,461.0,50.779998779296875,456.2300109863281,50.779998779296875,461.0,14872.0,136929700.0
2021-07-28,50.81999969482422,461.70001220703125,50.84000015258789,461.7099914550781,50.790000915527344,458.8599853515625,50.84000015258789,458.8599853515625,1383.0,148863700.0
2021-07-29,50.83000183105469,463.8399963378906,50.939998626708984,464.30999755859375,50.79999923706055,462.1199951171875,50.810001373291016,462.1199951171875,553.0,177951900.0
2021-07-30,50.86000061035156,461.739990234375,50.86000061035156,463.3999938964844,50.7599983215332,459.54998779296875,50.79999923706055,462.69000244140625,10351.0,178648800.0
2021-08-02,50.90999984741211,464.45001220703125,50.93000030517578,465.8399963378906,50.790000915527344,462.3999938964844,50.790000915527344,462.3999938964844,2946.0,140728800.0
2021-08-03,50.97999954223633,465.3800048828125,50.97999954223633,466.2699890136719,50.93000030517578,463.8900146484375,50.93000030517578,464.4800109863281,82.0,146530700.0
2021-08-04,51.02000045776367,468.2200012207031,51.06999969482422,468.8399963378906,50.959999084472656,466.3500061035156,50.9900016784668,466.3500061035156,845.0,151184600.0
2021-08-05,51.04999923706055,469.9599914550781,51.11000061035156,470.2300109863281,51.02000045776367,467.92999267578125,51.02000045776367,467.9599914550781,120.0,165067700.0
2021-08-06,50.91999816894531,469.9700012207031,51.029998779296875,471.0299987792969,50.91999816894531,469.0799865722656,51.029998779296875,469.9100036621094,216.0,183897600.0
2021-08-09,50.95000076293945,470.67999267578125,51.0,471.05999755859375,50.95000076293945,469.6700134277344,51.0,469.8800048828125,79.0,139454300.0
2021-08-10,50.970001220703125,472.32000732421875,51.0099983215332,472.95001220703125,50.970001220703125,470.760009765625,50.970001220703125,470.760009765625,268.0,142429500.0
2021-08-11,50.939998626708984,474.32000732421875,50.95000076293945,474.82000732421875,50.93000030517578,472.1000061035156,50.95000076293945,472.44000244140625,939.0,166594000.0
2021-08-12,50.970001220703125,474.8399963378906,50.970001220703125,475.1300048828125,50.95000076293945,473.760009765625,50.959999084472656,473.760009765625,228.0,158400300.0
2021-08-13,50.970001220703125,475.8299865722656,50.97999954223633,476.1600036621094,50.91999816894531,474.6099853515625,50.97999954223633,474.6099853515625,254.0,132284600.0
2021-08-16,50.939998626708984,473.45001220703125,51.0,474.82000732421875,50.91999816894531,471.92999267578125,51.0,474.82000732421875,158.0,143893000.0
2021-08-17,50.959999084472656,473.7799987792969,51.0099983215332,474.25,50.959999084472656,470.7900085449219,51.0099983215332,472.79998779296875,4500.0,163320300.0
2021-08-18,51.0,474.4200134277344,51.0,474.6300048828125,50.97999954223633,473.1300048828125,50.97999954223633,473.9800109863281,491.0,171524200.0
2021-08-19,51.0099983215332,467.239990234375,51.02000045776367,472.4700012207031,51.0,463.3599853515625,51.0099983215332,472.4700012207031,41.0,185622300.0
2021-08-20,51.040000915527344,468.79998779296875,51.060001373291016,469.30999755859375,51.029998779296875,464.9200134277344,51.029998779296875,467.1400146484375,196.0,157285000.0
2021-08-23,50.970001220703125,471.8800048828125,51.029998779296875,472.2900085449219,50.95000076293945,469.5199890136719,51.029998779296875,470.17999267578125,94.0,136518300.0
2021-08-24,50.97999954223633,471.7900085449219,51.0099983215332,473.6600036621094,50.939998626708984,470.0299987792969,50.939998626708984,472.760009765625,826.0,128333700.0
2021-08-25,50.7400016784668,471.8399963378906,50.95000076293945,472.5799865722656,50.7400016784668,471.2799987792969,50.95000076293945,471.75,44.0,124349200.0
2021-08-26,50.720001220703125,470.3399963378906,50.7400016784668,471.17999267578125,50.720001220703125,468.3800048828125,50.7400016784668,470.8699951171875,0.0,109337300.0
2021-08-27,50.75,472.3399963378906,50.75,472.3999938964844,50.70000076293945,469.4200134277344,50.72999954223633,470.0199890136719,1328.0,106395200.0
2021-08-30,50.79999923706055,472.67999267578125,50.79999923706055,473.1499938964844,50.70000076293945,471.95001220703125,50.72999954223633,472.4700012207031,97.0,42494100.0
2021-08-31,50.599998474121094,470.8800048828125,50.790000915527344,473.94000244140625,50.599998474121094,469.7200012207031,50.790000915527344,472.8500061035156,0.0,219326000.0
2021-09-01,50.560001373291016,473.1199951171875,50.59000015258789,475.1300048828125,50.5099983215332,471.739990234375,50.5099983215332,471.739990234375,1264.0,149151200.0
2021-09-02,50.59000015258789,474.6000061035156,50.63999938964844,474.80999755859375,50.56999969482422,472.8299865722656,50.56999969482422,472.95001220703125,1328.0,132415500.0
2021-09-03,50.529998779296875,471.92999267578125,50.619998931884766,474.6199951171875,50.4900016784668,470.010009765625,50.619998931884766,474.3699951171875,303.0,136043600.0
2021-09-06,50.560001373291016,475.19000244140625,50.560001373291016,475.6499938964844,50.47999954223633,471.739990234375,50.560001373291016,471.739990234375,889.0,89335200.0
2021-09-07,50.38999938964844,472.8699951171875,50.529998779296875,475.1000061035156,50.38999938964844,472.6199951171875,50.529998779296875,475.1000061035156,370.0,122852800.0
2021-09-08,50.41999816894531,467.8699951171875,50.47999954223633,472.67999267578125,50.40999984741211,466.44000244140625,50.40999984741211,472.67999267578125,596.0,163146700.0
2021-09-09,50.59000015258789,467.57000732421875,50.59000015258789,469.3299865722656,50.41999816894531,463.82000732421875,50.41999816894531,468.0899963378906,243.0,161995400.0
2021-09-10,50.4900016784668,466.3399963378906,50.59000015258789,469.1099853515625,50.4900016784668,465.760009765625,50.59000015258789,467.67999267578125,204.0,145355900.0
2021-09-13,50.47999954223633,467.69000244140625,50.52000045776367,470.0,50.470001220703125,466.4700012207031,50.470001220703125,466.4700012207031,15.0,143754800.0
2021-09-14,50.540000915527344,467.6499938964844,50.540000915527344,468.9800109863281,50.439998626708984,465.69000244140625,50.47999954223633,467.57000732421875,382.0,159937700.0
2021-09-15,50.43000030517578,463.9100036621094,50.5099983215332,468.0799865722656,50.43000030517578,463.9100036621094,50.5099983215332,467.67999267578125,51.0,189650400.0
2021-09-16,50.40999984741211,465.95001220703125,50.40999984741211,467.9800109863281,50.40999984741211,463.8999938964844,50.40999984741211,463.8999938964844,152.0,172691500.0
2021-09-17,50.380001068115234,461.8399963378906,50.380001068115234,469.7799987792969,50.310001373291016,461.2900085449219,50.380001068115234,465.94000244140625,8017.0,423202300.0
2021-09-20,50.43000030517578,454.1199951171875,50.43000030517578,458.94000244140625,50.43000030517578,450.25,50.43000030517578,458.94000244140625,0.0,234499600.0
2021-09-21,50.4900016784668,458.67999267578125,50.529998779296875,460.20001220703125,50.41999816894531,454.04998779296875,50.41999816894531,454.04998779296875,1026.0,189956700.0
2021-09-22,50.619998931884766,463.20001220703125,50.619998931884766,463.4100036621094,50.369998931884766,459.6099853515625,50.43000030517578,459.6099853515625,2349.0,167032300.0
2021-09-23,50.310001373291016,467.5,50.41999816894531,468.739990234375,50.310001373291016,464.4599914550781,50.41999816894531,464.4599914550781,267.0,176986100.0
2021-09-24,50.16999816894531,463.2900085449219,50.22999954223633,466.79998779296875,50.16999816894531,462.57000732421875,50.22999954223633,466.79998779296875,321.0,177412500.0
2021-09-27,50.15999984741211,462.4200134277344,50.20000076293945,466.7300109863281,50.119998931884766,461.94000244140625,50.20000076293945,464.45001220703125,384.0,208839600.0
2021-09-28,50.08000183105469,452.3500061035156,50.08000183105469,461.9800109863281,50.02000045776367,451.6700134277344,50.060001373291016,461.9800109863281,93.0,215549200.0
2021-09-29,50.11000061035156,455.0299987792969,50.16999816894531,457.5,50.11000061035156,453.1099853515625,50.11000061035156,453.1099853515625,18.0,202034200.0
2021-09-30,50.029998779296875,454.80999755859375,50.13999938964844,459.3500061035156,50.0,454.1099853515625,50.06999969482422,456.5400085449219,1398.0,228930100.0
2021-10-01,50.119998931884766,452.8999938964844,50.13999938964844,454.6199951171875,50.119998931884766,447.5400085449219,50.119998931884766,451.7300109863281,399.0,199635200.0
2021-10-04,50.099998474121094,450.7699890136719,50.150001525878906,454.5299987792969,50.099998474121094,450.0,50.150001525878906,452.1600036621094,395.0,177638100.0
2021-10-05,50.0099983215332,456.0299987792969,50.130001068115234,456.2099914550781,50.0099983215332,451.19000244140625,50.11000061035156,451.19000244140625,100.0,206035000.0
2021-10-06,49.98500061035156,451.3299865722656,49.994998931884766,454.45001220703125,49.93000030517578,446.25,49.93000030517578,454.45001220703125,280.0,229631300.0
2021-10-07,50.0099983215332,458.57000732421875,50.060001373291016,459.0199890136719,49.974998474121094,454.2900085449219,49.974998474121094,454.2900085449219,138.0,197653800.0
2021-10-08,49.8849983215332,457.2900085449219,49.95000076293945,458.94000244140625,49.8849983215332,456.489990234375,49.95000076293945,458.4599914550781,52.0,169603100.0
2021-10-11,49.77000045776367,457.5299987792969,49.82500076293945,457.54998779296875,49.77000045776367,454.6000061035156,49.82500076293945,457.1199951171875,297.0,167843700.0
2021-10-12,49.744998931884766,457.2099914550781,49.814998626708984,457.94000244140625,49.744998931884766,452.1600036621094,49.814998626708984,456.0,24.0,183477100.0
2021-10-13,49.869998931884766,460.3900146484375,49.869998931884766,461.0899963378906,49.77000045776367,455.2099914550781,49.77000045776367,456.94000244140625,474.0,214642100.0
2021-10-14,50.060001373291016,465.9200134277344,50.06999969482422,466.3599853515625,49.834999084472656,461.6499938964844,49.834999084472656,461.6499938964844,2822.0,186262500.0
2021-10-15,50.0099983215332,469.3900146484375,50.04999923706055,469.5199890136719,49.970001220703125,466.4700012207031,50.0099983215332,466.7099914550781,852.0,220113800.0
2021-10-18,49.94499969482422,467.0400085449219,49.94499969482422,468.8999938964844,49.849998474121094,465.25,49.91999816894531,468.8999938964844,2956.0,156283100.0
2021-10-19,49.849998474121094,468.5799865722656,50.09000015258789,468.82000732421875,49.834999084472656,467.1400146484375,50.09000015258789,467.5799865722656,3539.0,165829900.0
2021-10-20,49.880001068115234,470.07000732421875,49.900001525878906,470.42999267578125,49.78499984741211,467.05999755859375,49.78499984741211,468.05999755859375,1183.0,170938400.0
2021-10-21,49.82500076293945,469.7099914550781,49.88999938964844,470.42999267578125,49.82500076293945,467.1099853515625,49.85499954223633,469.3299865722656,647.0,160049900.0
2021-10-22,49.79499816894531,471.8800048828125,49.79499816894531,473.32000732421875,49.7599983215332,469.9599914550781,49.7599983215332,469.9599914550781,5207.0,133348100.0
2021-10-25,49.8650016784668,472.2099914550781,49.88999938964844,472.79998779296875,49.79999923706055,471.260009765625,49.82500076293945,472.1600036621094,16438.0,159568700.0
2021-10-26,49.8650016784668,475.739990234375,49.93000030517578,476.05999755859375,49.83000183105469,472.3399963378906,49.83000183105469,472.3399963378906,17670.0,172533200.0
2021-10-27,50.08000183105469,474.0400085449219,50.099998474121094,475.42999267578125,49.875,473.32000732421875,49.900001525878906,475.3299865722656,18310.0,167669800.0
2021-10-28,49.974998474121094,475.1600036621094,50.040000915527344,475.1700134277344,49.915000915527344,473.0899963378906,49.9900016784668,473.7200012207031,4564.0,211968300.0
2021-10-29,49.72999954223633,475.510009765625,49.849998474121094,475.5799865722656,49.69499969482422,471.1300048828125,49.849998474121094,474.69000244140625,12219.0,223248400.0
2021-11-01,49.75,478.8699951171875,49.790000915527344,479.6199951171875,49.68000030517578,475.8699951171875,49.75,475.8699951171875,3174.0,199570000.0
2021-11-02,49.93000030517578,479.5299987792969,50.040000915527344,479.7099914550781,49.84000015258789,477.30999755859375,49.84000015258789,477.82000732421875,3200.0,211353800.0
2021-11-03,50.02000045776367,481.2200012207031,50.11000061035156,481.2200012207031,50.02000045776367,478.8999938964844,50.040000915527344,479.4200134277344,4347.0,179504200.0
2021-11-04,50.220001220703125,483.2099914550781,50.220001220703125,484.0299987792969,50.04999923706055,482.2099914550781,50.11000061035156,482.2099914550781,13402.0,242979700.0
2021-11-05,50.400001525878906,483.44000244140625,50.400001525878906,485.1300048828125,50.18000030517578,482.5199890136719,50.18000030517578,482.6000061035156,543.0,224684900.0
2021-11-08,50.279998779296875,483.6099853515625,50.38999938964844,484.4599914550781,50.279998779296875,482.9700012207031,50.38999938964844,483.1400146484375,3535.0,166739400.0
2021-11-09,50.540000915527344,482.7099914550781,50.540000915527344,485.0799865722656,50.279998779296875,482.25,50.279998779296875,482.82000732421875,2914.0,178571000.0
2021-11-10,50.27000045776367,483.760009765625,50.470001220703125,483.9800109863281,50.27000045776367,481.6000061035156,50.439998626708984,483.1400146484375,5165.0,202249800.0
2021-11-11,50.2400016784668,485.2900085449219,50.27000045776367,485.57000732421875,50.20000076293945,482.6700134277344,50.20000076293945,483.3500061035156,7801.0,165053900.0
2021-11-12,50.25,486.75,50.36000061035156,486.8800048828125,50.18000030517578,484.94000244140625,50.209999084472656,485.5299987792969,4936.0,185321200.0
2021-11-15,50.189998626708984,488.42999267578125,50.40999984741211,488.42999267578125,50.189998626708984,485.8900146484375,50.40999984741211,486.30999755859375,770.0,159857100.0
2021-11-16,50.15999984741211,489.2699890136719,50.16999816894531,490.45001220703125,50.119998931884766,488.7699890136719,50.16999816894531,489.54998779296875,1745.0,199826300.0
2021-11-17,50.119998931884766,489.95001220703125,50.130001068115234,490.5799865722656,50.08000183105469,489.19000244140625,50.130001068115234,489.55999755859375,501.0,204858100.0
2021-11-18,50.279998779296875,487.70001220703125,50.279998779296875,490.5299987792969,50.189998626708984,486.95001220703125,50.20000076293945,489.8699951171875,824.0,165366800.0
2021-11-19,50.45000076293945,486.0799865722656,50.47999954223633,489.79998779296875,50.25,485.010009765625,50.25,488.0,333.0,302761700.0
2021-11-22,50.290000915527344,485.4599914550781,50.439998626708984,488.1199951171875,50.290000915527344,484.95001220703125,50.41999816894531,487.010009765625,703.0,342848200.0
2021-11-23,50.040000915527344,479.25,50.2400016784668,483.6199951171875,50.040000915527344,477.92999267578125,50.2400016784668,483.6199951171875,197.0,256960400.0
2021-11-24,49.974998474121094,479.69000244140625,50.04999923706055,481.82000732421875,49.92499923706055,476.5899963378906,50.04999923706055,479.6700134277344,1171.0,310120500.0
2021-11-25,50.04999923706055,481.7200012207031,50.04999923706055,482.3999938964844,49.97999954223633,480.1700134277344,49.97999954223633,480.489990234375,743.0,205183200.0
2021-11-26,50.220001220703125,464.04998779296875,50.33000183105469,473.989990234375,50.150001525878906,463.69000244140625,50.220001220703125,473.989990234375,410.0,390449600.0
2021-11-29,50.220001220703125,467.239990234375,50.4900016784668,470.510009765625,50.18000030517578,466.2799987792969,50.4900016784668,466.7699890136719,881.0,242222800.0
2021-11-30,50.33000183105469,462.9599914550781,50.369998931884766,467.2799987792969,50.279998779296875,459.5400085449219,50.279998779296875,464.8299865722656,376.0,404631900.0
2021-12-01,50.29999923706055,470.8599853515625,50.36000061035156,471.8399963378906,50.27000045776367,464.1199951171875,50.290000915527344,464.1199951171875,4990.0,221116900.0
2021-12-02,50.43000030517578,465.44000244140625,50.459999084472656,468.4599914550781,50.290000915527344,462.3800048828125,50.290000915527344,468.4599914550781,2224.0,207153300.0
2021-12-03,50.4900016784668,462.7699890136719,50.4900016784668,468.989990234375,50.41999816894531,461.260009765625,50.41999816894531,466.5299987792969,314.0,207516500.0
2021-12-06,50.52000045776367,468.7099914550781,50.52000045776367,469.45001220703125,50.439998626708984,463.5299987792969,50.52000045776367,464.3299865722656,1448.0,175179200.0
2021-12-07,50.529998779296875,480.17999267578125,50.529998779296875,480.4700012207031,50.34000015258789,471.0,50.34000015258789,471.0,218.0,201123100.0
2021-12-08,50.310001373291016,477.3599853515625,50.54999923706055,482.6400146484375,50.310001373291016,477.30999755859375,50.52000045776367,479.7300109863281,2167.0,194179200.0
2021-12-09,50.400001525878906,476.989990234375,50.40999984741211,479.0,50.369998931884766,475.8299865722656,50.369998931884766,478.6600036621094,397.0,170101100.0
2021-12-10,50.43000030517578,475.55999755859375,50.459999084472656,477.9100036621094,50.349998474121094,474.5299987792969,50.459999084472656,475.9599914550781,999.0,147626900.0
2021-12-13,50.54999923706055,473.5299987792969,50.54999923706055,478.8800048828125,50.400001525878906,473.2799987792969,50.400001525878906,476.2799987792969,0.0,219812500.0
2021-12-14,50.5099983215332,469.55999755859375,50.58000183105469,476.3800048828125,50.5,469.5199890136719,50.540000915527344,474.5199890136719,4618.0,180280500.0
2021-12-15,50.5,470.760009765625,50.529998779296875,472.1400146484375,50.47999954223633,469.8399963378906,50.5,470.05999755859375,3919.0,191725400.0
2021-12-16,50.38999938964844,476.55999755859375,50.47999954223633,479.0400085449219,50.25,473.9200134277344,50.47999954223633,473.9200134277344,1356.0,249711400.0
2021-12-17,50.5,473.8999938964844,50.529998779296875,476.0400085449219,50.38999938964844,470.7300109863281,50.439998626708984,475.6300048828125,1066.0,347279200.0
2021-12-20,50.41999816894531,467.3500061035156,50.54999923706055,470.6400146484375,50.41999816894531,461.7900085449219,50.54999923706055,470.6400146484375,454.0,194878200.0
2021-12-21,50.209999084472656,473.989990234375,50.439998626708984,473.989990234375,50.209999084472656,469.25,50.43000030517578,469.25,3647.0,152815700.0
2021-12-22,50.150001525878906,478.3599853515625,50.20000076293945,478.3599853515625,50.150001525878906,473.80999755859375,50.20000076293945,474.760009765625,2401.0,124801200.0
2021-12-23,50.0099983215332,483.010009765625,50.09000015258789,483.3500061035156,49.97999954223633,478.8800048828125,50.09000015258789,478.95001220703125,6796.0,113140000.0
2021-12-24,49.974998474121094,,49.974998474121094,,49.974998474121094,,49.974998474121094,,0.0,
2021-12-27,49.95000076293945,485.489990234375,49.994998931884766,485.9100036621094,49.900001525878906,481.3299865722656,49.994998931884766,481.9100036621094,210.0,48618200.0
2021-12-28,49.94499969482422,488.5,49.94499969482422,488.8900146484375,49.90999984741211,485.760009765625,49.90999984741211,485.8399963378906,0.0,53497700.0
2021-12-29,49.755001068115234,487.9800109863281,49.900001525878906,490.1000061035156,49.755001068115234,486.4599914550781,49.900001525878906,488.8800048828125,1090.0,103045300.0
2021-12-30,49.724998474121094,488.7099914550781,49.79499816894531,489.9700012207031,49.724998474121094,488.05999755859375,49.76499938964844,488.1499938964844,521.0,83709500.0
2021-12-31,49.72999954223633,,49.72999954223633,,49.72999954223633,,49.72999954223633,,0.0,
2022-01-03,49.59000015258789,489.989990234375,49.76499938964844,491.42999267578125,49.59000015258789,488.2799987792969,49.76499938964844,488.2799987792969,509.0,80135100.0
2022-01-04,49.599998474121094,494.0199890136719,49.67499923706055,495.4599914550781,49.599998474121094,492.1000061035156,49.60499954223633,492.1000061035156,1479.0,205338100.0
2022-01-05,49.59000015258789,494.3500061035156,49.630001068115234,495.2699890136719,49.56999969482422,493.30999755859375,49.56999969482422,493.989990234375,1233.0,171862500.0
2022-01-06,49.5099983215332,488.1600036621094,49.5099983215332,491.7900085449219,49.435001373291016,486.2799987792969,49.5,491.7900085449219,1070.0,190008500.0
2022-01-07,49.42499923706055,486.25,49.540000915527344,488.2099914550781,49.42499923706055,484.1499938964844,49.470001220703125,487.9700012207031,1391.0,181192700.0
2022-01-10,49.45500183105469,479.0400085449219,49.4900016784668,488.2099914550781,49.39500045776367,477.8999938964844,49.39500045776367,487.5799865722656,11075.0,215567700.0
2022-01-11,49.38999938964844,483.0799865722656,49.470001220703125,484.9599914550781,49.38999938964844,480.7699890136719,49.404998779296875,480.7699890136719,5131.0,173064400.0
2022-01-12,49.505001068115234,486.20001220703125,49.51499938964844,487.17999267578125,49.380001068115234,483.6199951171875,49.380001068115234,485.1499938964844,2012.0,203144900.0
2022-01-13,49.60499954223633,486.04998779296875,49.60499954223633,487.45001220703125,49.45000076293945,484.3500061035156,49.45000076293945,485.67999267578125,234.0,181886000.0
2022-01-14,49.45500183105469,481.1600036621094,49.70000076293945,484.6300048828125,49.45500183105469,480.6499938964844,49.70000076293945,484.6300048828125,2361.0,191835400.0
2022-01-17,49.380001068115234,484.510009765625,49.470001220703125,485.17999267578125,49.380001068115234,481.6199951171875,49.470001220703125,482.07000732421875,4168.0,168189500.0
2022-01-18,49.334999084472656,479.7900085449219,49.3849983215332,483.6499938964844,49.32500076293945,477.5199890136719,49.349998474121094,483.6499938964844,364.0,213538400.0
2022-01-19,49.369998931884766,480.8999938964844,49.369998931884766,483.7300109863281,49.224998474121094,476.8999938964844,49.224998474121094,478.8800048828125,47752.0,217835600.0
2022-01-20,49.40999984741211,483.3500061035156,49.45000076293945,483.3999938964844,49.29999923706055,478.8999938964844,49.29999923706055,481.3999938964844,32676.0,194756500.0
2022-01-21,49.494998931884766,474.44000244140625,49.494998931884766,480.1400146484375,49.44499969482422,470.9599914550781,49.459999084472656,480.1400146484375,12756.0,213350700.0
2022-01-24,49.53499984741211,456.3599853515625,49.58000183105469,473.5400085449219,49.53499984741211,454.5199890136719,49.560001373291016,472.8999938964844,1842.0,293734700.0
2022-01-25,49.439998626708984,459.5899963378906,49.52000045776367,462.010009765625,49.439998626708984,455.9800109863281,49.52000045776367,458.8500061035156,4505.0,209564600.0
2022-01-26,49.3849983215332,467.30999755859375,49.45500183105469,470.1099853515625,49.380001068115234,461.29998779296875,49.435001373291016,461.29998779296875,3911.0,197522300.0
2022-01-27,49.400001525878906,470.3299865722656,49.400001525878906,472.42999267578125,49.25,460.45001220703125,49.279998779296875,464.9700012207031,1473.0,236929200.0
2022-01-28,49.31999969482422,465.54998779296875,49.345001220703125,469.7200012207031,49.21500015258789,460.2200012207031,49.32500076293945,469.6000061035156,2784.0,276683200.0
2022-01-31,49.165000915527344,468.8800048828125,49.28499984741211,471.29998779296875,49.11000061035156,466.6099853515625,49.28499984741211,468.1600036621094,9367.0,203824500.0
2022-02-01,49.06999969482422,474.8599853515625,49.19499969482422,475.739990234375,49.06999969482422,470.489990234375,49.08000183105469,470.489990234375,4959.0,192672900.0
2022-02-02,49.05500030517578,477.010009765625,49.15999984741211,478.8900146484375,49.01499938964844,476.80999755859375,49.084999084472656,476.8399963378906,994.0,190701900.0
2022-02-03,48.619998931884766,468.6300048828125,49.064998626708984,476.489990234375,48.619998931884766,468.3699951171875,49.01499938964844,476.489990234375,3681.0,223529400.0
2022-02-04,48.439998626708984,462.1499938964844,48.540000915527344,470.94000244140625,48.439998626708984,460.9700012207031,48.494998931884766,468.82000732421875,5350.0,223387000.0
2022-02-07,48.19499969482422,465.2799987792969,48.345001220703125,466.4200134277344,48.07500076293945,461.1400146484375,48.345001220703125,463.9800109863281,492.0,225916400.0
2022-02-08,48.060001373291016,465.3399963378906,48.275001525878906,469.1700134277344,48.060001373291016,463.489990234375,48.1349983215332,465.54998779296875,3051.0,211674400.0
2022-02-09,48.20000076293945,473.3299865722656,48.209999084472656,474.1000061035156,48.165000915527344,466.7799987792969,48.165000915527344,466.7799987792969,56.0,240861000.0
2022-02-10,47.89500045776367,472.3500061035156,48.29499816894531,475.8599853515625,47.89500045776367,469.8299865722656,48.14500045776367,473.8399963378906,4625.0,229938200.0
2022-02-11,47.849998474121094,469.57000732421875,47.97999954223633,471.4700012207031,47.849998474121094,466.44000244140625,47.974998474121094,470.1499938964844,35.0,213876500.0
2022-02-14,47.82500076293945,460.9599914550781,48.08000183105469,466.4700012207031,47.82500076293945,455.5,47.97999954223633,466.4700012207031,1101.0,254774400.0
2022-02-15,47.7400016784668,467.55999755859375,47.89500045776367,467.82000732421875,47.7400016784668,459.4800109863281,47.89500045776367,460.8399963378906,5367.0,200219400.0
2022-02-16,47.880001068115234,467.7699890136719,47.935001373291016,470.5299987792969,47.724998474121094,465.92999267578125,47.724998474121094,468.3399963378906,1616.0,86215200.0
2022-02-17,48.029998779296875,464.54998779296875,48.029998779296875,469.0899963378906,47.900001525878906,462.9100036621094,47.900001525878906,468.0400085449219,750.0,192689700.0
2022-02-18,48.084999084472656,460.80999755859375,48.084999084472656,466.3800048828125,48.01499938964844,459.9100036621094,48.01499938964844,464.6400146484375,2029.0,188149500.0
2022-02-21,47.994998931884766,454.80999755859375,48.0,463.6199951171875,47.994998931884766,452.05999755859375,48.0,461.8800048828125,59.0,175222500.0
2022-02-22,47.88999938964844,455.1199951171875,48.095001220703125,457.32000732421875,47.775001525878906,445.95001220703125,47.96500015258789,450.6499938964844,692.0,241968200.0
2022-02-23,47.93000030517578,453.8599853515625,47.93000030517578,460.42999267578125,47.810001373291016,453.4700012207031,47.810001373291016,455.55999755859375,1369.0,204391200.0
2022-02-24,47.970001220703125,438.9599914550781,48.06999969482422,448.5899963378906,47.970001220703125,434.04998779296875,48.06999969482422,448.5899963378906,165.0,450927300.0
2022-02-25,47.875,453.5299987792969,47.935001373291016,453.69000244140625,47.810001373291016,440.6300048828125,47.880001068115234,440.6300048828125,2290.0,337460500.0
2022-02-28,48.11000061035156,453.1099853515625,48.11000061035156,453.3999938964844,47.880001068115234,445.0,47.880001068115234,450.8999938964844,1302.0,381363800.0
2022-03-01,48.90999984741211,442.3699951171875,48.959999084472656,454.1199951171875,48.22999954223633,442.3699951171875,48.22999954223633,453.0,4252.0,341979600.0
2022-03-02,48.70000076293945,446.3299865722656,48.779998779296875,448.5299987792969,48.619998931884766,438.3399963378906,48.72999954223633,441.3999938964844,28505.0,336634300.0
2022-03-03,48.724998474121094,437.3599853515625,48.724998474121094,449.0400085449219,48.45500183105469,436.82000732421875,48.58000183105469,446.3999938964844,8388.0,328251700.0
2022-03-04,48.88999938964844,421.7799987792969,48.88999938964844,436.6099853515625,48.6349983215332,421.7799987792969,48.720001220703125,436.6099853515625,38257.0,420074300.0
2022-03-07,48.65999984741211,417.1300048828125,48.71500015258789,423.8999938964844,48.5099983215332,405.6099853515625,48.5099983215332,418.6700134277344,8323.0,531115800.0
2022-03-08,48.400001525878906,415.010009765625,48.599998474121094,424.3999938964844,48.29499816894531,413.0899963378906,48.599998474121094,414.4800109863281,3301.0,383780300.0
2022-03-09,48.099998474121094,434.45001220703125,48.3849983215332,434.45001220703125,48.025001525878906,418.4200134277344,48.3849983215332,418.4200134277344,15121.0,360464500.0
2022-03-10,47.72999954223633,427.1199951171875,47.75,434.7699890136719,47.61000061035156,424.1600036621094,47.75,434.6700134277344,19044.0,324844000.0
2022-03-11,47.79499816894531,431.1700134277344,47.79499816894531,438.8399963378906,47.61000061035156,426.25,47.61000061035156,427.8599853515625,3224.0,297498300.0
2022-03-14,47.39500045776367,436.3500061035156,47.56999969482422,439.3699951171875,47.39500045776367,432.0199890136719,47.56999969482422,432.0199890136719,1063.0,257826800.0
2022-03-15,47.595001220703125,435.1199951171875,47.595001220703125,436.4200134277344,47.459999084472656,426.80999755859375,47.48500061035156,433.4100036621094,507.0,233788100.0
2022-03-16,47.5099983215332,448.45001220703125,47.529998779296875,450.8299865722656,47.41999816894531,438.760009765625,47.41999816894531,438.760009765625,10458.0,395216900.0
2022-03-17,47.525001525878906,450.489990234375,47.57500076293945,451.42999267578125,47.439998626708984,446.3699951171875,47.46500015258789,449.1400146484375,14048.0,265680600.0
2022-03-18,47.564998626708984,454.6000061035156,47.64500045776367,454.6400146484375,47.52000045776367,446.4800109863281,47.52000045776367,451.19000244140625,4536.0,485452900.0
2022-03-21,47.33000183105469,454.7900085449219,47.494998931884766,456.1700134277344,47.33000183105469,453.8399963378906,47.494998931884766,454.5,1945.0,194632400.0
2022-03-22,47.17499923706055,458.6499938964844,47.21500015258789,459.04998779296875,47.150001525878906,455.17999267578125,47.21500015258789,455.17999267578125,4340.0,212626900.0
2022-03-23,47.279998779296875,454.0299987792969,47.279998779296875,459.9800109863281,47.20500183105469,453.1300048828125,47.20500183105469,459.3699951171875,3503.0,207357500.0
2022-03-24,47.15999984741211,453.07000732421875,47.310001373291016,455.7900085449219,47.099998474121094,452.25,47.310001373291016,454.5799865722656,9170.0,229208100.0
2022-03-25,47.060001373291016,453.54998779296875,47.25,456.3299865722656,46.88999938964844,451.9599914550781,47.18000030517578,453.2900085449219,3186.0,209777100.0
2022-03-28,47.0099983215332,454.1700134277344,47.0099983215332,459.0899963378906,46.97999954223633,453.5899963378906,46.97999954223633,453.5899963378906,292.0,208873300.0
2022-03-29,46.88999938964844,462.0899963378906,46.91999816894531,463.7900085449219,46.59000015258789,456.04998779296875,46.900001525878906,456.04998779296875,5326.0,286978000.0
2022-03-30,46.80500030517578,460.19000244140625,46.81999969482422,461.92999267578125,46.709999084472656,457.7900085449219,46.81999969482422,461.92999267578125,5507.0,252907000.0
2022-03-31,47.1150016784668,455.8599853515625,47.1150016784668,461.67999267578125,46.91999816894531,455.8599853515625,46.91999816894531,460.1099853515625,6441.0,250724600.0
2022-04-01,46.9900016784668,458.3399963378906,46.9900016784668,459.1600036621094,46.84000015258789,455.7099914550781,46.880001068115234,456.4599914550781,3740.0,211365600.0
2022-04-04,47.119998931884766,462.19000244140625,47.15999984741211,462.6499938964844,47.0099983215332,457.3900146484375,47.0099983215332,459.3599853515625,2958.0,199351900.0
2022-04-05,46.75,463.07000732421875,46.974998474121094,464.0899963378906,46.75,460.8999938964844,46.974998474121094,462.7900085449219,702.0,246136800.0
2022-04-06,46.61000061035156,455.9700012207031,46.630001068115234,462.739990234375,46.560001373291016,452.6400146484375,46.630001068115234,462.739990234375,9477.0,259871300.0
2022-04-07,46.52000045776367,455.0199890136719,46.654998779296875,460.5400085449219,46.38999938964844,454.7200012207031,46.654998779296875,456.510009765625,4894.0,243796600.0
2022-04-08,46.40999984741211,460.9700012207031,46.51499938964844,461.4100036621094,46.3650016784668,456.95001220703125,46.51499938964844,456.95001220703125,3590.0,216095300.0
2022-04-11,46.060001373291016,458.260009765625,46.290000915527344,461.05999755859375,46.060001373291016,456.739990234375,46.290000915527344,459.2799987792969,10300.0,192630800.0
2022-04-12,46.189998626708984,456.6499938964844,46.220001220703125,457.94000244140625,45.96500015258789,451.6499938964844,46.02000045776367,456.6300048828125,7941.0,203441700.0
2022-04-13,46.20500183105469,456.7799987792969,46.20500183105469,457.1400146484375,45.98500061035156,454.05999755859375,45.98500061035156,456.489990234375,12915.0,180007300.0
2022-04-14,46.03499984741211,459.82000732421875,46.13999938964844,460.3399963378906,46.03499984741211,456.2200012207031,46.13999938964844,456.989990234375,1880.0,209398400.0
2022-04-19,45.85499954223633,456.2799987792969,45.96500015258789,457.8999938964844,45.83000183105469,453.1199951171875,45.96500015258789,457.8999938964844,3070.0,190796800.0
2022-04-20,46.01499938964844,460.1000061035156,46.060001373291016,461.05999755859375,45.82500076293945,456.0199890136719,45.82500076293945,456.32000732421875,4568.0,239163300.0
2022-04-21,45.78499984741211,461.57000732421875,45.94499969482422,464.1099853515625,45.78499984741211,459.7099914550781,45.845001220703125,459.8699951171875,3713.0,187611900.0
2022-04-22,45.619998931884766,453.30999755859375,45.775001525878906,458.5199890136719,45.599998474121094,453.30999755859375,45.775001525878906,458.5199890136719,8299.0,196251800.0
2022-04-25,45.904998779296875,445.1099853515625,46.040000915527344,449.6400146484375,45.904998779296875,443.1499938964844,46.040000915527344,449.6400146484375,1348.0,202497000.0
2022-04-26,45.97999954223633,441.1000061035156,46.029998779296875,449.5899963378906,45.810001373291016,441.1000061035156,45.810001373291016,447.0400085449219,5048.0,226273500.0
2022-04-27,45.915000915527344,444.30999755859375,45.939998626708984,445.54998779296875,45.84000015258789,436.75,45.84000015258789,440.70001220703125,1767.0,234380100.0
2022-04-28,45.619998931884766,447.07000732421875,45.95000076293945,450.32000732421875,45.619998931884766,444.05999755859375,45.95000076293945,445.9100036621094,5145.0,216032700.0
2022-04-29,45.47999954223633,450.3900146484375,45.72999954223633,453.4200134277344,45.47999954223633,448.5299987792969,45.72999954223633,448.5299987792969,47340.0,224936600.0
2022-05-02,45.61000061035156,443.8299865722656,45.61000061035156,448.260009765625,45.3849983215332,437.0400085449219,45.3849983215332,448.260009765625,2309.0,102948700.0
2022-05-03,45.40999984741211,446.20001220703125,45.459999084472656,447.54998779296875,45.290000915527344,443.6199951171875,45.290000915527344,444.9599914550781,1433.0,247200700.0
2022-05-04,45.29499816894531,441.3699951171875,45.33000183105469,446.7200012207031,45.20500183105469,441.3699951171875,45.20500183105469,446.3399963378906,537.0,180693200.0
2022-05-05,45.130001068115234,438.260009765625,45.52000045776367,449.4800109863281,45.130001068115234,437.4599914550781,45.31999969482422,444.17999267578125,30365.0,236314500.0
2022-05-06,45.040000915527344,429.9100036621094,45.17499923706055,436.6400146484375,44.86000061035156,426.8599853515625,45.17499923706055,436.6400146484375,5495.0,254242700.0
2022-05-09,45.040000915527344,417.4599914550781,45.040000915527344,429.489990234375,44.70500183105469,417.4599914550781,44.8650016784668,428.54998779296875,3534.0,198606300.0
2022-05-10,44.959999084472656,420.2900085449219,45.279998779296875,425.4200134277344,44.880001068115234,418.6600036621094,44.880001068115234,418.6600036621094,3753.0,216174200.0
2022-05-11,45.33000183105469,427.5899963378906,45.33000183105469,427.5899963378906,44.96500015258789,419.45001220703125,45.14500045776367,421.82000732421875,1515.0,266261300.0
2022-05-12,45.91999816894531,424.3999938964844,45.91999816894531,426.239990234375,45.540000915527344,417.2699890136719,45.540000915527344,423.7699890136719,727.0,230970200.0
2022-05-13,45.564998626708984,433.4800109863281,45.630001068115234,433.4800109863281,45.564998626708984,425.7900085449219,45.59000015258789,425.7900085449219,1729.0,195677300.0
2022-05-16,45.5,433.6700134277344,45.5,434.1600036621094,45.290000915527344,429.95001220703125,45.494998931884766,432.45001220703125,571.0,176235900.0
2022-05-17,45.209999084472656,438.9700012207031,45.380001068115234,441.4599914550781,45.209999084472656,435.4800109863281,45.279998779296875,435.4800109863281,2574.0,194437200.0
2022-05-18,45.29999923706055,433.95001220703125,45.314998626708984,440.239990234375,45.220001220703125,433.9200134277344,45.220001220703125,439.2799987792969,2369.0,195206600.0
2022-05-19,45.35499954223633,427.67999267578125,45.47999954223633,431.57000732421875,45.255001068115234,423.4599914550781,45.255001068115234,431.57000732421875,2055.0,221132100.0
2022-05-20,45.35499954223633,431.1000061035156,45.40999984741211,435.5199890136719,45.189998626708984,429.2799987792969,45.27000045776367,429.2799987792969,3906.0,195740800.0
2022-05-23,45.18000030517578,436.5400085449219,45.36000061035156,436.5799865722656,45.18000030517578,431.6000061035156,45.26499938964844,432.8500061035156,4436.0,186505300.0
2022-05-24,45.310001373291016,431.5799865722656,45.310001373291016,434.760009765625,45.11000061035156,430.80999755859375,45.18000030517578,434.760009765625,3665.0,229540500.0
2022-05-25,45.20000076293945,434.30999755859375,45.32500076293945,435.8299865722656,45.16999816894531,431.1700134277344,45.16999816894531,432.9700012207031,2187.0,193400600.0
2022-05-26,45.185001373291016,,45.27000045776367,,45.185001373291016,,45.27000045776367,,10.0,
2022-05-27,45.345001220703125,443.92999267578125,45.415000915527344,444.07000732421875,45.25,438.3500061035156,45.29499816894531,438.57000732421875,2731.0,178923500.0
2022-05-30,45.08000183105469,446.57000732421875,45.095001220703125,447.7900085449219,45.029998779296875,444.7200012207031,45.095001220703125,444.7200012207031,19.0,197518400.0
2022-05-31,44.849998474121094,443.3500061035156,44.9900016784668,446.3699951171875,44.849998474121094,442.70001220703125,44.97999954223633,446.0199890136719,1640.0,405170300.0
2022-06-01,44.755001068115234,438.7200012207031,44.78499984741211,445.2900085449219,44.625,438.5400085449219,44.77000045776367,443.6199951171875,1481.0,181519200.0
2022-06-02,44.40999984741211,441.2300109863281,44.599998474121094,441.5400085449219,44.40999984741211,439.5400085449219,44.59000015258789,439.5400085449219,4102.0,65824900.0
2022-06-03,44.30500030517578,440.0899963378906,44.4900016784668,443.3699951171875,44.290000915527344,439.69000244140625,44.4900016784668,442.4100036621094,1222.0,66030900.0
2022-06-06,44.18000030517578,,44.400001525878906,,44.18000030517578,,44.400001525878906,,317.0,
2022-06-07,44.36000061035156,442.8800048828125,44.36000061035156,443.25,44.20000076293945,440.2300109863281,44.20000076293945,442.8699951171875,1233.0,173940400.0
2022-06-08,44.1349983215332,440.3699951171875,44.20500183105469,444.3699951171875,44.060001373291016,438.19000244140625,44.20500183105469,443.6600036621094,4469.0,175654800.0
2022-06-09,43.79499816894531,434.3800048828125,44.095001220703125,439.5,43.79499816894531,433.5199890136719,44.095001220703125,439.04998779296875,670.0,189537200.0
2022-06-10,43.494998931884766,422.7099914550781,43.88999938964844,433.2900085449219,43.494998931884766,422.010009765625,43.71500015258789,433.2900085449219,764.0,251063000.0
2022-06-13,42.994998931884766,412.5199890136719,43.32500076293945,420.75,42.994998931884766,411.3399963378906,43.32500076293945,420.75,387.0,246353900.0
2022-06-14,42.810001373291016,407.32000732421875,43.08000183105469,416.6099853515625,42.5099983215332,407.32000732421875,42.82500076293945,414.010009765625,2513.0,214260400.0
2022-06-15,42.86000061035156,413.1000061035156,43.10499954223633,415.29998779296875,42.525001525878906,407.6000061035156,42.70500183105469,408.1199951171875,1169.0,252655700.0
2022-06-16,42.96500015258789,402.8800048828125,43.0099983215332,412.5899963378906,42.529998779296875,402.05999755859375,42.994998931884766,412.5899963378906,2311.0,255521500.0
2022-06-17,43.220001220703125,403.25,43.220001220703125,409.1499938964844,42.900001525878906,401.9200134277344,42.900001525878906,403.3699951171875,185.0,449955000.0
2022-06-20,42.810001373291016,407.1400146484375,43.08000183105469,407.1400146484375,42.775001525878906,402.1099853515625,43.025001525878906,403.3800048828125,3400.0,159595300.0
2022-06-21,42.69499969482422,408.5799865722656,42.869998931884766,411.7699890136719,42.69499969482422,407.4100036621094,42.834999084472656,407.4100036621094,3519.0,156175000.0
2022-06-22,42.88999938964844,405.739990234375,43.22999954223633,408.8399963378906,42.880001068115234,401.25,42.880001068115234,408.8399963378906,4671.0,238934700.0
2022-06-23,43.60499954223633,402.3999938964844,43.60499954223633,406.260009765625,43.05500030517578,400.0299987792969,43.05500030517578,404.4200134277344,468.0,206583900.0
2022-06-24,43.66999816894531,412.92999267578125,43.69499969482422,413.2099914550781,43.43000030517578,402.94000244140625,43.67499923706055,402.94000244140625,578.0,195935300.0
2022-06-27,43.380001068115234,415.0899963378906,43.53499984741211,418.5799865722656,43.334999084472656,413.05999755859375,43.53499984741211,413.5199890136719,1080.0,184783200.0
2022-06-28,43.125,416.19000244140625,43.27000045776367,419.20001220703125,43.05500030517578,415.9100036621094,43.27000045776367,416.0400085449219,5314.0,172989400.0
2022-06-29,43.459999084472656,413.4200134277344,43.459999084472656,414.6300048828125,43.189998626708984,409.9700012207031,43.189998626708984,414.6300048828125,2095.0,173268300.0
2022-06-30,44.02000045776367,407.20001220703125,44.02000045776367,411.9599914550781,43.5099983215332,404.2799987792969,43.5099983215332,411.9599914550781,1147.0,246809000.0
2022-07-01,44.26499938964844,407.1300048828125,44.29999923706055,409.489990234375,43.584999084472656,402.6000061035156,43.76499938964844,405.8900146484375,3290.0,179088600.0
2022-07-04,43.82500076293945,409.30999755859375,44.064998626708984,411.44000244140625,43.709999084472656,408.8699951171875,44.064998626708984,408.92999267578125,2990.0,129211800.0
2022-07-05,44.25,400.67999267578125,44.25,411.510009765625,43.84000015258789,400.5,43.875,410.19000244140625,578.0,238391200.0
2022-07-06,44.40999984741211,407.3399963378906,44.6150016784668,409.239990234375,44.14500045776367,402.20001220703125,44.14500045776367,402.20001220703125,3991.0,225177200.0
2022-07-07,44.084999084472656,415.010009765625,44.220001220703125,415.3900146484375,43.96500015258789,409.4200134277344,44.185001373291016,409.4200134277344,11448.0,235417800.0
2022-07-08,44.0,417.1199951171875,44.20000076293945,417.5,44.0,412.5899963378906,44.084999084472656,414.8599853515625,8023.0,168000900.0
2022-07-11,44.255001068115234,415.0199890136719,44.3650016784668,416.19000244140625,44.07500076293945,410.8299865722656,44.07500076293945,415.010009765625,7804.0,164869200.0
2022-07-12,44.60499954223633,417.0400085449219,44.61000061035156,417.1400146484375,44.30500030517578,411.3599853515625,44.30500030517578,414.4599914550781,2692.0,227743400.0
2022-07-13,44.79999923706055,412.80999755859375,44.79999923706055,416.9100036621094,44.334999084472656,409.29998779296875,44.7400016784668,416.9100036621094,1202.0,188702800.0
2022-07-14,44.650001525878906,406.5,44.650001525878906,412.6600036621094,44.154998779296875,404.7799987792969,44.3849983215332,412.55999755859375,1224.0,223596600.0
2022-07-15,44.52000045776367,413.7799987792969,44.52000045776367,414.0,44.380001068115234,406.5199890136719,44.505001068115234,407.4100036621094,6060.0,215572100.0
2022-07-18,44.29999923706055,417.6300048828125,44.29999923706055,420.0,44.21500015258789,414.7300109863281,44.279998779296875,414.7300109863281,2317.0,173023200.0
2022-07-19,44.31999969482422,423.4100036621094,44.3650016784668,423.8699951171875,44.09000015258789,414.6099853515625,44.3650016784668,416.17999267578125,11557.0,190114400.0
2022-07-20,44.279998779296875,422.510009765625,44.40999984741211,425.6300048828125,44.150001525878906,420.8399963378906,44.189998626708984,423.57000732421875,3866.0,231469200.0
2022-07-21,44.5,424.3900146484375,44.5,424.3900146484375,43.959999084472656,420.0299987792969,44.165000915527344,422.1700134277344,727.0,240787800.0
2022-07-22,45.099998474121094,425.7099914550781,45.099998474121094,427.8500061035156,44.310001373291016,423.1300048828125,44.310001373291016,424.2900085449219,13395.0,182361500.0
2022-07-25,44.90999984741211,426.25,44.90999984741211,427.2200012207031,44.70500183105469,423.2699890136719,44.77000045776367,425.0400085449219,1790.0,168468600.0
2022-07-26,45.119998931884766,426.1300048828125,45.119998931884766,427.45001220703125,44.92499923706055,425.2799987792969,44.92499923706055,426.20001220703125,434.0,172785800.0
2022-07-27,45.05500030517578,428.1199951171875,45.09000015258789,429.25,44.959999084472656,426.6499938964844,44.959999084472656,426.7300109863281,1673.0,223830200.0
2022-07-28,45.51499938964844,432.7699890136719,45.51499938964844,432.7699890136719,44.86000061035156,428.3399963378906,44.86000061035156,429.5199890136719,1037.0,202954200.0
2022-07-29,45.63999938964844,438.2900085449219,45.63999938964844,439.010009765625,45.29499816894531,433.55999755859375,45.39500045776367,433.55999755859375,707.0,227464400.0
2022-08-01,46.0099983215332,,46.0099983215332,,45.45000076293945,,45.54499816894531,,2952.0,
2022-08-02,46.02000045776367,436.07000732421875,46.02000045776367,436.9200134277344,45.67499923706055,433.5199890136719,45.8849983215332,436.42999267578125,2621.0,159653500.0
2022-08-03,45.52000045776367,438.2900085449219,45.630001068115234,438.4700012207031,45.39500045776367,434.79998779296875,45.630001068115234,435.7900085449219,542.0,208196200.0
2022-08-04,45.69499969482422,439.05999755859375,45.69499969482422,441.80999755859375,45.54999923706055,438.0400085449219,45.54999923706055,438.1300048828125,9102.0,198772800.0
2022-08-05,45.36000061035156,435.7200012207031,45.724998474121094,439.42999267578125,45.36000061035156,435.0799865722656,45.724998474121094,439.1099853515625,673.0,156128900.0
2022-08-08,45.459999084472656,438.92999267578125,45.46500015258789,441.010009765625,45.41999816894531,437.0,45.44499969482422,437.0,8108.0,141862900.0
2022-08-09,45.36000061035156,435.9800109863281,45.4900016784668,438.9100036621094,45.27000045776367,435.4700012207031,45.4900016784668,438.5400085449219,1961.0,147616000.0
2022-08-10,45.4900016784668,439.8800048828125,45.4900016784668,440.2799987792969,45.334999084472656,433.8699951171875,45.48500061035156,435.7200012207031,1124.0,167160400.0
2022-08-11,45.29999923706055,440.1600036621094,45.470001220703125,441.9200134277344,45.2400016784668,439.2900085449219,45.40999984741211,440.92999267578125,4197.0,147771900.0
2022-08-12,45.189998626708984,440.8699951171875,45.275001525878906,442.260009765625,45.154998779296875,439.5199890136719,45.154998779296875,440.5199890136719,894.0,150799600.0
2022-08-15,45.45500183105469,442.3500061035156,45.45500183105469,443.05999755859375,45.189998626708984,440.05999755859375,45.189998626708984,441.6499938964844,1645.0,131723200.0
2022-08-16,45.16999816894531,443.07000732421875,45.3849983215332,444.4599914550781,45.119998931884766,441.8699951171875,45.3849983215332,443.0299987792969,7399.0,140196800.0
2022-08-17,44.779998779296875,439.0299987792969,45.119998931884766,444.3999938964844,44.720001220703125,438.4200134277344,45.119998931884766,443.7099914550781,632.0,139352100.0
2022-08-18,44.709999084472656,440.760009765625,44.849998474121094,441.1600036621094,44.66999816894531,437.7699890136719,44.67499923706055,438.29998779296875,1792.0,142291900.0
2022-08-19,44.314998626708984,437.3599853515625,44.459999084472656,440.4800109863281,44.290000915527344,437.07000732421875,44.459999084472656,440.05999755859375,730.0,174701500.0
2022-08-22,44.064998626708984,433.1700134277344,44.42499923706055,437.0799865722656,44.064998626708984,431.6600036621094,44.42499923706055,437.0799865722656,3438.0,159538100.0
2022-08-23,44.01499938964844,431.3500061035156,44.165000915527344,433.6600036621094,43.849998474121094,430.4700012207031,44.119998931884766,433.0299987792969,22056.0,161273300.0
2022-08-24,43.95000076293945,432.04998779296875,43.95000076293945,432.8999938964844,43.779998779296875,428.4700012207031,43.810001373291016,431.0400085449219,17424.0,140802500.0
2022-08-25,44.02000045776367,433.3599853515625,44.029998779296875,435.57000732421875,43.83000183105469,431.760009765625,44.0099983215332,432.95001220703125,9543.0,132811700.0
2022-08-26,43.755001068115234,426.0899963378906,44.084999084472656,435.70001220703125,43.75,425.55999755859375,44.084999084472656,434.0400085449219,275.0,160759400.0
2022-08-29,43.3650016784668,422.6499938964844,43.56999969482422,424.95001220703125,43.3650016784668,420.5,43.439998626708984,424.95001220703125,36368.0,76892200.0
2022-08-30,43.68000030517578,419.80999755859375,43.68000030517578,426.9100036621094,43.38999938964844,418.739990234375,43.38999938964844,423.2200012207031,1536.0,215839500.0
2022-08-31,43.33000183105469,415.1199951171875,43.505001068115234,421.510009765625,43.16999816894531,415.1199951171875,43.505001068115234,420.4800109863281,1832.0,263717900.0
2022-09-01,43.43000030517578,407.6600036621094,43.43000030517578,414.4700012207031,43.07500076293945,407.0899963378906,43.07500076293945,414.4700012207031,4077.0,176903100.0
2022-09-02,43.290000915527344,415.9700012207031,43.404998779296875,416.1700134277344,43.125,408.8900146484375,43.224998474121094,408.8900146484375,6708.0,186424700.0
2022-09-05,43.18000030517578,413.3900146484375,43.31999969482422,415.20001220703125,43.07500076293945,408.1000061035156,43.31999969482422,415.20001220703125,2323.0,159033900.0
2022-09-06,43.38999938964844,414.3800048828125,43.400001525878906,416.8699951171875,43.11000061035156,411.739990234375,43.13999938964844,413.239990234375,2528.0,173747800.0
2022-09-07,43.5,412.010009765625,43.5,413.2200012207031,43.099998474121094,409.5199890136719,43.099998474121094,413.2200012207031,6381.0,232724900.0
2022-09-08,43.15999984741211,414.0899963378906,43.44499969482422,414.7900085449219,43.15999984741211,408.25,43.44499969482422,412.95001220703125,2079.0,204855000.0
2022-09-09,43.05500030517578,420.3699951171875,43.16999816894531,421.6400146484375,42.79499816894531,414.19000244140625,42.89500045776367,414.19000244140625,12546.0,194035500.0
2022-09-12,43.400001525878906,427.75,43.400001525878906,428.5299987792969,42.88999938964844,420.3599853515625,42.88999938964844,420.3599853515625,4332.0,207691300.0
2022-09-13,42.9900016784668,421.1300048828125,43.165000915527344,430.4700012207031,42.880001068115234,421.1300048828125,43.15999984741211,427.92999267578125,8244.0,204850500.0
2022-09-14,42.994998931884766,417.510009765625,42.994998931884766,420.75,42.814998626708984,415.7699890136719,42.95500183105469,420.6499938964844,6121.0,223431100.0
2022-09-15,42.84000015258789,414.7799987792969,42.915000915527344,419.7099914550781,42.84000015258789,414.0400085449219,42.85499954223633,417.2799987792969,1180.0,214889800.0
2022-09-16,42.84000015258789,408.239990234375,42.84000015258789,412.8299865722656,42.72999954223633,407.9800109863281,42.744998931884766,412.8299865722656,6713.0,515570300.0
2022-09-19,42.71500015258789,407.8699951171875,42.849998474121094,409.1499938964844,42.71500015258789,404.0799865722656,42.849998474121094,408.3500061035156,197.0,90969800.0
2022-09-20,42.38999938964844,403.4200134277344,42.66999816894531,411.7699890136719,42.36000061035156,402.8500061035156,42.66999816894531,408.2799987792969,8131.0,232930300.0
2022-09-21,42.5,407.04998779296875,42.5099983215332,407.1499938964844,42.45000076293945,401.7200012207031,42.4900016784668,403.79998779296875,1533.0,258136600.0
2022-09-22,42.369998931884766,399.760009765625,42.68000030517578,406.19000244140625,42.334999084472656,399.54998779296875,42.334999084472656,405.3999938964844,3487.0,205641800.0
2022-09-23,42.1349983215332,390.3999938964844,42.46500015258789,399.70001220703125,41.900001525878906,388.3999938964844,42.334999084472656,399.69000244140625,3124.0,240251300.0
2022-09-26,41.6150016784668,388.75,41.915000915527344,391.7099914550781,41.6150016784668,385.6099853515625,41.80500030517578,388.6400146484375,265.0,241223700.0
2022-09-27,41.66999816894531,388.239990234375,41.875,393.70001220703125,41.66999816894531,388.239990234375,41.69499969482422,389.32000732421875,2002.0,259907500.0
2022-09-28,41.90999984741211,389.4100036621094,41.90999984741211,389.70001220703125,41.1150016784668,380.7200012207031,41.33000183105469,386.9200134277344,2555.0,309105000.0
2022-09-29,41.68000030517578,382.8900146484375,41.68000030517578,388.8999938964844,41.19499969482422,380.0400085449219,41.5,388.8999938964844,2517.0,253090000.0
2022-09-30,41.90999984741211,387.8500061035156,41.90999984741211,388.45001220703125,41.654998779296875,383.70001220703125,41.685001373291016,383.70001220703125,2222.0,259046000.0
2022-10-03,42.29499816894531,390.8299865722656,42.29499816894531,391.30999755859375,41.529998779296875,381.5400085449219,41.66999816894531,386.42999267578125,3747.0,242704100.0
2022-10-04,42.38999938964844,403.0299987792969,42.4900016784668,403.0299987792969,42.3650016784668,392.79998779296875,42.3650016784668,392.79998779296875,1200.0,243123100.0
2022-10-05,41.98500061035156,398.9100036621094,42.224998474121094,402.9100036621094,41.98500061035156,397.2799987792969,42.224998474121094,402.9100036621094,8386.0,190580200.0
2022-10-06,41.880001068115234,396.3500061035156,41.939998626708984,402.1199951171875,41.744998931884766,395.1300048828125,41.875,400.1000061035156,7853.0,203257700.0
2022-10-07,41.435001373291016,391.6700134277344,41.724998474121094,397.4599914550781,41.435001373291016,391.3599853515625,41.6150016784668,395.70001220703125,526.0,178925800.0
2022-10-10,41.2400016784668,390.1199951171875,41.53499984741211,393.2300109863281,41.19499969482422,388.239990234375,41.48500061035156,391.0199890136719,10234.0,191191800.0
2022-10-11,41.33000183105469,387.95001220703125,41.33000183105469,389.6400146484375,41.13999938964844,384.7900085449219,41.26499938964844,389.19000244140625,1216.0,193206500.0
2022-10-12,41.310001373291016,385.8800048828125,41.310001373291016,389.70001220703125,40.8650016784668,384.0799865722656,41.185001373291016,387.260009765625,855.0,207425900.0
2022-10-13,41.529998779296875,389.1499938964844,41.529998779296875,389.94000244140625,41.099998474121094,379.7200012207031,41.099998474121094,385.1099853515625,433.0,249566000.0
2022-10-14,41.310001373291016,391.30999755859375,41.474998474121094,397.95001220703125,41.03499984741211,390.79998779296875,41.474998474121094,390.8699951171875,553.0,214342900.0
2022-10-17,41.255001068115234,398.4800109863281,41.48500061035156,400.0799865722656,41.1349983215332,390.42999267578125,41.2400016784668,391.79998779296875,3152.0,197397200.0
2022-10-18,41.244998931884766,399.8399963378906,41.349998474121094,404.0799865722656,41.13999938964844,398.3599853515625,41.189998626708984,398.3599853515625,13125.0,224735100.0
2022-10-19,41.099998474121094,397.7300109863281,41.18000030517578,400.9100036621094,41.084999084472656,397.260009765625,41.125,399.8999938964844,9451.0,170325900.0
2022-10-20,41.08000183105469,398.7699890136719,41.1150016784668,400.0299987792969,40.89500045776367,394.8599853515625,40.89500045776367,396.9800109863281,2497.0,216590100.0
2022-10-21,40.994998931884766,396.2900085449219,41.0,397.69000244140625,40.779998779296875,391.1000061035156,40.845001220703125,397.2200012207031,948.0,197920200.0
2022-10-24,41.220001220703125,401.8399963378906,41.470001220703125,404.32000732421875,41.21500015258789,397.2799987792969,41.244998931884766,398.4599914550781,9399.0,176785300.0
2022-10-25,42.02000045776367,407.6099853515625,42.02000045776367,407.6600036621094,41.46500015258789,401.20001220703125,41.46500015258789,402.8399963378906,735.0,182087000.0
2022-10-26,41.83000183105469,410.30999755859375,41.83000183105469,410.3299865722656,41.584999084472656,405.30999755859375,41.73500061035156,407.55999755859375,1138.0,235909500.0
2022-10-27,42.560001373291016,410.19000244140625,42.560001373291016,411.4100036621094,41.71500015258789,406.4599914550781,41.71500015258789,409.6300048828125,854.0,232912100.0
2022-10-28,41.994998931884766,410.760009765625,42.095001220703125,410.9200134277344,41.875,405.6700134277344,42.095001220703125,408.55999755859375,1171.0,178317800.0
2022-10-31,41.80500030517578,412.20001220703125,41.8849983215332,413.1600036621094,41.744998931884766,409.8800048828125,41.84000015258789,411.29998779296875,2126.0,197588900.0
2022-11-01,41.82500076293945,414.6099853515625,42.0099983215332,418.4200134277344,41.810001373291016,413.30999755859375,42.0099983215332,413.30999755859375,495.0,209201500.0
2022-11-02,41.86000061035156,413.3900146484375,41.869998931884766,416.8299865722656,41.82500076293945,413.1099853515625,41.834999084472656,415.2900085449219,2150.0,191925100.0
2022-11-03,41.279998779296875,409.54998779296875,41.57500076293945,411.20001220703125,41.279998779296875,405.95001220703125,41.52000045776367,411.20001220703125,3616.0,186872600.0
2022-11-04,41.7400016784668,416.9800109863281,41.7400016784668,419.44000244140625,41.435001373291016,410.9100036621094,41.58000183105469,410.9100036621094,14340.0,240358600.0
2022-11-07,41.435001373291016,418.3399963378906,41.55500030517578,419.739990234375,41.33000183105469,414.67999267578125,41.33000183105469,416.25,5839.0,208126900.0
2022-11-08,41.599998474121094,421.6099853515625,41.60499954223633,421.9599914550781,41.310001373291016,416.3500061035156,41.310001373291016,417.6099853515625,4323.0,226900200.0
2022-11-09,41.81999969482422,420.3399963378906,41.81999969482422,421.3399963378906,41.6150016784668,418.04998779296875,41.689998626708984,420.8399963378906,2108.0,166969800.0
2022-11-10,42.52000045776367,431.8900146484375,42.52000045776367,432.489990234375,41.80500030517578,418.54998779296875,41.82500076293945,419.260009765625,4948.0,259435000.0
2022-11-11,41.994998931884766,432.260009765625,42.20000076293945,435.2200012207031,41.959999084472656,431.510009765625,42.14500045776367,433.3900146484375,878.0,252101000.0
2022-11-14,42.029998779296875,432.8599853515625,42.165000915527344,435.6499938964844,42.0099983215332,432.3800048828125,42.0099983215332,432.67999267578125,561.0,180936100.0
2022-11-15,42.279998779296875,434.44000244140625,42.279998779296875,436.4100036621094,42.060001373291016,432.2300109863281,42.060001373291016,433.0299987792969,894.0,218419800.0
2022-11-16,42.494998931884766,430.1700134277344,42.5099983215332,434.3999938964844,42.220001220703125,429.54998779296875,42.22999954223633,433.8500061035156,10836.0,193479900.0
2022-11-17,42.369998931884766,428.3800048828125,42.60499954223633,432.45001220703125,42.3650016784668,425.70001220703125,42.595001220703125,430.7799987792969,11028.0,175797800.0
2022-11-18,42.595001220703125,433.3299865722656,42.595001220703125,433.8399963378906,42.31999969482422,429.82000732421875,42.39500045776367,430.0299987792969,3394.0,211857700.0
2022-11-21,42.54499816894531,433.05999755859375,42.625,434.3800048828125,42.42499923706055,431.8999938964844,42.56999969482422,432.8500061035156,611.0,166286500.0
2022-11-22,42.584999084472656,436.2200012207031,42.599998474121094,436.9100036621094,42.43000030517578,432.8800048828125,42.45500183105469,433.3900146484375,8337.0,160077200.0
2022-11-23,42.8849983215332,438.82000732421875,42.8849983215332,439.19000244140625,42.47999954223633,435.55999755859375,42.47999954223633,436.3699951171875,1939.0,185290700.0
2022-11-24,43.040000915527344,440.8399963378906,43.040000915527344,441.6199951171875,42.880001068115234,438.25,42.880001068115234,438.3999938964844,1086.0,134094500.0
2022-11-25,42.689998626708984,440.7300109863281,42.875,441.6000061035156,42.685001373291016,439.6700134277344,42.875,440.30999755859375,511.0,134208200.0
2022-11-28,42.630001068115234,437.8500061035156,42.73500061035156,439.8299865722656,42.54499816894531,436.5,42.73500061035156,439.5400085449219,3495.0,167137200.0
2022-11-29,42.86000061035156,437.2900085449219,42.869998931884766,440.1600036621094,42.86000061035156,437.0199890136719,42.869998931884766,438.760009765625,5565.0,174354100.0
2022-11-30,42.66999816894531,440.0400085449219,42.78499984741211,441.1300048828125,42.66999816894531,438.010009765625,42.70500183105469,438.010009765625,5992.0,384804300.0
2022-12-01,43.165000915527344,443.9599914550781,43.189998626708984,445.04998779296875,42.939998626708984,441.55999755859375,42.939998626708984,441.55999755859375,3099.0,216047200.0
2022-12-02,43.13999938964844,443.2900085449219,43.2599983215332,444.45001220703125,42.80500030517578,439.42999267578125,43.16999816894531,442.80999755859375,724.0,169889800.0
2022-12-05,43.119998931884766,441.4700012207031,43.165000915527344,443.3599853515625,43.09000015258789,440.92999267578125,43.09000015258789,442.94000244140625,88363.0,140024700.0
2022-12-06,43.290000915527344,438.9200134277344,43.290000915527344,441.489990234375,43.04499816894531,437.5199890136719,43.04499816894531,440.94000244140625,23691.0,195377700.0
2022-12-07,43.34000015258789,436.20001220703125,43.34000015258789,438.739990234375,43.165000915527344,435.3900146484375,43.32500076293945,438.0299987792969,7368.0,171431100.0
2022-12-08,43.209999084472656,435.4700012207031,43.349998474121094,436.510009765625,43.209999084472656,434.1199951171875,43.275001525878906,436.1400146484375,2591.0,148453600.0
2022-12-09,42.869998931884766,439.1300048828125,43.06999969482422,439.30999755859375,42.869998931884766,434.94000244140625,43.06999969482422,436.3800048828125,5550.0,181476400.0
2022-12-12,42.8849983215332,436.9800109863281,43.06999969482422,438.0,42.8849983215332,435.6700134277344,42.994998931884766,437.8800048828125,5137.0,151523900.0
2022-12-13,43.290000915527344,442.6000061035156,43.43000030517578,447.1099853515625,42.8650016784668,436.4700012207031,42.880001068115234,437.2900085449219,2287.0,202447400.0
2022-12-14,42.8849983215332,442.510009765625,42.98500061035156,442.6700134277344,42.79999923706055,439.5299987792969,42.959999084472656,441.7900085449219,6502.0,181895600.0
2022-12-15,42.470001220703125,429.9100036621094,42.900001525878906,440.1499938964844,42.470001220703125,429.5,42.84000015258789,440.1499938964844,1767.0,211069000.0
2022-12-16,41.83000183105469,424.739990234375,42.19499969482422,429.8900146484375,41.83000183105469,423.4100036621094,42.18000030517578,429.30999755859375,5514.0,447213700.0
2022-12-19,42.04499816894531,425.8699951171875,42.08000183105469,427.75,42.005001068115234,425.3800048828125,42.08000183105469,425.3800048828125,1006.0,141440100.0
2022-12-20,41.77000045776367,424.17999267578125,41.845001220703125,425.510009765625,41.77000045776367,421.55999755859375,41.845001220703125,424.1199951171875,4438.0,185547300.0
2022-12-21,41.83000183105469,431.44000244140625,42.005001068115234,431.4599914550781,41.75,425.3299865722656,41.779998779296875,425.3299865722656,20293.0,149092200.0
2022-12-22,41.70000076293945,427.260009765625,41.81999969482422,433.510009765625,41.61000061035156,426.79998779296875,41.76499938964844,431.4200134277344,771.0,118343000.0
2022-12-23,41.6150016784668,427.45001220703125,41.625,429.4200134277344,41.53499984741211,426.1199951171875,41.625,427.30999755859375,7315.0,83403600.0
2022-12-27,41.3849983215332,428.0,41.720001220703125,429.9700012207031,41.369998931884766,427.7799987792969,41.720001220703125,428.2799987792969,12902.0,48798300.0
2022-12-28,41.369998931884766,427.4599914550781,41.4900016784668,430.510009765625,41.34000015258789,427.2200012207031,41.34000015258789,428.5299987792969,11712.0,99511000.0
2022-12-29,41.48500061035156,430.3500061035156,41.4900016784668,430.4800109863281,41.40999984741211,425.1000061035156,41.40999984741211,426.8399963378906,147.0,98912900.0
2022-12-30,41.21500015258789,424.8900146484375,41.435001373291016,430.0199890136719,41.21500015258789,424.8399963378906,41.435001373291016,430.0199890136719,51.0,87460500.0
2023-01-02,41.58000183105469,,41.58000183105469,,41.290000915527344,,41.290000915527344,,50.0,
2023-01-03,41.79499816894531,434.17999267578125,41.834999084472656,436.8800048828125,41.474998474121094,430.010009765625,41.474998474121094,430.010009765625,10873.0,198500700.0
2023-01-04,42.27000045776367,440.19000244140625,42.27000045776367,440.3399963378906,41.79999923706055,435.04998779296875,41.79999923706055,435.04998779296875,513.0,213062300.0
2023-01-05,41.70000076293945,439.3299865722656,41.94499969482422,440.9800109863281,41.70000076293945,438.260009765625,41.82500076293945,439.4200134277344,47250.0,182943300.0
2023-01-06,41.81999969482422,444.4200134277344,41.900001525878906,444.4200134277344,41.80500030517578,438.8699951171875,41.8849983215332,439.75,3101.0,176931000.0
2023-01-09,42.11000061035156,448.3500061035156,42.11000061035156,449.0799865722656,41.935001373291016,445.3900146484375,42.04999923706055,445.3900146484375,3828.0,215292200.0
2023-01-10,41.84000015258789,445.7099914550781,41.974998474121094,446.6300048828125,41.84000015258789,444.5,41.970001220703125,446.6300048828125,9563.0,195824500.0
2023-01-11,42.2400016784668,447.4100036621094,42.2400016784668,448.8599853515625,42.064998626708984,445.70001220703125,42.064998626708984,445.8399963378906,7465.0,225476100.0
2023-01-12,42.439998626708984,450.2200012207031,42.56999969482422,451.7699890136719,42.34000015258789,447.7900085449219,42.34000015258789,447.7900085449219,862.0,210100000.0
2023-01-13,42.40999984741211,452.5400085449219,42.51499938964844,453.239990234375,42.369998931884766,450.20001220703125,42.369998931884766,450.20001220703125,2842.0,182402000.0
2023-01-16,42.400001525878906,454.6300048828125,42.400001525878906,454.82000732421875,42.2599983215332,452.6700134277344,42.35499954223633,453.20001220703125,12515.0,160334000.0
2023-01-17,42.869998931884766,456.4599914550781,42.869998931884766,457.44000244140625,42.150001525878906,453.2900085449219,42.290000915527344,454.4100036621094,49570.0,224159800.0
2023-01-18,42.77000045776367,457.5299987792969,42.94499969482422,459.29998779296875,42.58000183105469,456.510009765625,42.63999938964844,456.510009765625,15735.0,208454200.0
2023-01-19,42.7400016784668,450.45001220703125,42.875,455.5799865722656,42.529998779296875,449.92999267578125,42.845001220703125,455.5799865722656,3050.0,206247100.0
2023-01-20,42.38999938964844,452.1199951171875,42.59000015258789,452.489990234375,42.36000061035156,450.489990234375,42.59000015258789,450.67999267578125,2998.0,191045200.0
2023-01-23,42.28499984741211,454.489990234375,42.310001373291016,454.9200134277344,42.209999084472656,451.8599853515625,42.310001373291016,451.8599853515625,1179.0,150174000.0
2023-01-24,42.45500183105469,453.3800048828125,42.45500183105469,455.9800109863281,42.23500061035156,451.80999755859375,42.255001068115234,455.0899963378906,751.0,171257600.0
2023-01-25,42.380001068115234,452.07000732421875,42.560001373291016,453.4200134277344,42.36000061035156,449.7799987792969,42.439998626708984,453.17999267578125,2578.0,166004300.0
2023-01-26,42.224998474121094,453.9800109863281,42.48500061035156,455.5199890136719,42.224998474121094,453.239990234375,42.41999816894531,453.239990234375,5715.0,210781500.0
2023-01-27,42.185001373291016,455.1700134277344,42.20500183105469,455.5199890136719,42.099998474121094,453.05999755859375,42.20500183105469,454.1499938964844,2659.0,177713500.0
2023-01-30,41.970001220703125,454.3999938964844,42.064998626708984,454.760009765625,41.95000076293945,451.2699890136719,42.064998626708984,453.9599914550781,1513.0,236525300.0
2023-01-31,42.064998626708984,453.2099914550781,42.084999084472656,453.9800109863281,41.96500015258789,449.7300109863281,42.084999084472656,453.82000732421875,788.0,229658200.0
2023-02-01,42.08000183105469,453.0899963378906,42.13999938964844,455.4700012207031,42.029998779296875,452.1600036621094,42.04499816894531,453.7200012207031,19327.0,230645100.0
2023-02-02,42.77000045776367,459.20001220703125,42.775001525878906,459.3900146484375,42.165000915527344,453.6300048828125,42.165000915527344,453.6300048828125,1852.0,288481800.0
2023-02-03,42.474998474121094,460.7699890136719,42.665000915527344,460.7699890136719,42.46500015258789,456.5199890136719,42.665000915527344,457.8599853515625,8981.0,226721500.0
2023-02-06,42.21500015258789,457.1600036621094,42.30500030517578,460.1499938964844,42.15999984741211,455.239990234375,42.30500030517578,460.1499938964844,1749.0,195252200.0
2023-02-07,42.07500076293945,458.19000244140625,42.165000915527344,458.739990234375,42.07500076293945,456.70001220703125,42.15999984741211,457.79998779296875,6640.0,208191000.0
2023-02-08,42.064998626708984,459.4599914550781,42.06999969482422,462.760009765625,41.98500061035156,459.4100036621094,42.040000915527344,459.5400085449219,4341.0,196577500.0
2023-02-09,42.11000061035156,462.30999755859375,42.26499938964844,464.80999755859375,42.11000061035156,460.8999938964844,42.15999984741211,460.8999938964844,3073.0,252928500.0
2023-02-10,41.98500061035156,457.8900146484375,42.08000183105469,460.9599914550781,41.98500061035156,455.2200012207031,42.005001068115234,460.9599914550781,2001.0,218777400.0
2023-02-13,42.005001068115234,462.0299987792969,42.04999923706055,462.1099853515625,41.88999938964844,458.2300109863281,41.88999938964844,458.2300109863281,12235.0,155363300.0
2023-02-14,41.84000015258789,462.3999938964844,42.06999969482422,466.1099853515625,41.84000015258789,461.55999755859375,42.03499984741211,462.5199890136719,5927.0,184988200.0
2023-02-15,41.630001068115234,464.3599853515625,41.8849983215332,464.8699951171875,41.630001068115234,460.6400146484375,41.79499816894531,461.3599853515625,1132.0,198299100.0
2023-02-16,41.70000076293945,465.239990234375,41.70500183105469,467.8599853515625,41.630001068115234,462.54998779296875,41.70500183105469,465.54998779296875,1307.0,204130200.0
2023-02-17,41.779998779296875,464.29998779296875,41.779998779296875,465.3999938964844,41.45000076293945,459.54998779296875,41.45000076293945,463.44000244140625,2673.0,269664200.0
2023-02-20,41.619998931884766,464.6400146484375,41.77000045776367,465.760009765625,41.619998931884766,463.55999755859375,41.7400016784668,465.1499938964844,23129.0,168220400.0
2023-02-21,41.39500045776367,463.7699890136719,41.6349983215332,464.79998779296875,41.39500045776367,459.8599853515625,41.6349983215332,464.17999267578125,3500.0,203533900.0
2023-02-22,41.470001220703125,462.2200012207031,41.470001220703125,463.3399963378906,41.375,458.9700012207031,41.439998626708984,463.3399963378906,923.0,199433300.0
2023-02-23,41.6349983215332,462.5,41.6349983215332,464.94000244140625,41.415000915527344,462.3500061035156,41.45500183105469,462.3500061035156,1426.0,211828700.0
2023-02-24,41.41999816894531,457.70001220703125,41.685001373291016,464.6000061035156,41.279998779296875,457.4200134277344,41.685001373291016,462.94000244140625,4375.0,228049400.0
2023-02-27,41.29499816894531,462.5799865722656,41.439998626708984,464.2200012207031,41.25,458.44000244140625,41.439998626708984,458.44000244140625,2936.0,179142500.0
2023-02-28,41.154998779296875,461.1099853515625,41.20500183105469,463.4100036621094,40.97999954223633,460.05999755859375,41.084999084472656,461.6700134277344,710.0,295314300.0
2023-03-01,40.95000076293945,457.67999267578125,41.05500030517578,462.739990234375,40.91999816894531,457.0199890136719,40.959999084472656,460.5299987792969,4582.0,238490700.0
2023-03-02,40.93000030517578,460.0199890136719,40.96500015258789,460.20001220703125,40.85499954223633,454.6000061035156,40.85499954223633,456.5799865722656,1122.0,192853000.0
2023-03-03,41.03499984741211,464.260009765625,41.1150016784668,464.57000732421875,40.95000076293945,461.1099853515625,40.95000076293945,461.1099853515625,1518.0,174267800.0
2023-03-06,40.95000076293945,464.17999267578125,41.18000030517578,465.95001220703125,40.95000076293945,462.8900146484375,41.11000061035156,465.1300048828125,12139.0,174884100.0
2023-03-07,41.11000061035156,460.6000061035156,41.165000915527344,465.6400146484375,40.9900016784668,460.510009765625,40.9900016784668,464.1400146484375,7205.0,198444100.0
2023-03-08,41.189998626708984,460.989990234375,41.189998626708984,461.5299987792969,40.97999954223633,458.9599914550781,40.97999954223633,459.8399963378906,3282.0,177416700.0
2023-03-09,41.165000915527344,459.9800109863281,41.17499923706055,461.0,41.03499984741211,457.5899963378906,41.03499984741211,460.3599853515625,790.0,185995900.0
2023-03-10,41.4900016784668,453.760009765625,41.6349983215332,457.54998779296875,41.39500045776367,451.20001220703125,41.4900016784668,457.54998779296875,2261.0,247532600.0
2023-03-13,41.95000076293945,442.79998779296875,42.17499923706055,453.3800048828125,41.57500076293945,440.2900085449219,41.57500076293945,453.3800048828125,5816.0,351230200.0
2023-03-14,41.459999084472656,449.55999755859375,42.099998474121094,450.2699890136719,41.459999084472656,441.6099853515625,42.099998474121094,443.4800109863281,1144.0,247119800.0
2023-03-15,42.2599983215332,436.45001220703125,42.27000045776367,449.19000244140625,41.415000915527344,435.7300109863281,41.435001373291016,449.19000244140625,8008.0,381287300.0
2023-03-16,41.98500061035156,441.6400146484375,42.20000076293945,442.739990234375,41.474998474121094,433.94000244140625,41.93000030517578,437.4800109863281,48194.0,324579400.0
2023-03-17,42.20500183105469,436.30999755859375,42.279998779296875,446.9100036621094,41.90999984741211,434.6199951171875,41.94499969482422,443.1400146484375,1904.0,522609600.0
2023-03-20,42.2400016784668,440.6000061035156,42.47999954223633,442.32000732421875,42.13999938964844,427.7699890136719,42.47999954223633,435.04998779296875,30162.0,329129900.0
2023-03-21,42.09000015258789,446.4700012207031,42.25,448.57000732421875,42.029998779296875,441.8500061035156,42.25,441.8500061035156,2810.0,227368800.0
2023-03-22,41.915000915527344,447.1600036621094,41.935001373291016,448.8800048828125,41.80500030517578,445.6600036621094,41.935001373291016,446.8900146484375,1130.0,208084900.0
2023-03-23,42.22999954223633,446.2200012207031,42.2400016784668,447.0299987792969,41.994998931884766,442.510009765625,42.064998626708984,446.010009765625,1577.0,235125600.0
2023-03-24,42.28499984741211,440.1099853515625,42.57500076293945,445.3699951171875,42.28499984741211,437.0799865722656,42.34000015258789,445.3699951171875,1003.0,256865500.0
2023-03-27,42.13999938964844,444.7200012207031,42.220001220703125,446.260009765625,42.119998931884766,440.82000732421875,42.19499969482422,440.82000732421875,941.0,152463600.0
2023-03-28,41.974998474121094,444.45001220703125,42.07500076293945,448.1700134277344,41.92499923706055,443.4100036621094,42.02000045776367,445.3399963378906,2166.0,224632900.0
2023-03-29,41.97999954223633,450.2099914550781,42.09000015258789,450.239990234375,41.915000915527344,444.69000244140625,41.915000915527344,444.69000244140625,4100.0,179362900.0
2023-03-30,41.8650016784668,454.8399963378906,42.209999084472656,455.54998779296875,41.845001220703125,450.4800109863281,42.209999084472656,450.4800109863281,6177.0,196009900.0
2023-03-31,42.005001068115234,457.8399963378906,42.005001068115234,458.7099914550781,41.80500030517578,454.510009765625,41.810001373291016,455.1400146484375,2678.0,218381500.0
2023-04-03,42.220001220703125,457.7200012207031,42.224998474121094,459.04998779296875,41.88999938964844,457.1000061035156,41.904998779296875,457.8299865722656,6168.0,196214600.0
2023-04-04,42.17499923706055,457.3399963378906,42.220001220703125,460.8999938964844,42.025001525878906,457.1700134277344,42.130001068115234,458.0199890136719,13807.0,179750900.0
2023-04-05,42.36000061035156,456.5899963378906,42.41999816894531,457.7200012207031,42.01499938964844,455.55999755859375,42.095001220703125,457.1499938964844,10186.0,175917900.0
2023-04-06,42.369998931884766,458.94000244140625,42.45500183105469,459.29998779296875,42.310001373291016,456.3900146484375,42.310001373291016,456.3900146484375,677.0,151178000.0
2023-04-11,42.0099983215332,461.7900085449219,42.20000076293945,462.7300109863281,42.0,459.3999938964844,42.11000061035156,459.3999938964844,8268.0,202259900.0
2023-04-12,41.880001068115234,462.3800048828125,42.21500015258789,465.6199951171875,41.845001220703125,461.4800109863281,42.040000915527344,461.5199890136719,3265.0,188097400.0
2023-04-13,41.915000915527344,464.2099914550781,42.005001068115234,464.5400085449219,41.875,462.75,42.005001068115234,462.7799987792969,299.0,175369000.0
2023-04-14,41.790000915527344,466.9100036621094,41.875,468.04998779296875,41.744998931884766,464.30999755859375,41.834999084472656,464.30999755859375,2125.0,194560600.0
2023-04-17,41.70000076293945,466.8399963378906,41.75,468.95001220703125,41.67499923706055,466.54998779296875,41.75,467.3299865722656,661.0,166950500.0
2023-04-18,41.68000030517578,468.6199951171875,41.775001525878906,469.80999755859375,41.6349983215332,466.7699890136719,41.650001525878906,466.7699890136719,1842.0,155868000.0
2023-04-19,41.61000061035156,468.1300048828125,41.61000061035156,468.7099914550781,41.560001373291016,466.510009765625,41.584999084472656,468.7099914550781,1385.0,184775900.0
2023-04-20,41.744998931884766,467.42999267578125,41.744998931884766,467.8599853515625,41.625,466.0400085449219,41.69499969482422,467.7099914550781,869.0,209741800.0
2023-04-21,41.59000015258789,469.0,41.7599983215332,469.0,41.59000015258789,465.82000732421875,41.7599983215332,467.3800048828125,1314.0,208297500.0
2023-04-24,41.58000183105469,468.9700012207031,41.70000076293945,469.6400146484375,41.58000183105469,467.3299865722656,41.70000076293945,468.3299865722656,1762.0,162760500.0
2023-04-25,41.84000015258789,467.0799865722656,41.90999984741211,468.32000732421875,41.665000915527344,465.9700012207031,41.665000915527344,468.32000732421875,13084.0,177789500.0
2023-04-26,41.84000015258789,463.2099914550781,41.96500015258789,466.3900146484375,41.790000915527344,461.2099914550781,41.94499969482422,466.3900146484375,401.0,218974700.0
2023-04-27,41.70500183105469,464.0299987792969,41.814998626708984,464.989990234375,41.68000030517578,462.239990234375,41.77000045776367,462.7900085449219,709.0,181130500.0
2023-04-28,42.064998626708984,466.6400146484375,42.064998626708984,466.6400146484375,41.71500015258789,461.3999938964844,41.71500015258789,464.1400146484375,3209.0,234537800.0
2023-05-02,42.220001220703125,461.0799865722656,42.220001220703125,467.8299865722656,41.81999969482422,460.8500061035156,41.81999969482422,466.5199890136719,2709.0,219175100.0
2023-05-03,42.130001068115234,462.510009765625,42.16999816894531,463.5799865722656,42.130001068115234,461.760009765625,42.130001068115234,461.760009765625,5987.0,210720100.0
2023-05-04,42.314998626708984,460.3399963378906,42.314998626708984,461.3800048828125,42.01499938964844,458.0,42.09000015258789,459.9800109863281,648.0,197066500.0
2023-05-05,42.060001373291016,465.30999755859375,42.185001373291016,465.3399963378906,42.04999923706055,460.19000244140625,42.185001373291016,460.19000244140625,24195.0,179943500.0
2023-05-08,42.029998779296875,466.94000244140625,42.1150016784668,467.29998779296875,41.92499923706055,465.2900085449219,42.1150016784668,465.5,6570.0,84803300.0
2023-05-09,41.95000076293945,465.4100036621094,42.084999084472656,466.989990234375,41.95000076293945,462.9800109863281,42.01499938964844,466.989990234375,2676.0,207861900.0
2023-05-10,42.03499984741211,463.6400146484375,42.099998474121094,466.0299987792969,41.88999938964844,462.3999938964844,41.88999938964844,465.44000244140625,794.0,207812400.0
2023-05-11,42.27000045776367,463.6199951171875,42.34000015258789,466.8299865722656,42.099998474121094,461.20001220703125,42.14500045776367,463.2099914550781,6909.0,209074200.0
2023-05-12,42.13999938964844,465.489990234375,42.275001525878906,467.04998779296875,42.13999938964844,463.5199890136719,42.16999816894531,463.5199890136719,2575.0,167464600.0
2023-05-15,42.0099983215332,466.6700134277344,42.04999923706055,467.57000732421875,42.0099983215332,465.3500061035156,42.04999923706055,465.3900146484375,2866.0,157779000.0
2023-05-16,41.93000030517578,464.70001220703125,42.15999984741211,467.1400146484375,41.93000030517578,464.0299987792969,42.125,466.07000732421875,2476.0,213459500.0
2023-05-17,41.95000076293945,463.9800109863281,42.06999969482422,465.1600036621094,41.91999816894531,462.2099914550781,41.91999816894531,464.260009765625,32243.0,162778400.0
2023-05-18,41.654998779296875,,41.85499954223633,,41.834999084472656,,41.85499954223633,,5264.0,
2023-05-19,41.76499938964844,468.8500061035156,41.76499938964844,470.45001220703125,41.584999084472656,466.17999267578125,41.665000915527344,466.17999267578125,9194.0,176850300.0
2023-05-22,41.70000076293945,468.9100036621094,41.77000045776367,469.8399963378906,41.68000030517578,467.8399963378906,41.77000045776367,468.6499938964844,11305.0,212204000.0
2023-05-23,41.64500045776367,466.1000061035156,41.650001525878906,468.6000061035156,41.584999084472656,466.05999755859375,41.60499954223633,468.6000061035156,10905.0,153561500.0
2023-05-24,41.68000030517578,457.6499938964844,41.71500015258789,465.760009765625,41.564998626708984,456.1000061035156,41.564998626708984,465.760009765625,16702.0,217912600.0
2023-05-25,41.625,456.17999267578125,41.70500183105469,458.7200012207031,41.595001220703125,456.1300048828125,41.599998474121094,457.95001220703125,16717.0,177595000.0
2023-05-26,41.47999954223633,461.4100036621094,41.560001373291016,462.3699951171875,41.47999954223633,455.8500061035156,41.51499938964844,456.55999755859375,1591.0,187415200.0
2023-05-29,41.79999923706055,,41.755001068115234,,41.564998626708984,,41.564998626708984,,219.0,
2023-05-30,41.9900016784668,456.6300048828125,41.9900016784668,461.7200012207031,41.80500030517578,456.260009765625,41.80500030517578,460.75,8122.0,181350000.0
2023-05-31,42.11000061035156,451.760009765625,42.209999084472656,456.20001220703125,42.07500076293945,451.25,42.130001068115234,456.1700134277344,24596.0,553879200.0
2023-06-01,42.20500183105469,455.2699890136719,42.20500183105469,456.17999267578125,42.07500076293945,452.42999267578125,42.099998474121094,452.42999267578125,497.0,201949300.0
2023-06-02,42.17499923706055,462.1499938964844,42.20000076293945,462.3599853515625,42.17499923706055,455.3800048828125,42.20000076293945,455.3800048828125,9089.0,194306800.0
2023-06-05,42.025001525878906,459.92999267578125,42.099998474121094,463.2099914550781,41.95000076293945,459.55999755859375,42.0,461.79998779296875,10079.0,160642200.0
2023-06-06,41.98500061035156,461.67999267578125,42.10499954223633,462.1099853515625,41.98500061035156,459.2699890136719,41.9900016784668,460.3599853515625,556.0,173685500.0
2023-06-07,41.81999969482422,460.79998779296875,42.03499984741211,462.5199890136719,41.81999969482422,460.3999938964844,42.029998779296875,461.9200134277344,9661.0,165937800.0
2023-06-08,41.900001525878906,460.70001220703125,41.95500183105469,461.3800048828125,41.79499816894531,459.67999267578125,41.79999923706055,460.0,8557.0,153567300.0
2023-06-09,42.029998779296875,460.010009765625,42.029998779296875,461.8399963378906,41.939998626708984,458.5799865722656,41.939998626708984,461.0799865722656,26840.0,143629100.0
2023-06-12,42.025001525878906,460.7300109863281,42.20500183105469,462.8699951171875,42.025001525878906,460.2900085449219,42.04999923706055,460.2900085449219,3295.0,153407600.0
2023-06-13,41.93000030517578,463.2699890136719,42.150001525878906,463.75,41.93000030517578,460.489990234375,42.064998626708984,460.9100036621094,4237.0,198425800.0
2023-06-14,41.91999816894531,464.94000244140625,41.935001373291016,466.3500061035156,41.89500045776367,463.1099853515625,41.89500045776367,463.5199890136719,6189.0,197712800.0
2023-06-15,41.779998779296875,464.3299865722656,41.935001373291016,464.4599914550781,41.75,461.1199951171875,41.775001525878906,464.42999267578125,1863.0,185661000.0
2023-06-16,41.959999084472656,466.79998779296875,42.0,468.25,41.72999954223633,464.6600036621094,41.7400016784668,464.6600036621094,9962.0,438930700.0
2023-06-19,41.790000915527344,462.0400085449219,42.0099983215332,466.42999267578125,41.78499984741211,461.57000732421875,42.0099983215332,466.42999267578125,3461.0,127331700.0
2023-06-20,42.03499984741211,459.32000732421875,42.03499984741211,461.9100036621094,41.790000915527344,459.25,41.85499954223633,461.6499938964844,6131.0,146670900.0
2023-06-21,41.97999954223633,457.010009765625,42.01499938964844,459.4200134277344,41.92499923706055,456.6099853515625,41.92499923706055,459.3699951171875,1076.0,150107300.0
2023-06-22,41.79999923706055,454.70001220703125,41.974998474121094,454.70001220703125,41.79999923706055,450.94000244140625,41.974998474121094,454.6600036621094,2847.0,173651400.0
2023-06-23,42.17499923706055,453.1400146484375,42.18000030517578,455.2200012207031,41.880001068115234,451.79998779296875,41.880001068115234,453.8900146484375,6123.0,162975900.0
2023-06-26,42.244998931884766,452.67999267578125,42.28499984741211,453.75,42.084999084472656,450.1600036621094,42.119998931884766,453.1499938964844,39739.0,178983700.0
2023-06-27,42.08000183105469,452.8999938964844,42.22999954223633,454.7799987792969,42.08000183105469,450.510009765625,42.189998626708984,452.9100036621094,2947.0,155082800.0
2023-06-28,42.18000030517578,456.04998779296875,42.20000076293945,456.3900146484375,42.130001068115234,453.45001220703125,42.130001068115234,453.45001220703125,318.0,167907900.0
2023-06-29,41.959999084472656,456.6400146484375,42.119998931884766,457.55999755859375,41.93000030517578,455.6000061035156,42.119998931884766,456.1499938964844,7489.0,147298100.0
2023-06-30,42.06999969482422,461.92999267578125,42.06999969482422,462.7699890136719,41.95500183105469,456.95001220703125,41.95500183105469,457.1099853515625,9779.0,185979500.0
2023-07-03,41.98500061035156,460.9800109863281,42.10499954223633,463.94000244140625,41.939998626708984,460.8500061035156,42.10499954223633,461.8900146484375,7051.0,141827300.0
2023-07-04,41.904998779296875,461.29998779296875,41.91999816894531,462.29998779296875,41.849998474121094,461.05999755859375,41.849998474121094,461.07000732421875,1603.0,140087400.0
2023-07-05,41.880001068115234,457.94000244140625,41.95500183105469,460.82000732421875,41.880001068115234,457.2699890136719,41.88999938964844,460.82000732421875,20928.0,160390000.0
2023-07-06,41.47999954223633,447.2200012207031,41.79999923706055,457.6300048828125,41.47999954223633,446.4100036621094,41.77000045776367,457.6300048828125,1274.0,183720600.0
2023-07-07,41.53499984741211,447.6499938964844,41.54499816894531,449.6300048828125,41.41999816894531,444.9100036621094,41.52000045776367,447.4100036621094,11154.0,132135300.0
2023-07-10,41.505001068115234,448.4700012207031,41.505001068115234,449.6400146484375,41.459999084472656,446.04998779296875,41.474998474121094,447.29998779296875,1345.0,109739200.0
2023-07-11,41.470001220703125,451.7200012207031,41.59000015258789,452.29998779296875,41.470001220703125,448.80999755859375,41.59000015258789,449.1700134277344,9573.0,154514000.0
2023-07-12,41.7599983215332,458.5400085449219,41.7599983215332,458.9200134277344,41.53499984741211,451.9200134277344,41.53499984741211,451.9200134277344,11523.0,205566900.0
2023-07-13,41.959999084472656,461.3599853515625,42.02000045776367,462.6099853515625,41.82500076293945,458.7099914550781,41.82500076293945,458.7099914550781,2470.0,146640500.0
2023-07-14,41.915000915527344,460.8299865722656,41.98500061035156,462.4599914550781,41.92499923706055,460.239990234375,41.92499923706055,460.5299987792969,1230.0,151740200.0
2023-07-17,41.959999084472656,457.9200134277344,41.959999084472656,460.20001220703125,41.92499923706055,457.4200134277344,41.92499923706055,460.20001220703125,700.0,111349200.0
2023-07-18,42.279998779296875,460.760009765625,42.279998779296875,461.1499938964844,42.029998779296875,457.5400085449219,42.029998779296875,457.8599853515625,179.0,126715200.0
2023-07-19,42.10499954223633,461.9700012207031,42.41999816894531,463.5799865722656,42.10499954223633,460.4100036621094,42.41999816894531,460.4100036621094,3904.0,184164900.0
2023-07-20,42.029998779296875,463.92999267578125,42.154998779296875,464.1700134277344,42.029998779296875,460.92999267578125,42.154998779296875,461.80999755859375,1864.0,156467200.0
2023-07-21,42.095001220703125,465.3999938964844,42.095001220703125,465.3999938964844,41.994998931884766,463.2699890136719,41.994998931884766,464.07000732421875,345.0,138369600.0
2023-07-24,42.21500015258789,465.67999267578125,42.279998779296875,466.239990234375,42.064998626708984,463.7099914550781,42.064998626708984,465.0,8038.0,128295000.0
2023-07-25,42.15999984741211,467.9200134277344,42.16999816894531,468.2799987792969,42.10499954223633,465.0799865722656,42.11000061035156,465.6600036621094,13772.0,119136500.0
2023-07-26,42.025001525878906,465.4599914550781,42.150001525878906,468.1400146484375,42.025001525878906,462.2900085449219,42.1150016784668,468.1400146484375,2675.0,179281300.0
2023-07-27,42.154998779296875,471.739990234375,42.19499969482422,472.69000244140625,42.060001373291016,465.67999267578125,42.08000183105469,465.67999267578125,6125.0,217780300.0
2023-07-28,42.095001220703125,470.7799987792969,42.095001220703125,471.6000061035156,41.915000915527344,469.5400085449219,41.915000915527344,470.9599914550781,2922.0,181983800.0
2023-07-31,42.084999084472656,471.3500061035156,42.09000015258789,472.2699890136719,41.95500183105469,469.9800109863281,41.95500183105469,470.8699951171875,2889.0,157585600.0
2023-08-01,41.939998626708984,,42.08000183105469,,41.939998626708984,,42.08000183105469,,851.0,
2023-08-02,41.970001220703125,460.8399963378906,42.025001525878906,466.19000244140625,41.95500183105469,458.9100036621094,41.95500183105469,466.19000244140625,1533.0,182766200.0
2023-08-03,41.88999938964844,457.92999267578125,41.88999938964844,460.3399963378906,41.82500076293945,455.6000061035156,41.875,460.3399963378906,244.0,235748900.0
2023-08-04,41.89500045776367,459.2799987792969,41.89500045776367,459.70001220703125,41.76499938964844,455.6600036621094,41.76499938964844,458.010009765625,1234.0,145166400.0
2023-08-07,41.875,459.67999267578125,41.90999984741211,460.010009765625,41.875,456.6700134277344,41.90999984741211,459.25,665.0,116654600.0
2023-08-08,42.15999984741211,458.6000061035156,42.185001373291016,459.7099914550781,42.01499938964844,455.94000244140625,42.01499938964844,459.2099914550781,1289.0,218821200.0
2023-08-09,42.03499984741211,460.5799865722656,42.150001525878906,463.3800048828125,42.03499984741211,459.1499938964844,42.150001525878906,459.1499938964844,6257.0,215737600.0
2023-08-10,41.994998931884766,464.2300109863281,42.06999969482422,465.760009765625,41.994998931884766,460.19000244140625,42.03499984741211,460.19000244140625,3887.0,178854200.0
2023-08-11,41.81999969482422,459.1700134277344,41.915000915527344,463.5199890136719,41.81999969482422,458.0,41.915000915527344,463.5199890136719,276.0,148874600.0
2023-08-14,41.7599983215332,459.8599853515625,41.834999084472656,460.510009765625,41.7599983215332,457.82000732421875,41.77000045776367,459.0400085449219,3248.0,192559500.0
2023-08-15,41.625,455.57000732421875,41.66999816894531,460.32000732421875,41.525001525878906,454.2099914550781,41.66999816894531,460.2099914550781,6308.0,118525700.0
2023-08-16,41.709999084472656,455.2900085449219,41.709999084472656,456.70001220703125,41.66999816894531,453.9800109863281,41.689998626708984,455.3500061035156,3103.0,138758100.0
2023-08-17,41.57500076293945,451.19000244140625,41.584999084472656,454.8900146484375,41.584999084472656,451.0299987792969,41.584999084472656,454.8900146484375,0.0,124618200.0
2023-08-18,41.75,448.44000244140625,41.78499984741211,450.489990234375,41.744998931884766,445.5,41.78499984741211,450.489990234375,4295.0,135281800.0
2023-08-21,41.55500030517578,448.6600036621094,41.724998474121094,452.3800048828125,41.55500030517578,448.4200134277344,41.724998474121094,448.5400085449219,3338.0,118455900.0
2023-08-22,41.69499969482422,451.70001220703125,41.68000030517578,454.1199951171875,41.59000015258789,449.2099914550781,41.59000015258789,449.2099914550781,1132.0,141273900.0
2023-08-23,42.040000915527344,453.45001220703125,42.040000915527344,455.0899963378906,41.7599983215332,451.9800109863281,41.7599983215332,451.9800109863281,563.0,158386900.0
2023-08-24,42.064998626708984,451.57000732421875,42.15999984741211,458.0199890136719,42.064998626708984,451.3800048828125,42.15999984741211,454.1300048828125,3600.0,108043500.0
2023-08-25,41.94499969482422,451.3900146484375,42.0,454.55999755859375,41.94499969482422,450.6099853515625,42.0,451.19000244140625,516.0,98297700.0
2023-08-28,41.900001525878906,455.4100036621094,41.9900016784668,455.8500061035156,41.869998931884766,452.07000732421875,41.92499923706055,452.07000732421875,12928.0,66605600.0
2023-08-29,42.05500030517578,459.8299865722656,41.97999954223633,460.1300048828125,41.89500045776367,456.1700134277344,41.97999954223633,456.1700134277344,495.0,217518400.0
2023-08-30,41.974998474121094,459.1300048828125,41.98500061035156,461.2699890136719,41.93000030517578,457.760009765625,41.93000030517578,459.7799987792969,16673.0,139208500.0
2023-08-31,42.19499969482422,458.19000244140625,42.19499969482422,461.30999755859375,42.04499816894531,458.19000244140625,42.04499816894531,459.0,15472.0,270104000.0
2023-09-01,41.974998474121094,458.1300048828125,42.220001220703125,460.5,41.974998474121094,457.7099914550781,42.130001068115234,458.30999755859375,3746.0,159667600.0
2023-09-04,41.935001373291016,457.9599914550781,41.96500015258789,462.17999267578125,41.935001373291016,457.5899963378906,41.96500015258789,458.7900085449219,221.0,123791800.0
2023-09-05,41.849998474121094,456.8999938964844,41.904998779296875,458.67999267578125,41.84000015258789,454.1199951171875,41.84000015258789,457.44000244140625,2174.0,129662100.0
2023-09-06,41.720001220703125,454.29998779296875,41.79999923706055,456.3599853515625,41.720001220703125,453.010009765625,41.79999923706055,456.3599853515625,2928.0,147513500.0
2023-09-07,41.834999084472656,453.6700134277344,41.834999084472656,455.44000244140625,41.7400016784668,452.04998779296875,41.7400016784668,453.8800048828125,212.0,137245700.0
2023-09-08,41.849998474121094,454.6600036621094,41.915000915527344,455.44000244140625,41.849998474121094,450.6099853515625,41.915000915527344,454.1700134277344,6686.0,148417900.0
2023-09-11,41.814998626708984,456.2099914550781,41.814998626708984,458.80999755859375,41.78499984741211,454.9700012207031,41.79999923706055,454.9700012207031,8976.0,141463500.0
2023-09-12,41.724998474121094,455.3999938964844,41.810001373291016,457.42999267578125,41.724998474121094,454.8800048828125,41.775001525878906,456.5899963378906,528.0,155706800.0
2023-09-13,41.72999954223633,453.94000244140625,41.755001068115234,454.7099914550781,41.63999938964844,451.1000061035156,41.70000076293945,454.4599914550781,6718.0,159519500.0
2023-09-14,41.900001525878906,460.8599853515625,41.900001525878906,461.3500061035156,41.73500061035156,453.42999267578125,41.73500061035156,454.04998779296875,449.0,200877600.0
2023-09-15,41.709999084472656,461.92999267578125,41.845001220703125,465.32000732421875,41.685001373291016,461.6300048828125,41.845001220703125,461.6499938964844,15490.0,408767200.0
2023-09-18,41.58000183105469,456.7200012207031,41.665000915527344,461.44000244140625,41.56999969482422,455.9599914550781,41.654998779296875,461.44000244140625,1652.0,132668900.0
2023-09-19,41.51499938964844,456.5199890136719,41.654998779296875,457.9800109863281,41.51499938964844,455.4100036621094,41.654998779296875,456.42999267578125,1519.0,152767600.0
2023-09-20,41.61000061035156,460.6600036621094,41.61000061035156,461.5400085449219,41.560001373291016,456.3599853515625,41.560001373291016,456.3599853515625,486.0,195628200.0
2023-09-21,41.56999969482422,454.6700134277344,41.56999969482422,459.9599914550781,41.494998931884766,454.4800109863281,41.529998779296875,459.9599914550781,14293.0,200035700.0
2023-09-22,41.5,453.260009765625,41.65999984741211,454.7300109863281,41.494998931884766,451.5400085449219,41.53499984741211,454.0199890136719,5384.0,199956800.0
2023-09-25,41.415000915527344,450.44000244140625,41.54499816894531,453.8599853515625,41.36000061035156,447.8999938964844,41.54499816894531,452.7200012207031,13486.0,150820900.0
2023-09-26,41.36000061035156,447.70001220703125,41.39500045776367,449.94000244140625,41.32500076293945,446.489990234375,41.32500076293945,449.94000244140625,6054.0,149100500.0
2023-09-27,41.720001220703125,446.9100036621094,41.720001220703125,449.5199890136719,41.32500076293945,446.1400146484375,41.375,447.6099853515625,281725.0,160077000.0
2023-09-28,40.970001220703125,448.5,41.26499938964844,448.5400085449219,40.970001220703125,444.3800048828125,41.26499938964844,447.010009765625,27429.0,168408000.0
2023-09-29,41.275001525878906,450.2200012207031,41.275001525878906,454.0299987792969,41.15999984741211,449.760009765625,41.15999984741211,449.760009765625,984.0,171043200.0
2023-10-02,41.1349983215332,445.5899963378906,41.314998626708984,452.510009765625,41.10499954223633,444.1099853515625,41.23500061035156,450.82000732421875,5794.0,155834800.0
2023-10-03,40.935001373291016,440.70001220703125,41.130001068115234,446.3599853515625,40.935001373291016,440.3999938964844,41.130001068115234,444.8900146484375,398.0,154059800.0
2023-10-04,41.01499938964844,440.0799865722656,41.029998779296875,443.45001220703125,40.85499954223633,438.0799865722656,40.85499954223633,439.7200012207031,9576.0,213747500.0
2023-10-05,41.185001373291016,441.30999755859375,41.185001373291016,443.4700012207031,41.01499938964844,439.8699951171875,41.01499938964844,440.82000732421875,19969.0,155945100.0
2023-10-06,41.14500045776367,444.92999267578125,41.14500045776367,444.95001220703125,40.970001220703125,440.4599914550781,41.09000015258789,442.1199951171875,5603.0,185960600.0
2023-10-09,41.349998474121094,443.7900085449219,41.3650016784668,446.0199890136719,41.11000061035156,442.1499938964844,41.19499969482422,444.8399963378906,20243.0,169573100.0
2023-10-10,41.38999938964844,452.4800109863281,41.39500045776367,452.739990234375,41.279998779296875,444.5899963378906,41.39500045776367,444.5899963378906,12651.0,177485300.0
2023-10-11,41.525001525878906,453.1600036621094,41.564998626708984,454.54998779296875,41.41999816894531,451.1700134277344,41.41999816894531,452.8399963378906,7857.0,158598500.0
2023-10-12,41.3849983215332,453.6300048828125,41.59000015258789,457.0199890136719,41.3849983215332,453.5299987792969,41.59000015258789,453.70001220703125,1655.0,164004300.0
2023-10-13,41.45000076293945,449.17999267578125,41.53499984741211,453.4100036621094,41.41999816894531,448.95001220703125,41.41999816894531,453.32000732421875,3454.0,169200300.0
2023-10-16,41.3849983215332,450.20001220703125,41.3849983215332,451.44000244140625,41.36000061035156,447.3999938964844,41.375,449.5299987792969,485.0,198897100.0
2023-10-17,41.13999938964844,449.760009765625,41.345001220703125,451.7300109863281,41.11000061035156,446.9100036621094,41.31999969482422,450.0,1734.0,178757600.0
2023-10-18,41.06999969482422,445.0199890136719,41.154998779296875,449.8699951171875,41.064998626708984,444.6000061035156,41.119998931884766,449.5799865722656,1646.0,168884300.0
2023-10-19,41.08000183105469,439.7300109863281,41.08000183105469,444.2699890136719,40.974998474121094,439.3500061035156,40.98500061035156,444.2699890136719,182.0,179907600.0
2023-10-20,41.125,433.7300109863281,41.125,438.7300109863281,41.05500030517578,433.7300109863281,41.07500076293945,438.7300109863281,1818.0,209011400.0
2023-10-23,41.21500015258789,433.17999267578125,41.21500015258789,434.5400085449219,41.01499938964844,429.6600036621094,41.084999084472656,433.7699890136719,4527.0,150100800.0
2023-10-24,41.255001068115234,435.0899963378906,41.38999938964844,435.8800048828125,41.255001068115234,431.510009765625,41.334999084472656,433.42999267578125,1041.0,164042000.0
2023-10-25,41.17499923706055,435.2699890136719,41.29999923706055,435.9599914550781,41.17499923706055,432.20001220703125,41.29999923706055,434.9100036621094,3032.0,188486900.0
2023-10-26,41.275001525878906,433.20001220703125,41.29499816894531,434.6099853515625,41.05500030517578,430.19000244140625,41.05500030517578,434.3399963378906,4025.0,197599100.0
2023-10-27,41.310001373291016,429.5799865722656,41.314998626708984,434.3299865722656,41.310001373291016,428.8399963378906,41.314998626708984,432.7200012207031,1410.0,158139600.0
2023-10-30,41.3849983215332,431.1199951171875,41.494998931884766,433.2300109863281,41.32500076293945,430.3900146484375,41.494998931884766,430.3900146484375,20294.0,193346500.0
2023-10-31,41.41999816894531,433.6600036621094,41.51499938964844,434.5400085449219,41.41999816894531,431.32000732421875,41.47999954223633,431.32000732421875,3278.0,186996300.0
2023-11-01,41.584999084472656,436.57000732421875,41.46500015258789,437.8399963378906,41.349998474121094,433.3299865722656,41.349998474121094,434.7099914550781,2917.0,169277200.0
2023-11-02,41.7400016784668,443.4700012207031,41.7400016784668,444.9599914550781,41.6349983215332,437.95001220703125,41.6349983215332,437.95001220703125,1052.0,213496500.0
2023-11-03,41.904998779296875,444.239990234375,41.904998779296875,445.8900146484375,41.724998474121094,443.5299987792969,41.724998474121094,443.95001220703125,302.0,180969200.0
2023-11-06,41.75,443.5199890136719,41.83000183105469,445.6099853515625,41.744998931884766,442.9599914550781,41.82500076293945,444.79998779296875,6675.0,200484500.0
2023-11-07,41.904998779296875,442.80999755859375,41.904998779296875,444.0,41.70500183105469,441.8800048828125,41.70500183105469,442.57000732421875,40720.0,147011800.0
2023-11-08,42.04499816894531,444.07000732421875,42.04499816894531,446.2200012207031,41.93000030517578,441.0199890136719,41.93000030517578,442.05999755859375,11739.0,172233300.0
2023-11-09,41.96500015258789,447.79998779296875,42.025001525878906,448.1600036621094,41.96500015258789,442.8299865722656,42.025001525878906,443.8699951171875,1038.0,170976000.0
2023-11-10,41.810001373291016,443.30999755859375,41.869998931884766,446.6400146484375,41.76499938964844,441.1300048828125,41.869998931884766,446.6400146484375,2458.0,171419100.0
2023-11-13,41.82500076293945,446.6199951171875,41.875,447.07000732421875,41.744998931884766,444.67999267578125,41.81999969482422,444.8399963378906,2539.0,163552000.0
2023-11-14,42.130001068115234,452.6000061035156,42.130001068115234,453.3599853515625,41.869998931884766,446.3800048828125,41.869998931884766,446.9599914550781,33807.0,218544000.0
2023-11-15,42.025001525878906,454.5199890136719,42.189998626708984,456.5299987792969,42.01499938964844,453.0799865722656,42.189998626708984,453.0799865722656,607.0,189789700.0
2023-11-16,42.220001220703125,451.2699890136719,42.220001220703125,454.42999267578125,42.13999938964844,451.2699890136719,42.13999938964844,453.6499938964844,288.0,182832000.0
2023-11-17,42.17499923706055,455.82000732421875,42.400001525878906,456.6300048828125,42.17499923706055,452.0400085449219,42.279998779296875,452.0400085449219,3759.0,192575800.0
2023-11-20,42.150001525878906,456.260009765625,42.20500183105469,456.5899963378906,42.11000061035156,455.010009765625,42.19499969482422,455.67999267578125,782.0,137184300.0
2023-11-21,42.334999084472656,455.8500061035156,42.345001220703125,456.6600036621094,42.275001525878906,455.0799865722656,42.290000915527344,456.17999267578125,4416.0,144530900.0
2023-11-22,42.290000915527344,457.239990234375,42.3650016784668,458.30999755859375,42.25,456.1000061035156,42.30500030517578,456.1000061035156,4367.0,141433000.0
2023-11-23,42.165000915527344,458.4700012207031,42.279998779296875,458.7300109863281,42.165000915527344,457.1000061035156,42.279998779296875,457.5799865722656,1030.0,121884000.0
2023-11-24,42.095001220703125,459.9800109863281,42.1150016784668,460.20001220703125,42.09000015258789,457.80999755859375,42.11000061035156,458.17999267578125,1181.0,115780500.0
2023-11-27,42.29499816894531,458.4100036621094,42.334999084472656,460.1499938964844,42.16999816894531,458.29998779296875,42.16999816894531,459.6300048828125,16449.0,121182000.0
2023-11-28,42.44499969482422,457.0400085449219,42.44499969482422,457.7200012207031,42.29999923706055,455.0799865722656,42.380001068115234,457.7200012207031,380.0,142651100.0
2023-11-29,42.67499923706055,459.1000061035156,42.67499923706055,459.95001220703125,42.564998626708984,456.69000244140625,42.619998931884766,456.7799987792969,10986.0,163459700.0
2023-11-30,42.57500076293945,461.6099853515625,42.72999954223633,462.05999755859375,42.494998931884766,458.3800048828125,42.72999954223633,459.70001220703125,2597.0,355875900.0
2023-12-01,42.915000915527344,466.20001220703125,42.915000915527344,466.239990234375,42.59000015258789,461.8999938964844,42.59000015258789,461.8999938964844,8865.0,156144600.0
2023-12-04,42.900001525878906,465.7799987792969,42.900001525878906,467.1600036621094,42.845001220703125,464.9700012207031,42.89500045776367,465.4599914550781,427.0,171704300.0
2023-12-05,43.20500183105469,467.6199951171875,43.20500183105469,467.9800109863281,43.040000915527344,464.8500061035156,43.07500076293945,465.42999267578125,1605.0,172291800.0
2023-12-06,43.30500030517578,470.05999755859375,43.30500030517578,471.2900085449219,43.13999938964844,467.8999938964844,43.2400016784668,468.4599914550781,631.0,252289500.0
2023-12-07,43.345001220703125,468.7799987792969,43.400001525878906,469.6300048828125,43.275001525878906,467.69000244140625,43.275001525878906,469.6300048828125,8196.0,185372600.0
2023-12-08,43.16999816894531,472.260009765625,43.31999969482422,473.19000244140625,43.16999816894531,468.9599914550781,43.31999969482422,468.9599914550781,4056.0,181937200.0
2023-12-11,43.20000076293945,473.70001220703125,43.20000076293945,474.1400146484375,43.11000061035156,471.1600036621094,43.15999984741211,472.5199890136719,3661.0,172956900.0
2023-12-12,43.290000915527344,472.7200012207031,43.31999969482422,474.75,43.23500061035156,471.8699951171875,43.290000915527344,473.3500061035156,968.0,184036200.0
2023-12-13,43.44499969482422,472.4599914550781,43.44499969482422,474.5199890136719,43.34000015258789,472.4599914550781,43.34000015258789,472.6300048828125,1923.0,213735800.0
2023-12-14,43.650001525878906,476.57000732421875,43.834999084472656,480.6400146484375,43.650001525878906,474.19000244140625,43.790000915527344,474.79998779296875,4977.0,336497900.0
2023-12-15,43.915000915527344,476.6099853515625,43.915000915527344,479.2099914550781,43.689998626708984,475.7200012207031,43.689998626708984,477.0400085449219,1198.0,415761800.0
2023-12-18,43.79999923706055,475.32000732421875,43.95500183105469,476.7900085449219,43.75,474.3999938964844,43.90999984741211,475.7799987792969,1567.0,185040400.0
2023-12-19,44.0,477.0400085449219,44.0,477.3800048828125,43.8849983215332,475.3500061035156,43.8849983215332,475.4700012207031,2910.0,207092900.0
2023-12-20,44.08000183105469,477.94000244140625,44.11000061035156,479.3900146484375,44.04499816894531,476.04998779296875,44.05500030517578,477.4800109863281,637.0,244238700.0
2023-12-21,44.18000030517578,476.94000244140625,44.18000030517578,477.2200012207031,44.119998931884766,475.1000061035156,44.119998931884766,476.92999267578125,466.0,156303200.0
2023-12-22,44.189998626708984,477.6000061035156,44.20500183105469,478.0400085449219,44.119998931884766,476.07000732421875,44.125,476.6300048828125,1834.0,125597900.0
2023-12-27,44.36000061035156,478.6199951171875,44.36000061035156,479.7200012207031,44.20500183105469,477.42999267578125,44.20500183105469,477.42999267578125,2032.0,119336200.0
2023-12-28,44.209999084472656,478.0799865722656,44.349998474121094,480.42999267578125,44.209999084472656,477.7200012207031,44.349998474121094,479.75,7018.0,95191800.0
2023-12-29,44.0099983215332,479.0199890136719,44.275001525878906,479.8599853515625,43.994998931884766,478.2799987792969,44.275001525878906,478.2799987792969,12170.0,88069200.0
2024-01-02,43.869998931884766,,43.935001373291016,,43.869998931884766,,43.8849983215332,,4602.0,
2024-01-03,43.970001220703125,474.3999938964844,43.970001220703125,479.44000244140625,43.80500030517578,472.8800048828125,43.84000015258789,478.1700134277344,2710.0,202523600.0
2024-01-04,43.71500015258789,477.67999267578125,44.025001525878906,477.82000732421875,43.71500015258789,474.2099914550781,44.025001525878906,475.3399963378906,565.0,200675900.0
2024-01-05,43.6150016784668,476.3800048828125,43.68000030517578,477.17999267578125,43.525001525878906,472.239990234375,43.68000030517578,476.4599914550781,758.0,165256400.0
2024-01-08,43.755001068115234,478.17999267578125,43.755001068115234,478.17999267578125,43.494998931884766,472.94000244140625,43.55500030517578,475.7799987792969,31882.0,189512300.0
2024-01-09,43.494998931884766,477.260009765625,43.56999969482422,478.8299865722656,43.494998931884766,475.67999267578125,43.56999969482422,478.67999267578125,6183.0,176764900.0
2024-01-10,43.494998931884766,476.4200134277344,43.625,477.7799987792969,43.4900016784668,475.739990234375,43.56999969482422,476.7699890136719,461.0,170747200.0
2024-01-11,43.5099983215332,472.7699890136719,43.58000183105469,480.0400085449219,43.5099983215332,472.7200012207031,43.53499984741211,477.6199951171875,1410.0,237108800.0
2024-01-12,43.755001068115234,476.760009765625,43.755001068115234,478.17999267578125,43.61000061035156,473.9200134277344,43.61000061035156,473.9200134277344,12814.0,181274700.0
2024-01-15,43.599998474121094,474.19000244140625,43.66999816894531,477.6300048828125,43.540000915527344,473.6600036621094,43.66999816894531,476.8800048828125,4980.0,153134900.0
2024-01-16,43.560001373291016,473.05999755859375,43.63999938964844,473.3800048828125,43.529998779296875,470.2200012207031,43.56999969482422,472.6700134277344,1419.0,218473400.0
2024-01-17,43.34000015258789,467.7099914550781,43.494998931884766,470.3800048828125,43.34000015258789,464.989990234375,43.380001068115234,470.3800048828125,3604.0,201410100.0
2024-01-18,43.34000015258789,470.45001220703125,43.38999938964844,470.8500061035156,43.34000015258789,467.42999267578125,43.369998931884766,468.2200012207031,287.0,192382800.0
2024-01-19,43.380001068115234,469.239990234375,43.400001525878906,472.8800048828125,43.33000183105469,468.3399963378906,43.36000061035156,471.239990234375,1292.0,228292700.0
2024-01-22,43.47999954223633,472.8599853515625,43.51499938964844,473.4200134277344,43.41999816894531,469.95001220703125,43.41999816894531,469.95001220703125,1786.0,170684700.0
2024-01-23,43.33000183105469,471.5299987792969,43.435001373291016,474.44000244140625,43.33000183105469,470.9599914550781,43.380001068115234,473.6199951171875,4248.0,215506500.0
2024-01-24,43.32500076293945,477.0899963378906,43.435001373291016,477.3999938964844,43.32500076293945,472.6400146484375,43.380001068115234,472.6400146484375,931.0,198912600.0
2024-01-25,43.4900016784668,478.5299987792969,43.4900016784668,478.6400146484375,43.28499984741211,474.8999938964844,43.334999084472656,477.1000061035156,117.0,180494000.0
2024-01-26,43.52000045776367,483.8399963378906,43.625,484.489990234375,43.45000076293945,478.45001220703125,43.625,478.45001220703125,4056.0,212646400.0
2024-01-29,43.689998626708984,484.8399963378906,43.689998626708984,484.8500061035156,43.60499954223633,483.3299865722656,43.60499954223633,484.4599914550781,2724.0,167442900.0
2024-01-30,43.540000915527344,485.6300048828125,43.71500015258789,486.7300109863281,43.540000915527344,485.0199890136719,43.71500015258789,485.6099853515625,5395.0,180335700.0
2024-01-31,43.82500076293945,485.6700134277344,43.82500076293945,487.45001220703125,43.64500045776367,485.3599853515625,43.73500061035156,486.7200012207031,9633.0,234407900.0
2024-02-01,43.875,483.8599853515625,43.875,485.8299865722656,43.6349983215332,483.05999755859375,43.724998474121094,485.4100036621094,3596.0,230432500.0
2024-02-02,43.64500045776367,483.92999267578125,43.78499984741211,487.6600036621094,43.64500045776367,483.7200012207031,43.78499984741211,485.07000732421875,852.0,207450900.0
2024-02-05,43.435001373291016,483.69000244140625,43.529998779296875,485.6600036621094,43.38999938964844,482.7699890136719,43.52000045776367,484.1400146484375,5213.0,261674900.0
2024-02-06,43.46500015258789,486.760009765625,43.5099983215332,487.1700134277344,43.3849983215332,483.6300048828125,43.474998474121094,484.94000244140625,16814.0,271102200.0
2024-02-07,43.43000030517578,485.6300048828125,43.51499938964844,487.5400085449219,43.40999984741211,485.2799987792969,43.51499938964844,486.9200134277344,12497.0,224135800.0
2024-02-08,43.32500076293945,485.2699890136719,43.435001373291016,487.239990234375,43.29999923706055,485.1600036621094,43.38999938964844,485.510009765625,2071.0,179219600.0
2024-02-09,43.2599983215332,484.8299865722656,43.310001373291016,486.1600036621094,43.21500015258789,483.5299987792969,43.2400016784668,485.5199890136719,6844.0,214918000.0
2024-02-12,43.310001373291016,487.4599914550781,43.3849983215332,487.55999755859375,43.290000915527344,485.5199890136719,43.310001373291016,485.5199890136719,24842.0,177414600.0
2024-02-13,43.2400016784668,482.8299865722656,43.369998931884766,487.3500061035156,43.209999084472656,481.2900085449219,43.310001373291016,487.3500061035156,3512.0,223185600.0
2024-02-14,43.3849983215332,485.239990234375,43.3849983215332,485.8399963378906,43.30500030517578,482.69000244140625,43.30500030517578,482.69000244140625,1088.0,222666000.0
2024-02-15,43.42499923706055,488.5400085449219,43.52000045776367,488.8599853515625,43.42499923706055,485.8299865722656,43.52000045776367,485.8299865722656,1302.0,205596300.0
2024-02-16,43.314998626708984,491.5899963378906,43.380001068115234,492.010009765625,43.2599983215332,489.5899963378906,43.349998474121094,489.5899963378906,1592.0,222721100.0
2024-02-19,43.310001373291016,492.3900146484375,43.34000015258789,492.6300048828125,43.290000915527344,490.5799865722656,43.34000015258789,491.0299987792969,1581.0,165325100.0
2024-02-20,43.3849983215332,491.8999938964844,43.40999984741211,492.7799987792969,43.32500076293945,490.739990234375,43.32500076293945,491.8800048828125,1856.0,184537300.0
2024-02-21,43.23500061035156,491.04998779296875,43.404998779296875,491.6400146484375,43.23500061035156,489.94000244140625,43.35499954223633,491.5400085449219,2900.0,228978700.0
2024-02-22,43.28499984741211,495.1000061035156,43.314998626708984,496.29998779296875,43.209999084472656,493.44000244140625,43.209999084472656,493.44000244140625,1765.0,259341800.0
2024-02-23,43.474998474121094,497.25,43.474998474121094,497.739990234375,43.209999084472656,495.1000061035156,43.244998931884766,495.6400146484375,8344.0,213837600.0
2024-02-26,43.28499984741211,495.42999267578125,43.4900016784668,496.75,43.28499984741211,495.17999267578125,43.4900016784668,496.70001220703125,1285.0,218737600.0
2024-02-27,43.189998626708984,496.3299865722656,43.30500030517578,496.6600036621094,43.189998626708984,494.489990234375,43.30500030517578,495.6300048828125,48927.0,217733300.0
2024-02-28,43.189998626708984,494.5899963378906,43.209999084472656,496.30999755859375,43.189998626708984,494.1700134277344,43.209999084472656,496.2200012207031,18609.0,234199900.0
2024-02-29,43.44499969482422,494.6099853515625,43.44499969482422,496.6300048828125,43.224998474121094,494.6099853515625,43.22999954223633,494.989990234375,3491.0,408113900.0
2024-03-01,43.334999084472656,497.5799865722656,43.38999938964844,497.8800048828125,43.220001220703125,495.0799865722656,43.275001525878906,495.0799865722656,4534.0,264214800.0
2024-03-04,43.380001068115234,497.4100036621094,43.415000915527344,498.5,43.36000061035156,496.0299987792969,43.380001068115234,498.5,1573.0,205231300.0
2024-03-05,43.584999084472656,496.2699890136719,43.63999938964844,497.4599914550781,43.494998931884766,495.17999267578125,43.494998931884766,497.1300048828125,24380.0,198429700.0
2024-03-06,43.63999938964844,498.2099914550781,43.685001373291016,498.989990234375,43.525001525878906,495.80999755859375,43.61000061035156,495.9200134277344,4908.0,276047000.0
2024-03-07,43.72999954223633,503.1600036621094,43.75,503.80999755859375,43.6349983215332,496.1600036621094,43.6349983215332,496.8900146484375,670.0,479238500.0
2024-03-08,43.880001068115234,503.260009765625,43.90999984741211,504.6000061035156,43.810001373291016,502.75,43.810001373291016,503.45001220703125,3909.0,326533800.0
2024-03-11,43.779998779296875,501.489990234375,43.89500045776367,502.07000732421875,43.71500015258789,499.82000732421875,43.89500045776367,501.6600036621094,1197.0,329823000.0
2024-03-12,43.720001220703125,506.5199890136719,43.81999969482422,506.9100036621094,43.720001220703125,502.2200012207031,43.7599983215332,502.4800109863281,2926.0,284554200.0
2024-03-13,43.709999084472656,507.3299865722656,43.82500076293945,508.3399963378906,43.7400016784668,506.05999755859375,43.82500076293945,506.7900085449219,285.0,297931500.0
2024-03-14,43.55500030517578,506.3999938964844,43.7400016784668,509.30999755859375,43.57500076293945,505.3399963378906,43.68000030517578,507.4599914550781,1121.0,268137500.0
2024-03-15,43.5,504.79998779296875,43.54499816894531,508.25,43.474998474121094,504.7799987792969,43.474998474121094,506.1400146484375,2487.0,613747400.0
2024-03-18,43.505001068115234,503.94000244140625,43.529998779296875,505.5799865722656,43.474998474121094,503.4200134277344,43.529998779296875,505.32000732421875,1779.0,227162400.0
2024-03-19,43.51499938964844,505.2300109863281,43.51499938964844,505.2900085449219,43.505001068115234,503.0199890136719,43.505001068115234,503.3999938964844,307.0,224042200.0
2024-03-20,43.505001068115234,505.2099914550781,43.58000183105469,505.67999267578125,43.505001068115234,503.32000732421875,43.58000183105469,504.30999755859375,1203.0,238734700.0
2024-03-21,43.63999938964844,509.7699890136719,43.665000915527344,510.25,43.540000915527344,507.1400146484375,43.540000915527344,507.6300048828125,1158.0,285492000.0
2024-03-22,43.779998779296875,509.6400146484375,43.779998779296875,510.4599914550781,43.685001373291016,508.2300109863281,43.71500015258789,508.8900146484375,4298.0,241425400.0
2024-03-25,43.66999816894531,509.8599853515625,43.775001525878906,510.4599914550781,43.64500045776367,507.70001220703125,43.775001525878906,509.45001220703125,936.0,217977400.0
2024-03-26,43.73500061035156,511.0899963378906,43.744998931884766,511.3699951171875,43.66999816894531,508.760009765625,43.709999084472656,509.4599914550781,1782.0,245123400.0
2024-03-27,43.875,511.75,43.875,512.4500122070312,43.7400016784668,510.3800048828125,43.77000045776367,510.7900085449219,771.0,235200100.0
2024-03-28,43.78499984741211,512.6699829101562,43.869998931884766,513.489990234375,43.78499984741211,512.0399780273438,43.814998626708984,512.0399780273438,1432.0,218243600.0
2024-04-02,43.58000183105469,508.57000732421875,43.689998626708984,515.77001953125,43.58000183105469,508.20001220703125,43.67499923706055,513.3599853515625,1043.0,241324000.0
2024-04-03,43.61000061035156,510.0199890136719,43.61000061035156,510.2300109863281,43.53499984741211,507.6700134277344,43.60499954223633,508.6499938964844,1819.0,238238900.0
2024-04-04,43.689998626708984,510.8399963378906,43.75,511.7300109863281,43.6349983215332,509.55999755859375,43.64500045776367,510.0899963378906,2097.0,228050700.0
2024-04-05,43.630001068115234,506.54998779296875,43.724998474121094,508.6300048828125,43.584999084472656,504.2200012207031,43.724998474121094,508.6300048828125,1079.0,215914300.0
2024-04-08,43.529998779296875,508.92999267578125,43.55500030517578,509.7099914550781,43.525001525878906,505.8999938964844,43.525001525878906,506.20001220703125,4789.0,179294800.0
2024-04-09,43.7599983215332,505.82000732421875,43.7599983215332,509.0899963378906,43.599998474121094,504.989990234375,43.599998474121094,508.6099853515625,1194.0,206074400.0
2024-04-10,43.61000061035156,506.5899963378906,43.71500015258789,509.6199951171875,43.61000061035156,502.6700134277344,43.71500015258789,507.29998779296875,754.0,249735100.0
2024-04-11,43.470001220703125,504.54998779296875,43.51499938964844,507.5199890136719,43.470001220703125,502.010009765625,43.51499938964844,505.9100036621094,82.0,245227400.0
2024-04-12,43.70500183105469,505.25,43.834999084472656,510.6400146484375,43.625,503.9800109863281,43.625,506.3900146484375,1161.0,198443400.0
2024-04-15,43.494998931884766,505.92999267578125,43.650001525878906,510.0400085449219,43.494998931884766,505.1600036621094,43.650001525878906,505.4800109863281,147.0,182226400.0
2024-04-16,43.334999084472656,498.2099914550781,43.5,503.510009765625,43.314998626708984,496.5299987792969,43.5,503.510009765625,878.0,223485800.0
2024-04-17,43.41999816894531,498.5199890136719,43.459999084472656,502.3399963378906,43.36000061035156,497.3999938964844,43.36000061035156,498.4599914550781,931.0,197603400.0
2024-04-18,43.369998931884766,499.70001220703125,43.51499938964844,500.3599853515625,43.369998931884766,497.1400146484375,43.51499938964844,499.07000732421875,3524.0,244665600.0
2024-04-19,43.38999938964844,499.2900085449219,43.48500061035156,499.75,43.34000015258789,495.30999755859375,43.45500183105469,498.2799987792969,1152.0,228740200.0
2024-04-22,43.435001373291016,502.30999755859375,43.435001373291016,503.1499938964844,43.310001373291016,499.29998779296875,43.334999084472656,499.29998779296875,3948.0,228486200.0
2024-04-23,43.42499923706055,507.7900085449219,43.4900016784668,507.9800109863281,43.42499923706055,502.8900146484375,43.470001220703125,502.8900146484375,46362.0,266367300.0
2024-04-24,43.20500183105469,505.6099853515625,43.35499954223633,509.0299987792969,43.20500183105469,505.0899963378906,43.345001220703125,507.989990234375,1334.0,271624100.0
2024-04-25,43.1349983215332,502.3800048828125,43.27000045776367,505.8399963378906,43.1349983215332,499.2799987792969,43.20000076293945,505.6700134277344,654.0,260016800.0
2024-04-26,43.255001068115234,507.9800109863281,43.255001068115234,508.9200134277344,43.15999984741211,503.5299987792969,43.15999984741211,503.5299987792969,72.0,208938600.0
2024-04-29,43.439998626708984,508.3399963378906,43.439998626708984,510.2799987792969,43.33000183105469,508.3399963378906,43.33000183105469,508.7200012207031,564.0,186180300.0
2024-04-30,43.275001525878906,504.8900146484375,43.41999816894531,508.6099853515625,43.275001525878906,504.6400146484375,43.41999816894531,508.07000732421875,5024.0,219373300.0
2024-05-02,43.39500045776367,503.2099914550781,43.40999984741211,504.75,43.375,502.7799987792969,43.3849983215332,504.1400146484375,1866.0,226930800.0
2024-05-03,43.53499984741211,505.5299987792969,43.53499984741211,508.20001220703125,43.42499923706055,503.8399963378906,43.439998626708984,503.8999938964844,1898.0,206719700.0
2024-05-06,43.564998626708984,508.2200012207031,43.67499923706055,509.0899963378906,43.564998626708984,506.0,43.599998474121094,506.0,772.0,77067600.0
2024-05-07,43.73500061035156,514.02001953125,43.73500061035156,514.1500244140625,43.6349983215332,509.80999755859375,43.6349983215332,509.80999755859375,6921.0,244590500.0
2024-05-08,43.599998474121094,515.77001953125,43.665000915527344,516.4000244140625,43.584999084472656,514.1699829101562,43.665000915527344,514.3099975585938,413.0,226327800.0
2024-05-09,43.525001525878906,,43.58000183105469,,43.58000183105469,,43.58000183105469,,0.0,
2024-05-10,43.494998931884766,520.760009765625,43.6150016784668,521.510009765625,43.459999084472656,517.9000244140625,43.599998474121094,517.9000244140625,1168.0,187637900.0
2024-05-13,43.529998779296875,520.8599853515625,43.54999923706055,521.3300170898438,43.4900016784668,519.8400268554688,43.5099983215332,521.02001953125,17944.0,204676300.0
2024-05-14,43.41999816894531,521.6500244140625,43.56999969482422,521.8599853515625,43.41999816894531,519.6400146484375,43.5,521.1599731445312,648.0,254051600.0
2024-05-15,43.7599983215332,524.7100219726562,43.7599983215332,525.2000122070312,43.48500061035156,522.3499755859375,43.48500061035156,522.3499755859375,3436.0,262132300.0
2024-05-16,43.66999816894531,523.6199951171875,43.779998779296875,525.3300170898438,43.66999816894531,523.1799926757812,43.779998779296875,524.9299926757812,1229.0,213275000.0
2024-05-17,43.54999923706055,522.9400024414062,43.650001525878906,523.3200073242188,43.54999923706055,521.1699829101562,43.650001525878906,522.510009765625,8916.0,232117400.0
2024-05-20,43.48500061035156,,43.51499938964844,,43.470001220703125,,43.494998931884766,,541.0,
2024-05-21,43.56999969482422,522.9500122070312,43.61000061035156,523.0800170898438,43.5099983215332,520.7100219726562,43.5099983215332,523.0800170898438,1318.0,204151500.0
2024-05-22,43.505001068115234,521.1799926757812,43.525001525878906,522.4299926757812,43.43000030517578,520.1199951171875,43.439998626708984,522.4299926757812,984.0,234180800.0
2024-05-23,43.345001220703125,521.5599975585938,43.57500076293945,523.72998046875,43.345001220703125,520.739990234375,43.57500076293945,521.3800048828125,7976.0,240460200.0
2024-05-24,43.35499954223633,520.5700073242188,43.415000915527344,521.0499877929688,43.30500030517578,517.1099853515625,43.369998931884766,520.0399780273438,993.0,181255100.0
2024-05-27,43.459999084472656,522.2100219726562,43.4900016784668,522.2100219726562,43.380001068115234,519.9500122070312,43.474998474121094,520.4500122070312,18023.0,65870100.0
2024-05-28,43.404998779296875,519.0800170898438,43.525001525878906,523.1699829101562,43.375,518.1699829101562,43.525001525878906,522.219970703125,5584.0,210009300.0
2024-05-29,43.18000030517578,513.4500122070312,43.279998779296875,518.1799926757812,43.18000030517578,512.989990234375,43.279998779296875,518.1500244140625,8882.0,206964300.0
2024-05-30,43.224998474121094,516.5,43.279998779296875,516.8400268554688,43.18000030517578,512.4600219726562,43.279998779296875,513.0,658.0,284251100.0
2024-05-31,43.290000915527344,518.1699829101562,43.290000915527344,518.9000244140625,43.25,516.0399780273438,43.25,516.5900268554688,1187.0,560881000.0
2024-06-03,43.45500183105469,519.8499755859375,43.45500183105469,522.9500122070312,43.290000915527344,519.1300048828125,43.290000915527344,520.3099975585938,1296.0,256101900.0
2024-06-04,43.5,517.0499877929688,43.51499938964844,519.3499755859375,43.45000076293945,515.1400146484375,43.45000076293945,519.3499755859375,580.0,246539600.0
2024-06-05,43.599998474121094,521.22998046875,43.599998474121094,522.4299926757812,43.540000915527344,518.0900268554688,43.540000915527344,518.0900268554688,849.0,190458700.0
2024-06-06,43.51499938964844,524.6799926757812,43.630001068115234,525.5499877929688,43.51499938964844,523.0999755859375,43.61000061035156,523.0999755859375,685.0,185228000.0
2024-06-07,43.33000183105469,523.5499877929688,43.5,525.5900268554688,43.33000183105469,520.6699829101562,43.5,525.25,3023.0,171408100.0
2024-06-10,43.150001525878906,522.1599731445312,43.290000915527344,522.3499755859375,43.150001525878906,518.9400024414062,43.290000915527344,522.3499755859375,1724.0,170979600.0
2024-06-11,43.20500183105469,517.2899780273438,43.17499923706055,523.4600219726562,43.119998931884766,515.6500244140625,43.154998779296875,522.3499755859375,9756.0,225471500.0
2024-06-12,43.435001373291016,522.8900146484375,43.435001373291016,523.8400268554688,43.22999954223633,518.0,43.22999954223633,518.0,55.0,236273200.0
2024-06-13,43.46500015258789,516.0399780273438,43.46500015258789,521.9600219726562,43.375,515.4500122070312,43.404998779296875,521.9600219726562,665.0,214982900.0
2024-06-14,43.654998779296875,511.04998779296875,43.654998779296875,517.0599975585938,43.55500030517578,509.5899963378906,43.55500030517578,517.0599975585938,378.0,236406400.0
2024-06-17,43.55500030517578,511.489990234375,43.685001373291016,514.6300048828125,43.54999923706055,508.7799987792969,43.685001373291016,511.9800109863281,12259.0,185106900.0
2024-06-18,43.64500045776367,515.010009765625,43.68000030517578,515.260009765625,43.53499984741211,512.3099975585938,43.595001220703125,513.0499877929688,535.0,168596100.0
2024-06-19,43.61000061035156,514.1300048828125,43.76499938964844,515.6099853515625,43.560001373291016,513.8599853515625,43.76499938964844,515.22998046875,112.0,156117800.0
2024-06-20,43.59000015258789,518.9099731445312,43.599998474121094,518.9099731445312,43.525001525878906,514.469970703125,43.560001373291016,514.6099853515625,7485.0,209719600.0
2024-06-21,43.60499954223633,515.1099853515625,43.724998474121094,518.510009765625,43.60499954223633,513.9400024414062,43.6349983215332,518.22998046875,1380.0,420254900.0
2024-06-24,43.60499954223633,518.8699951171875,43.65999984741211,519.969970703125,43.584999084472656,514.3699951171875,43.65999984741211,514.469970703125,840.0,184763700.0
2024-06-25,43.61000061035156,517.7000122070312,43.654998779296875,518.3699951171875,43.61000061035156,516.1799926757812,43.630001068115234,518.3699951171875,13068.0,175433500.0
2024-06-26,43.494998931884766,514.8099975585938,43.58000183105469,520.8900146484375,43.494998931884766,513.469970703125,43.54999923706055,518.780029296875,751.0,201042600.0
2024-06-27,43.5099983215332,512.5900268554688,43.5099983215332,515.4600219726562,43.459999084472656,512.530029296875,43.505001068115234,514.469970703125,804.0,163602900.0
2024-06-28,43.41999816894531,511.4200134277344,43.5,514.8400268554688,43.38999938964844,510.7300109863281,43.48500061035156,513.5399780273438,3445.0,178311000.0
2024-07-01,43.28499984741211,513.0399780273438,43.52000045776367,517.1400146484375,43.25,512.6799926757812,43.400001525878906,513.8200073242188,1903.0,162109200.0
2024-07-02,43.27000045776367,510.9100036621094,43.310001373291016,512.1099853515625,43.220001220703125,508.0799865722656,43.310001373291016,512.1099853515625,503.0,169955500.0
2024-07-03,43.529998779296875,514.6699829101562,43.529998779296875,515.5399780273438,43.31999969482422,512.1500244140625,43.36000061035156,512.1500244140625,754.0,207720700.0
2024-07-04,43.45000076293945,517.5399780273438,43.45500183105469,518.3200073242188,43.43000030517578,514.8699951171875,43.45000076293945,514.8699951171875,714.0,127224200.0
2024-07-05,43.54999923706055,516.5999755859375,43.54999923706055,520.2999877929688,43.459999084472656,515.1799926757812,43.5,518.2899780273438,561.0,183181300.0
2024-07-08,43.68000030517578,516.4299926757812,43.68000030517578,519.7999877929688,43.52000045776367,515.5599975585938,43.52000045776367,516.5700073242188,1793.0,164972400.0
2024-07-09,43.48500061035156,511.760009765625,43.625,516.469970703125,43.48500061035156,511.1300048828125,43.625,515.5999755859375,2741.0,199253600.0
2024-07-10,43.64500045776367,516.4199829101562,43.709999084472656,516.530029296875,43.61000061035156,511.8699951171875,43.61000061035156,511.8699951171875,150.0,175809400.0
2024-07-11,43.86000061035156,519.510009765625,43.86000061035156,520.6199951171875,43.66999816894531,516.8599853515625,43.66999816894531,517.3599853515625,38.0,157804100.0
2024-07-12,43.79499816894531,524.0800170898438,43.79499816894531,524.75,43.709999084472656,519.75,43.78499984741211,519.75,325.0,142881400.0
2024-07-15,43.8849983215332,518.72998046875,43.8849983215332,524.0800170898438,43.86000061035156,518.6400146484375,43.875,522.8699951171875,367.0,134326800.0
2024-07-16,43.95000076293945,517.2999877929688,43.96500015258789,517.780029296875,43.95000076293945,515.4000244140625,43.96500015258789,517.780029296875,440.0,143538800.0
2024-07-17,43.95000076293945,514.8300170898438,43.95000076293945,516.4299926757812,43.95000076293945,512.7899780273438,43.95000076293945,516.3200073242188,526.0,167887500.0
2024-07-18,44.04499816894531,514.010009765625,44.04499816894531,518.280029296875,43.92499923706055,514.010009765625,43.959999084472656,515.8599853515625,586.0,158938200.0
2024-07-19,43.90999984741211,510.0299987792969,43.974998474121094,513.0499877929688,43.90999984741211,509.6199951171875,43.974998474121094,513.0499877929688,398.0,163072700.0
2024-07-22,43.8650016784668,514.7899780273438,43.92499923706055,516.760009765625,43.8650016784668,511.2300109863281,43.92499923706055,511.2300109863281,572.0,192642000.0
2024-07-23,43.91999816894531,515.469970703125,43.94499969482422,518.030029296875,43.880001068115234,513.5800170898438,43.900001525878906,515.239990234375,756.0,206461500.0
2024-07-24,43.89500045776367,512.2999877929688,43.974998474121094,513.9400024414062,43.89500045776367,510.760009765625,43.974998474121094,513.6500244140625,532.0,165132800.0
2024-07-25,43.9900016784668,508.6300048828125,44.0099983215332,510.2300109863281,43.994998931884766,503.7799987792969,43.994998931884766,510.2300109863281,242.0,217161900.0
2024-07-26,44.01499938964844,512.8300170898438,44.06999969482422,513.3599853515625,43.935001373291016,508.2300109863281,43.96500015258789,508.239990234375,374.0,149444700.0
2024-07-29,44.06999969482422,511.7900085449219,44.150001525878906,515.6500244140625,44.06999969482422,511.4800109863281,44.14500045776367,513.6799926757812,338.0,151500800.0
2024-07-30,44.15999984741211,514.0800170898438,44.15999984741211,515.780029296875,44.130001068115234,512.1900024414062,44.130001068115234,512.6599731445312,186.0,163083100.0
2024-07-31,44.32500076293945,518.1799926757812,44.32500076293945,519.4199829101562,44.29499816894531,514.280029296875,44.29499816894531,514.280029296875,240.0,191950300.0
2024-08-01,44.44499969482422,,44.44499969482422,,44.44499969482422,,44.44499969482422,,1035.0,
2024-08-02,44.494998931884766,497.8500061035156,44.58000183105469,509.8900146484375,44.44499969482422,496.8599853515625,44.44499969482422,509.8900146484375,297.0,277542400.0
2024-08-05,44.51499938964844,487.04998779296875,44.67499923706055,493.4800109863281,44.51499938964844,479.8299865722656,44.67499923706055,493.4800109863281,661.0,340070800.0
2024-08-06,44.525001525878906,488.44000244140625,44.564998626708984,491.92999267578125,44.525001525878906,484.4100036621094,44.540000915527344,489.2900085449219,453.0,250044700.0
2024-08-07,44.369998931884766,495.9599914550781,44.369998931884766,497.25,44.33000183105469,489.75,44.33000183105469,490.1499938964844,11336.0,196906400.0
2024-08-08,44.38999938964844,496.3699951171875,44.38999938964844,496.8800048828125,44.3849983215332,490.0199890136719,44.3849983215332,495.1300048828125,9607.0,164379900.0
2024-08-09,44.46500015258789,499.19000244140625,44.47999954223633,501.2900085449219,44.46500015258789,496.3800048828125,44.47999954223633,497.4599914550781,278.0,157499900.0
2024-08-12,44.47999954223633,499.0799865722656,44.505001068115234,501.5400085449219,44.47999954223633,498.19000244140625,44.505001068115234,499.79998779296875,270.0,228381700.0
2024-08-13,44.599998474121094,501.6600036621094,44.599998474121094,501.7300109863281,44.51499938964844,497.57000732421875,44.51499938964844,499.82000732421875,195.0,130957400.0
2024-08-14,44.619998931884766,504.1000061035156,44.619998931884766,504.17999267578125,44.56999969482422,502.05999755859375,44.584999084472656,502.05999755859375,4298.0,135989000.0
2024-08-15,44.619998931884766,509.8800048828125,44.619998931884766,510.5,44.619998931884766,504.3599853515625,44.619998931884766,504.8500061035156,0.0,164675200.0
2024-08-16,44.45000076293945,511.45001220703125,44.52000045776367,512.5599975585938,44.45000076293945,509.95001220703125,44.52000045776367,510.54998779296875,259.0,143229500.0
2024-08-19,44.5099983215332,514.5900268554688,44.5099983215332,515.4600219726562,44.5,510.9800109863281,44.5,511.4200134277344,718.0,155311100.0
2024-08-20,44.625,512.27001953125,44.625,515.780029296875,44.54999923706055,512.1799926757812,44.54999923706055,514.72998046875,591.0,126732600.0
2024-08-21,44.6349983215332,513.9500122070312,44.6349983215332,514.6500244140625,44.61000061035156,512.3200073242188,44.619998931884766,512.4400024414062,2886.0,149465800.0
2024-08-22,44.540000915527344,515.739990234375,44.6349983215332,517.280029296875,44.540000915527344,514.239990234375,44.6349983215332,514.239990234375,417.0,147796100.0
2024-08-23,44.64500045776367,518.1300048828125,44.64500045776367,518.72998046875,44.51499938964844,515.8599853515625,44.54999923706055,516.1199951171875,17145.0,129478200.0
2024-08-26,44.59000015258789,518.0499877929688,44.599998474121094,518.9500122070312,44.59000015258789,517.5700073242188,44.599998474121094,518.219970703125,340.0,66324800.0
2024-08-27,44.470001220703125,518.8800048828125,44.474998474121094,519.9199829101562,44.470001220703125,517.72998046875,44.474998474121094,518.3099975585938,169.0,162515000.0
2024-08-28,44.53499984741211,520.5999755859375,44.564998626708984,521.7899780273438,44.53499984741211,519.489990234375,44.560001373291016,519.489990234375,1365.0,133897100.0
2024-08-29,44.470001220703125,524.5700073242188,44.595001220703125,524.75,44.470001220703125,520.7899780273438,44.595001220703125,520.7899780273438,207.0,148180000.0
2024-08-30,44.474998474121094,525.0499877929688,44.57500076293945,526.6599731445312,44.474998474121094,524.530029296875,44.57500076293945,524.530029296875,180.0,244291200.0
2024-09-02,44.38999938964844,524.9400024414062,44.38999938964844,525.0399780273438,44.32500076293945,521.8800048828125,44.375,524.8300170898438,1289.0,117193700.0
2024-09-03,44.52000045776367,519.8400268554688,44.540000915527344,525.5999755859375,44.345001220703125,519.1799926757812,44.39500045776367,525.0,2763.0,201780000.0
2024-09-04,44.689998626708984,514.8200073242188,44.689998626708984,516.8800048828125,44.56999969482422,513.27001953125,44.56999969482422,516.8800048828125,3637.0,162179100.0
2024-09-05,44.70500183105469,512.0499877929688,44.70500183105469,515.3800048828125,44.650001525878906,512.0499877929688,44.650001525878906,514.1300048828125,24.0,163451500.0
2024-09-06,44.81999969482422,506.55999755859375,44.8650016784668,514.0900268554688,44.73500061035156,506.1099853515625,44.8650016784668,511.2200012207031,922.0,174344900.0
2024-09-09,44.834999084472656,510.70001220703125,44.834999084472656,511.9100036621094,44.625,507.3900146484375,44.75,507.3900146484375,1180.0,139516200.0
2024-09-10,44.8849983215332,507.95001220703125,44.8849983215332,512.280029296875,44.79499816894531,507.1000061035156,44.834999084472656,510.69000244140625,620.0,173871600.0
2024-09-11,45.005001068115234,508.0199890136719,45.005001068115234,511.5400085449219,44.94499969482422,506.0,44.96500015258789,508.2799987792969,1545.0,179278100.0
2024-09-12,44.85499954223633,512.0800170898438,44.959999084472656,514.530029296875,44.85499954223633,509.6300048828125,44.959999084472656,510.70001220703125,250.0,239934500.0
2024-09-13,44.89500045776367,515.9500122070312,44.915000915527344,517.0700073242188,44.89500045776367,512.8699951171875,44.904998779296875,512.8699951171875,968.0,155154400.0
2024-09-16,44.9900016784668,515.1099853515625,45.02000045776367,516.510009765625,44.88999938964844,513.989990234375,45.02000045776367,514.7100219726562,486.0,141460900.0
2024-09-17,44.915000915527344,517.1900024414062,45.05500030517578,519.2899780273438,44.915000915527344,516.0700073242188,45.05500030517578,516.0700073242188,293.0,191473400.0
2024-09-18,44.814998626708984,514.5900268554688,44.95500183105469,517.1099853515625,44.779998779296875,514.25,44.95500183105469,517.1099853515625,429.0,189459800.0
2024-09-19,44.79499816894531,521.6699829101562,44.79499816894531,522.3099975585938,44.76499938964844,516.97998046875,44.76499938964844,516.97998046875,1120.0,219860700.0
2024-09-20,44.779998779296875,514.260009765625,44.869998931884766,520.760009765625,44.779998779296875,513.8699951171875,44.869998931884766,520.760009765625,465.0,390894600.0
2024-09-23,44.875,516.3200073242188,44.875,516.72998046875,44.81999969482422,513.280029296875,44.834999084472656,514.489990234375,2988.0,154310800.0
2024-09-24,44.95500183105469,519.7000122070312,44.95500183105469,521.0399780273438,44.95500183105469,517.8200073242188,44.95500183105469,518.219970703125,382.0,189888300.0
2024-09-25,44.8650016784668,519.1400146484375,44.96500015258789,520.3300170898438,44.8650016784668,517.260009765625,44.96500015258789,518.5599975585938,545.0,145208800.0
2024-09-26,44.88999938964844,525.6099853515625,45.029998779296875,526.52001953125,44.88999938964844,521.4299926757812,44.88999938964844,521.4299926757812,1046.0,209040500.0
2024-09-27,44.974998474121094,528.0800170898438,45.04999923706055,528.6799926757812,44.974998474121094,525.5,45.04999923706055,525.5,279.0,187210800.0
2024-09-30,45.029998779296875,522.8900146484375,45.029998779296875,527.75,44.904998779296875,522.3499755859375,44.93000030517578,527.1099853515625,2896.0,201115200.0
2024-10-01,45.23500061035156,520.8800048828125,45.25,525.5499877929688,45.20500183105469,519.3400268554688,45.20500183105469,523.280029296875,10081.0,214236300.0
2024-10-02,45.125,521.1400146484375,45.29999923706055,523.0,45.125,518.6599731445312,45.29999923706055,521.6199951171875,388.0,177821200.0
2024-10-03,45.05500030517578,516.2899780273438,45.05500030517578,519.989990234375,45.05500030517578,515.260009765625,45.05500030517578,519.9400024414062,47.0,209236400.0
2024-10-04,44.970001220703125,518.5599975585938,45.025001525878906,519.5399780273438,44.82500076293945,515.760009765625,45.025001525878906,516.6300048828125,7512.0,180242200.0
2024-10-07,44.849998474121094,519.47998046875,44.8849983215332,520.3400268554688,44.790000915527344,516.6099853515625,44.8849983215332,519.1199951171875,6338.0,157692200.0
2024-10-08,44.814998626708984,516.6400146484375,44.814998626708984,518.1300048828125,44.744998931884766,514.0999755859375,44.790000915527344,518.1300048828125,4099.0,160998800.0
2024-10-09,44.744998931884766,520.0499877929688,44.849998474121094,520.1099853515625,44.744998931884766,516.3699951171875,44.83000183105469,516.77001953125,1706.0,137343900.0
2024-10-10,44.790000915527344,519.1099853515625,44.790000915527344,521.0800170898438,44.72999954223633,517.8099975585938,44.755001068115234,520.219970703125,2238.0,161637000.0
2024-10-11,44.7599983215332,521.97998046875,44.7599983215332,522.489990234375,44.7400016784668,518.02001953125,44.755001068115234,518.9000244140625,155.0,170638300.0
2024-10-14,44.775001525878906,524.760009765625,44.8650016784668,524.760009765625,44.775001525878906,521.3099975585938,44.8650016784668,522.3499755859375,4125.0,153488000.0
2024-10-15,44.93000030517578,520.5700073242188,44.95000076293945,526.5700073242188,44.915000915527344,520.5700073242188,44.915000915527344,525.3499755859375,1067.0,200759000.0
2024-10-16,45.09000015258789,519.5999755859375,45.09000015258789,520.77001953125,45.029998779296875,518.1300048828125,45.040000915527344,518.9500122070312,576.0,203051100.0
2024-10-17,45.064998626708984,523.9099731445312,45.07500076293945,525.6799926757812,45.025001525878906,519.8499755859375,45.025001525878906,519.8599853515625,1460.0,194861100.0
2024-10-18,45.13999938964844,524.989990234375,45.16999816894531,525.5800170898438,45.1150016784668,523.219970703125,45.1349983215332,523.6799926757812,470.0,189932700.0
2024-10-21,44.90999984741211,521.52001953125,45.03499984741211,526.1199951171875,44.90999984741211,521.3599853515625,45.03499984741211,524.3800048828125,695.0,143758200.0
2024-10-22,44.77000045776367,520.4000244140625,44.875,521.7000122070312,44.77000045776367,517.219970703125,44.80500030517578,521.7000122070312,857.0,148727200.0
2024-10-23,44.849998474121094,518.8400268554688,44.89500045776367,521.760009765625,44.79499816894531,518.1900024414062,44.89500045776367,519.6699829101562,838.0,177086500.0
2024-10-24,45.005001068115234,518.97998046875,45.0099983215332,522.510009765625,44.959999084472656,518.97998046875,44.959999084472656,519.0999755859375,418.0,200456900.0
2024-10-25,44.91999816894531,518.8099975585938,44.9900016784668,519.77001953125,44.88999938964844,517.1400146484375,44.96500015258789,518.5499877929688,638.0,183227000.0
2024-10-28,44.96500015258789,520.9500122070312,45.005001068115234,521.7899780273438,44.849998474121094,517.4400024414062,44.849998474121094,519.7899780273438,4859.0,187817000.0
2024-10-29,44.81999969482422,517.989990234375,44.880001068115234,522.9299926757812,44.81999969482422,517.9199829101562,44.845001220703125,521.6300048828125,7521.0,201489900.0
2024-10-30,44.69499969482422,511.510009765625,44.85499954223633,516.5499877929688,44.69499969482422,510.42999267578125,44.85499954223633,516.5499877929688,641.0,209408600.0
2024-10-31,44.665000915527344,505.3900146484375,44.665000915527344,509.9700012207031,44.55500030517578,503.489990234375,44.63999938964844,509.9700012207031,3085.0,245742000.0
2024-11-01,44.64500045776367,510.8999938964844,44.650001525878906,512.1699829101562,44.619998931884766,505.44000244140625,44.650001525878906,505.44000244140625,6407.0,172893900.0
2024-11-04,44.75,509.2099914550781,44.75,512.4000244140625,44.58000183105469,509.2099914550781,44.59000015258789,510.44000244140625,5864.0,181376900.0
2024-11-05,44.6349983215332,509.5299987792969,44.720001220703125,510.7699890136719,44.60499954223633,507.5400085449219,44.720001220703125,509.0400085449219,273.0,170152200.0
2024-11-06,44.70500183105469,506.7799987792969,44.834999084472656,519.260009765625,44.60499954223633,505.9200134277344,44.82500076293945,511.260009765625,463.0,263027200.0
2024-11-07,44.60499954223633,509.9200134277344,44.654998779296875,511.94000244140625,44.60499954223633,507.239990234375,44.654998779296875,507.239990234375,250.0,222583500.0
2024-11-08,44.790000915527344,506.6300048828125,44.80500030517578,511.07000732421875,44.689998626708984,505.4100036621094,44.72999954223633,510.510009765625,2452.0,194696800.0
2024-11-11,44.939998626708984,512.3699951171875,44.939998626708984,513.8499755859375,44.85499954223633,508.95001220703125,44.85499954223633,508.95001220703125,401.0,154350700.0
2024-11-12,44.95000076293945,502.2300109863281,44.970001220703125,510.1700134277344,44.88999938964844,501.8900146484375,44.935001373291016,510.1700134277344,4566.0,217982500.0
2024-11-13,44.85499954223633,501.5899963378906,44.85499954223633,503.2200012207031,44.80500030517578,498.5799865722656,44.84000015258789,501.8800048828125,1446.0,202520900.0
2024-11-14,45.0099983215332,507.0299987792969,45.0099983215332,507.6199951171875,44.79499816894531,502.0899963378906,44.79999923706055,502.6700134277344,1534.0,218117400.0
2024-11-15,44.970001220703125,503.1199951171875,45.025001525878906,505.94000244140625,44.92499923706055,502.5199890136719,45.025001525878906,505.3800048828125,293.0,185502000.0
2024-11-18,44.92499923706055,502.8399963378906,44.939998626708984,503.7799987792969,44.82500076293945,500.010009765625,44.939998626708984,502.70001220703125,1064.0,172339400.0
2024-11-19,44.93000030517578,500.6000061035156,44.93000030517578,505.0,44.915000915527344,495.54998779296875,44.915000915527344,503.7699890136719,541.0,188177900.0
2024-11-20,44.904998779296875,500.489990234375,44.91999816894531,504.0400085449219,44.875,499.55999755859375,44.8849983215332,501.94000244140625,1002.0,166319600.0
2024-11-21,44.974998474121094,502.5400085449219,44.974998474121094,502.8999938964844,44.900001525878906,497.3299865722656,44.900001525878906,500.3299865722656,98.0,183442500.0
2024-11-22,45.119998931884766,508.4700012207031,45.154998779296875,509.20001220703125,45.09000015258789,502.3599853515625,45.154998779296875,503.9599914550781,896.0,189500100.0
2024-11-25,45.23500061035156,508.7799987792969,45.23500061035156,511.2799987792969,45.130001068115234,507.69000244140625,45.130001068115234,509.6400146484375,1371.0,418723700.0
2024-11-26,45.20500183105469,505.8999938964844,45.22999954223633,508.5299987792969,45.189998626708984,504.7200012207031,45.22999954223633,507.6099853515625,955.0,177672300.0
2024-11-27,45.30500030517578,504.9599914550781,45.314998626708984,505.6600036621094,45.255001068115234,502.8599853515625,45.29999923706055,505.6600036621094,13979.0,160403500.0
2024-11-28,45.46500015258789,507.29998779296875,45.46500015258789,508.92999267578125,45.30500030517578,506.0799865722656,45.34000015258789,506.32000732421875,2302.0,121559100.0
2024-11-29,45.560001373291016,510.25,45.560001373291016,510.42999267578125,45.42499923706055,506.0799865722656,45.43000030517578,506.9100036621094,2259.0,161499700.0
2024-12-02,45.689998626708984,513.6099853515625,45.720001220703125,514.4400024414062,45.619998931884766,508.6300048828125,45.619998931884766,509.69000244140625,4020.0,185137200.0
2024-12-03,45.68000030517578,515.530029296875,45.72999954223633,517.280029296875,45.630001068115234,514.25,45.72999954223633,514.25,1376.0,183192200.0
2024-12-04,45.70000076293945,517.4500122070312,45.70000076293945,518.75,45.57500076293945,515.8400268554688,45.63999938964844,516.0499877929688,2942.0,177654700.0
2024-12-05,45.685001373291016,519.530029296875,45.70000076293945,519.6900024414062,45.665000915527344,517.1900024414062,45.70000076293945,517.1900024414062,612.0,204876100.0
2024-12-06,45.720001220703125,520.469970703125,45.720001220703125,521.5700073242188,45.68000030517578,519.1799926757812,45.68000030517578,519.72998046875,892.0,210710800.0
2024-12-09,45.68000030517578,521.219970703125,45.7599983215332,523.1500244140625,45.68000030517578,520.1300048828125,45.720001220703125,521.6500244140625,17215.0,169889700.0
2024-12-10,45.7400016784668,518.489990234375,45.7400016784668,520.8499755859375,45.665000915527344,518.3900146484375,45.665000915527344,520.530029296875,45.0,159838400.0
2024-12-11,45.63999938964844,519.9500122070312,45.7400016784668,520.52001953125,45.63999938964844,517.030029296875,45.73500061035156,517.6900024414062,5149.0,244686700.0
2024-12-12,45.45000076293945,519.2000122070312,45.6150016784668,520.6699829101562,45.45000076293945,518.6900024414062,45.59000015258789,520.1599731445312,1162.0,166970000.0
2024-12-13,45.345001220703125,516.4500122070312,45.375,519.260009765625,45.345001220703125,515.5999755859375,45.375,518.2100219726562,519.0,191704700.0
2024-12-16,45.29999923706055,515.8300170898438,45.380001068115234,516.52001953125,45.29999923706055,514.3599853515625,45.35499954223633,516.2999877929688,254.0,231047100.0
2024-12-17,45.35499954223633,513.6599731445312,45.35499954223633,514.739990234375,45.224998474121094,512.3900146484375,45.224998474121094,514.260009765625,690.0,303102500.0
2024-12-18,45.314998626708984,514.4299926757812,45.404998779296875,515.3499755859375,45.26499938964844,513.0700073242188,45.404998779296875,513.8599853515625,845.0,199892800.0
2024-12-19,45.150001525878906,506.6600036621094,45.220001220703125,511.1600036621094,45.084999084472656,505.4100036621094,45.220001220703125,511.1600036621094,5396.0,250237300.0
2024-12-20,45.18000030517578,502.19000244140625,45.220001220703125,504.9700012207031,45.18000030517578,496.3900146484375,45.185001373291016,504.9700012207031,622.0,382499300.0
2024-12-23,45.125,502.9100036621094,45.2599983215332,504.19000244140625,45.1150016784668,501.0799865722656,45.2599983215332,502.2099914550781,296.0,129450500.0
2024-12-24,45.1349983215332,,45.19499969482422,,45.1349983215332,,45.19499969482422,,539.0,
2024-12-27,45.0,507.17999267578125,45.099998474121094,507.17999267578125,44.94499969482422,502.8699951171875,45.099998474121094,503.30999755859375,4593.0,118605800.0
2024-12-30,45.07500076293945,504.8500061035156,45.07500076293945,506.8800048828125,45.02000045776367,503.54998779296875,45.040000915527344,506.30999755859375,2914.0,96518300.0
2024-12-31,45.07500076293945,,45.07500076293945,,45.07500076293945,,45.07500076293945,,0.0,
2025-01-02,45.04499816894531,,45.16999816894531,,45.04499816894531,,45.07500076293945,,7818.0,
2025-01-03,44.880001068115234,508.19000244140625,44.95000076293945,510.8699951171875,44.849998474121094,507.260009765625,44.95000076293945,510.8699951171875,2402.0,154964000.0
2025-01-06,44.85499954223633,513.02001953125,44.8650016784668,513.0800170898438,44.79999923706055,508.4200134277344,44.814998626708984,508.79998779296875,5510.0,178454100.0
2025-01-07,44.79499816894531,514.6699829101562,44.84000015258789,515.6599731445312,44.79499816894531,511.010009765625,44.84000015258789,513.0800170898438,370.0,193612400.0
2025-01-08,44.650001525878906,513.6699829101562,44.76499938964844,517.2000122070312,44.650001525878906,510.9700012207031,44.76499938964844,514.9600219726562,876.0,215930200.0
2025-01-09,44.630001068115234,515.8400268554688,44.6349983215332,516.22998046875,44.56999969482422,511.2699890136719,44.599998474121094,512.3400268554688,1024.0,176351800.0
2025-01-10,44.5099983215332,511.5,44.55500030517578,516.02001953125,44.5,511.2099914550781,44.54999923706055,515.6500244140625,14447.0,202780400.0
2025-01-13,44.435001373291016,508.67999267578125,44.435001373291016,510.2900085449219,44.375,506.489990234375,44.3849983215332,510.2900085449219,593.0,178833500.0
2025-01-14,44.35499954223633,508.2799987792969,44.560001373291016,511.94000244140625,44.35499954223633,507.989990234375,44.560001373291016,509.9599914550781,347.0,214098400.0
2025-01-15,44.64500045776367,515.02001953125,44.650001525878906,515.8099975585938,44.404998779296875,508.75,44.415000915527344,508.75,5721.0,233516500.0
2025-01-16,44.67499923706055,520.0499877929688,44.67499923706055,520.0499877929688,44.564998626708984,516.72998046875,44.625,516.72998046875,221.0,192327000.0
2025-01-17,44.72999954223633,523.6199951171875,44.79499816894531,524.47998046875,44.72999954223633,520.8900146484375,44.775001525878906,520.8900146484375,510.0,224730500.0
2025-01-20,44.79999923706055,523.8699951171875,44.8650016784668,525.5599975585938,44.72999954223633,522.5999755859375,44.8650016784668,523.5999755859375,1377.0,190601800.0
2025-01-21,44.82500076293945,525.97998046875,44.82500076293945,526.030029296875,44.775001525878906,523.4400024414062,44.779998779296875,524.1699829101562,1010.0,178038500.0
2025-01-22,44.79999923706055,528.0399780273438,44.849998474121094,530.5499877929688,44.79999923706055,526.9500122070312,44.84000015258789,526.9500122070312,386.0,217855000.0
2025-01-23,44.7400016784668,530.3400268554688,44.91999816894531,530.5,44.7400016784668,526.989990234375,44.91999816894531,528.6199951171875,182.0,213013600.0
2025-01-24,44.72999954223633,530.0700073242188,44.814998626708984,533.25,44.665000915527344,529.1500244140625,44.814998626708984,531.4400024414062,544.0,190560900.0
2025-01-27,44.81999969482422,529.6900024414062,44.875,530.6199951171875,44.78499984741211,525.52001953125,44.875,529.6099853515625,378.0,180865400.0
2025-01-28,44.720001220703125,531.5999755859375,44.810001373291016,533.760009765625,44.720001220703125,530.4199829101562,44.7400016784668,530.6599731445312,511.0,225892800.0
2025-01-29,44.709999084472656,534.260009765625,44.8849983215332,535.5700073242188,44.709999084472656,532.1300048828125,44.8849983215332,532.2999877929688,288.0,185155900.0
2025-01-30,44.880001068115234,538.8400268554688,44.91999816894531,539.0800170898438,44.85499954223633,535.1799926757812,44.85499954223633,535.1799926757812,892.0,182883800.0
2025-01-31,45.040000915527344,539.530029296875,45.09000015258789,542.0900268554688,44.904998779296875,538.8400268554688,44.904998779296875,539.7899780273438,60748.0,218335300.0
2025-02-03,45.26499938964844,534.8499755859375,45.26499938964844,535.780029296875,45.17499923706055,530.6900024414062,45.220001220703125,535.780029296875,1748.0,196428700.0
2025-02-04,45.2400016784668,536.0399780273438,45.244998931884766,536.2999877929688,45.14500045776367,531.3800048828125,45.14500045776367,535.3300170898438,1309.0,222701200.0
2025-02-05,45.35499954223633,538.5599975585938,45.400001525878906,538.5599975585938,45.35499954223633,535.010009765625,45.369998931884766,535.7899780273438,6506.0,191761200.0
2025-02-06,45.38999938964844,544.8400268554688,45.404998779296875,545.4600219726562,45.314998626708984,539.7899780273438,45.314998626708984,539.7899780273438,3583.0,225819200.0
2025-02-07,45.32500076293945,542.75,45.39500045776367,545.5900268554688,45.27000045776367,542.0999755859375,45.39500045776367,544.3800048828125,20711.0,297915300.0
2025-02-10,45.369998931884766,545.9199829101562,45.474998474121094,546.5,45.349998474121094,543.3099975585938,45.40999984741211,543.3099975585938,12945.0,228620100.0
2025-02-11,45.165000915527344,547.1799926757812,45.32500076293945,547.5399780273438,45.1349983215332,545.0999755859375,45.26499938964844,545.3900146484375,101208.0,224932000.0
2025-02-12,45.04499816894531,547.780029296875,45.16999816894531,548.5900268554688,45.025001525878906,545.0599975585938,45.16999816894531,547.4099731445312,2105.0,238844200.0
2025-02-13,45.2400016784668,553.75,45.2400016784668,553.75,45.1150016784668,548.8400268554688,45.1150016784668,549.0700073242188,704.0,282930000.0
2025-02-14,45.224998474121094,552.4099731445312,45.27000045776367,554.6099853515625,45.16999816894531,551.5599975585938,45.244998931884766,553.5999755859375,341.0,303266900.0
2025-02-17,45.09000015258789,555.4199829101562,45.125,555.6900024414062,45.07500076293945,552.6699829101562,45.07500076293945,552.7999877929688,14182.0,193007500.0
2025-02-18,45.11000061035156,557.1699829101562,45.130001068115234,557.9600219726562,45.095001220703125,554.760009765625,45.099998474121094,556.5700073242188,3799.0,191186200.0
2025-02-19,44.970001220703125,552.0999755859375,45.04999923706055,557.6099853515625,44.91999816894531,551.0999755859375,45.04999923706055,557.0,206.0,228865700.0
2025-02-20,44.96500015258789,551.010009765625,44.994998931884766,553.989990234375,44.94499969482422,550.2999877929688,44.95000076293945,551.5900268554688,11053.0,241310000.0
2025-02-21,45.15999984741211,553.8499755859375,45.30500030517578,554.5999755859375,45.07500076293945,551.6599731445312,45.07500076293945,551.6599731445312,57.0,216410900.0
2025-02-24,45.150001525878906,553.3900146484375,45.16999816894531,555.3499755859375,45.07500076293945,550.5700073242188,45.150001525878906,553.9500122070312,3268.0,215164200.0
2025-02-25,45.23500061035156,554.2000122070312,45.23500061035156,557.0399780273438,45.18000030517578,551.97998046875,45.18000030517578,552.4299926757812,1521.0,223510200.0
2025-02-26,45.28499984741211,559.6699829101562,45.290000915527344,560.5599975585938,45.26499938964844,555.1500244140625,45.279998779296875,555.1500244140625,587.0,239396700.0
2025-02-27,45.29499816894531,557.1099853515625,45.29499816894531,558.4099731445312,45.25,554.239990234375,45.26499938964844,558.4099731445312,667.0,250718000.0
2025-02-28,45.3650016784668,557.1900024414062,45.3650016784668,557.1900024414062,45.310001373291016,552.2000122070312,45.310001373291016,555.25,1649.0,412114100.0
2025-03-03,45.14500045776367,563.1300048828125,45.38999938964844,565.1799926757812,45.084999084472656,556.25,45.38999938964844,557.7000122070312,7815.0,255094900.0
2025-03-04,45.14500045776367,551.0700073242188,45.20500183105469,561.030029296875,45.16999816894531,550.5999755859375,45.16999816894531,561.030029296875,404.0,275368300.0
2025-03-05,44.474998474121094,556.0900268554688,44.790000915527344,560.760009765625,44.4900016784668,551.510009765625,44.790000915527344,551.510009765625,18177.0,285192500.0
2025-03-06,44.275001525878906,555.9000244140625,44.3849983215332,558.4299926757812,44.2400016784668,551.0900268554688,44.310001373291016,557.0399780273438,3189.0,269849100.0
2025-03-07,44.38999938964844,553.3499755859375,44.51499938964844,555.1699829101562,44.38999938964844,550.4299926757812,44.415000915527344,554.3300170898438,5830.0,234456000.0
2025-03-10,44.39500045776367,546.2000122070312,44.494998931884766,555.9600219726562,44.39500045776367,545.5399780273438,44.40999984741211,554.6500244140625,3717.0,286221300.0
2025-03-11,44.27000045776367,536.8900146484375,44.38999938964844,546.7999877929688,44.25,535.9199829101562,44.38999938964844,545.7000122070312,3293.0,253014100.0
2025-03-12,44.28499984741211,541.25,44.349998474121094,544.6900024414062,44.224998474121094,537.9199829101562,44.2599983215332,538.5499877929688,3951.0,214039200.0
2025-03-13,44.30500030517578,540.4400024414062,44.310001373291016,544.5800170898438,44.2400016784668,539.2999877929688,44.2400016784668,541.3900146484375,2817.0,199663500.0
2025-03-14,44.29499816894531,546.5999755859375,44.29499816894531,547.22998046875,44.13999938964844,539.8800048828125,44.279998779296875,541.1300048828125,3494.0,252948400.0
2025-03-17,44.494998931884766,550.9400024414062,44.5,551.4099731445312,44.345001220703125,546.9199829101562,44.345001220703125,547.27001953125,578.0,203039300.0
2025-03-18,44.43000030517578,554.2999877929688,44.505001068115234,555.8200073242188,44.380001068115234,551.6900024414062,44.505001068115234,551.6900024414062,5061.0,264168700.0
2025-03-19,44.5,555.3699951171875,44.54999923706055,556.1300048828125,44.4900016784668,552.3800048828125,44.54999923706055,554.2999877929688,871.0,195106800.0
2025-03-20,44.505001068115234,552.97998046875,44.59000015258789,556.469970703125,44.505001068115234,549.8699951171875,44.59000015258789,555.4500122070312,883.0,224136500.0
2025-03-21,44.560001373291016,549.6699829101562,44.595001220703125,551.4600219726562,44.540000915527344,547.3900146484375,44.584999084472656,551.3499755859375,1523.0,430346800.0
2025-03-24,44.53499984741211,548.9299926757812,44.525001525878906,553.010009765625,44.51499938964844,547.6599731445312,44.52000045776367,551.1300048828125,161.0,189632900.0
2025-03-25,44.525001525878906,552.5900268554688,44.525001525878906,555.0599975585938,44.435001373291016,549.8300170898438,44.470001220703125,549.8300170898438,1264.0,237231700.0
2025-03-26,44.52000045776367,548.72998046875,44.52000045776367,553.5900268554688,44.505001068115234,548.4099731445312,44.52000045776367,552.760009765625,612.0,192540000.0
2025-03-27,44.56999969482422,546.3099975585938,44.595001220703125,547.1400146484375,44.51499938964844,542.7100219726562,44.595001220703125,546.5,3770.0,245755500.0
2025-03-28,44.68000030517578,542.0999755859375,44.68000030517578,546.469970703125,44.68000030517578,540.4400024414062,44.68000030517578,545.4099731445312,49.0,215464600.0
2025-03-31,44.650001525878906,533.9199829101562,44.810001373291016,540.22998046875,44.61000061035156,531.8499755859375,44.810001373291016,540.22998046875,3745.0,249028700.0
2025-04-01,44.779998779296875,539.6400146484375,44.86000061035156,540.8300170898438,44.779998779296875,536.0399780273438,44.810001373291016,536.1799926757812,1757.0,201445300.0
2025-04-02,44.71500015258789,536.9199829101562,44.814998626708984,538.5,44.71500015258789,533.0999755859375,44.79999923706055,538.5,537.0,179240100.0
2025-04-03,44.86000061035156,523.1199951171875,44.875,532.77001953125,44.82500076293945,521.6400146484375,44.869998931884766,532.77001953125,14533.0,335875100.0
2025-04-04,44.97999954223633,496.3299865722656,45.10499954223633,519.8499755859375,44.95000076293945,492.2300109863281,45.07500076293945,519.8499755859375,6887.0,441242800.0
2025-04-07,44.959999084472656,474.010009765625,45.165000915527344,495.0899963378906,44.904998779296875,464.260009765625,45.165000915527344,493.2900085449219,15092.0,491830000.0
2025-04-08,44.71500015258789,486.9100036621094,44.86000061035156,492.1099853515625,44.70500183105469,477.0400085449219,44.86000061035156,477.2099914550781,2957.0,328374700.0
2025-04-09,44.83000183105469,469.8900146484375,44.8650016784668,480.70001220703125,44.67499923706055,464.30999755859375,44.67499923706055,480.70001220703125,3383.0,316160600.0
2025-04-10,44.98500061035156,487.2799987792969,44.98500061035156,504.1099853515625,44.779998779296875,472.5,44.849998474121094,472.5,1125.0,345971100.0
2025-04-11,44.92499923706055,486.79998779296875,45.10499954223633,491.0799865722656,44.8849983215332,479.54998779296875,44.8849983215332,488.4200134277344,150.0,262693600.0
2025-04-14,45.064998626708984,499.8900146484375,45.11000061035156,501.760009765625,45.029998779296875,491.1199951171875,45.060001373291016,491.1199951171875,785.0,204021800.0
2025-04-15,45.08000183105469,508.05999755859375,45.15999984741211,508.4599914550781,45.04999923706055,500.8999938964844,45.15999984741211,500.8999938964844,8402.0,218101000.0
2025-04-16,45.17499923706055,507.0899963378906,45.20000076293945,507.1600036621094,45.1349983215332,501.1600036621094,45.20000076293945,506.32000732421875,4554.0,217891400.0
2025-04-17,45.275001525878906,506.4200134277344,45.2599983215332,507.1300048828125,45.095001220703125,503.5,45.10499954223633,506.489990234375,210.0,174399600.0
2025-04-22,45.334999084472656,507.7099914550781,45.33000183105469,507.7099914550781,45.28499984741211,502.2900085449219,45.31999969482422,504.9700012207031,704.0,222872200.0
2025-04-23,45.334999084472656,516.77001953125,45.334999084472656,519.5599975585938,45.22999954223633,509.8299865722656,45.30500030517578,509.8299865722656,3687.0,255010900.0
2025-04-24,45.459999084472656,518.6099853515625,45.404998779296875,518.9600219726562,45.334999084472656,512.7899780273438,45.334999084472656,515.5399780273438,4091.0,237638900.0
2025-04-25,45.34000015258789,520.4500122070312,45.38999938964844,521.969970703125,45.34000015258789,518.4099731445312,45.38999938964844,519.4199829101562,393.0,186987700.0
2025-04-28,45.2599983215332,523.1900024414062,45.29499816894531,524.5700073242188,45.2599983215332,521.6099853515625,45.29499816894531,521.6099853515625,151.0,173698600.0
2025-04-29,45.29499816894531,525.0900268554688,45.33000183105469,525.469970703125,45.275001525878906,522.9199829101562,45.275001525878906,523.4500122070312,89.0,190724000.0
2025-04-30,45.404998779296875,527.47998046875,45.404998779296875,527.8300170898438,45.375,521.9199829101562,45.38999938964844,525.6099853515625,6342.0,303699700.0
2025-05-02,45.22999954223633,536.4299926757812,45.375,536.989990234375,45.2400016784668,530.510009765625,45.375,530.510009765625,3007.0,225865600.0
2025-05-05,45.279998779296875,537.3099975585938,45.279998779296875,537.6900024414062,45.15999984741211,535.8400268554688,45.15999984741211,536.0399780273438,557.0,78161300.0
2025-05-06,45.20500183105469,536.3499755859375,45.22999954223633,538.5700073242188,45.150001525878906,532.02001953125,45.22999954223633,537.3499755859375,2618.0,220312300.0
2025-05-07,45.39500045776367,533.469970703125,45.35499954223633,535.469970703125,45.290000915527344,532.5599975585938,45.290000915527344,535.3599853515625,34316.0,246084700.0
2025-05-08,45.30500030517578,535.6300048828125,45.369998931884766,538.6300048828125,45.314998626708984,533.8800048828125,45.36000061035156,533.8800048828125,529.0,244815500.0
2025-05-09,45.21500015258789,537.9600219726562,45.21500015258789,538.8900146484375,45.14500045776367,535.9500122070312,45.14500045776367,535.9500122070312,1259.0,197215300.0
2025-05-12,45.029998779296875,544.489990234375,45.07500076293945,544.5,45.005001068115234,538.3400268554688,45.060001373291016,538.3400268554688,605.0,247086600.0
2025-05-13,44.9900016784668,545.1699829101562,45.02000045776367,546.1300048828125,44.96500015258789,544.4000244140625,45.02000045776367,544.4199829101562,73.0,186579200.0
2025-05-14,44.939998626708984,543.8800048828125,45.01499938964844,545.7899780273438,44.939998626708984,542.3499755859375,45.01499938964844,545.0999755859375,1741.0,230732500.0
2025-05-15,45.13999938964844,546.9500122070312,45.13999938964844,546.9500122070312,44.71500015258789,540.97998046875,44.71500015258789,542.1300048828125,535.0,250922500.0
2025-05-16,45.21500015258789,549.260009765625,45.29499816894531,550.8599853515625,45.21500015258789,546.8300170898438,45.25,547.8900146484375,15411.0,227525200.0
2025-05-19,45.244998931884766,549.97998046875,45.26499938964844,549.989990234375,45.060001373291016,545.1599731445312,45.26499938964844,547.8900146484375,744.0,202697800.0
2025-05-20,45.16999816894531,554.02001953125,45.29499816894531,554.8800048828125,45.16999816894531,550.25,45.244998931884766,550.530029296875,148.0,209435000.0
2025-05-21,45.1150016784668,553.8200073242188,45.1150016784668,554.22998046875,45.025001525878906,550.260009765625,45.029998779296875,553.77001953125,836.0,202691100.0
2025-05-22,45.060001373291016,550.27001953125,45.084999084472656,552.5599975585938,45.040000915527344,546.989990234375,45.084999084472656,552.5599975585938,544.0,202146000.0
2025-05-23,45.21500015258789,545.1300048828125,45.29499816894531,552.219970703125,45.130001068115234,537.3900146484375,45.13999938964844,550.3599853515625,2529.0,254934000.0
2025-05-26,45.28499984741211,550.5,45.310001373291016,550.8699951171875,45.125,547.219970703125,45.125,547.219970703125,2822.0,72766800.0
2025-05-27,45.3849983215332,552.3200073242188,45.41999816894531,554.1699829101562,45.334999084472656,550.4500122070312,45.41999816894531,550.4500122070312,1472.0,244223000.0
2025-05-28,45.349998474121094,548.9299926757812,45.36000061035156,553.3900146484375,45.29999923706055,548.9299926757812,45.334999084472656,552.1900024414062,2783.0,190391400.0
2025-05-29,45.470001220703125,,45.470001220703125,,45.279998779296875,,45.279998779296875,,431.0,
2025-05-30,45.47999954223633,548.6699829101562,45.525001525878906,551.5399780273438,45.380001068115234,547.2999877929688,45.525001525878906,547.8099975585938,9679.0,395997300.0
2025-06-02,45.44499969482422,547.9199829101562,45.439998626708984,548.5900268554688,45.375,544.3599853515625,45.38999938964844,547.3499755859375,412.0,167435300.0
2025-06-03,45.494998931884766,548.4400024414062,45.59000015258789,549.510009765625,45.474998474121094,545.1599731445312,45.59000015258789,548.5399780273438,598.0,168157500.0
2025-06-04,45.439998626708984,551.02001953125,45.47999954223633,552.3699951171875,45.400001525878906,549.52001953125,45.439998626708984,549.6300048828125,454.0,188783000.0
2025-06-05,45.29999923706055,551.8800048828125,45.54499816894531,553.780029296875,45.45000076293945,549.2899780273438,45.45000076293945,551.0999755859375,344.0,170632800.0
2025-06-06,45.40999984741211,553.6400146484375,45.45000076293945,554.2100219726562,45.400001525878906,551.3699951171875,45.45000076293945,551.6300048828125,730.0,160999000.0
2025-06-09,45.369998931884766,,45.525001525878906,,45.31999969482422,,45.525001525878906,,27.0,
2025-06-10,45.48500061035156,553.1199951171875,45.51499938964844,554.0900268554688,45.42499923706055,551.469970703125,45.435001373291016,553.0,4552.0,180210400.0
2025-06-11,45.470001220703125,551.6400146484375,45.5099983215332,554.219970703125,45.44499969482422,551.6400146484375,45.5099983215332,552.9099731445312,890.0,175314400.0
2025-06-12,45.61000061035156,549.8400268554688,45.69499969482422,551.25,45.564998626708984,546.219970703125,45.58000183105469,550.4299926757812,2268.0,176955900.0
2025-06-13,45.42499923706055,544.9400024414062,45.599998474121094,547.489990234375,45.494998931884766,543.5,45.599998474121094,547.489990234375,253.0,195970200.0
2025-06-16,45.459999084472656,546.9099731445312,45.4900016784668,547.7999877929688,45.30500030517578,544.8699951171875,45.415000915527344,544.9299926757812,3151.0,198451100.0
2025-06-17,45.39500045776367,542.260009765625,45.45500183105469,544.760009765625,45.380001068115234,540.6099853515625,45.380001068115234,544.760009765625,302.0,194525300.0
2025-06-18,45.5099983215332,540.3300170898438,45.5099983215332,542.6099853515625,45.39500045776367,539.3200073242188,45.39500045776367,541.8400268554688,1210.0,180717800.0
2025-06-19,45.439998626708984,535.8599853515625,45.5,538.8599853515625,45.439998626708984,535.8599853515625,45.4900016784668,538.72998046875,1363.0,157875400.0
2025-06-20,45.44499969482422,536.530029296875,45.45000076293945,540.4600219726562,45.3849983215332,536.260009765625,45.404998779296875,536.5700073242188,423.0,410593200.0
2025-06-23,45.494998931884766,535.030029296875,45.494998931884766,537.4099731445312,45.375,532.3400268554688,45.400001525878906,535.5700073242188,78.0,161077500.0
2025-06-24,45.46500015258789,540.97998046875,45.46500015258789,543.2000122070312,45.375,537.8599853515625,45.375,537.8599853515625,3108.0,232438100.0
2025-06-25,45.415000915527344,536.97998046875,45.474998474121094,543.1400146484375,45.474998474121094,536.8800048828125,45.474998474121094,541.6599731445312,27.0,167242000.0
2025-06-26,45.46500015258789,537.47998046875,45.5099983215332,539.0499877929688,45.43000030517578,536.0999755859375,45.470001220703125,537.489990234375,508.0,180655100.0
2025-06-27,45.3849983215332,543.6300048828125,45.45500183105469,543.6300048828125,45.36000061035156,539.510009765625,45.45500183105469,539.510009765625,277.0,161210200.0
2025-06-30,45.38999938964844,541.3699951171875,45.459999084472656,544.9500122070312,45.38999938964844,540.8699951171875,45.459999084472656,544.5499877929688,2044.0,172195400.0
2025-07-01,45.439998626708984,540.25,45.55500030517578,542.5700073242188,45.42499923706055,537.4400024414062,45.42499923706055,541.8400268554688,19502.0,176752700.0
2025-07-02,45.3849983215332,541.2100219726562,45.470001220703125,543.489990234375,45.310001373291016,538.8400268554688,45.44499969482422,541.469970703125,869.0,220473200.0
2025-07-03,45.459999084472656,543.760009765625,45.474998474121094,543.760009765625,45.45500183105469,541.3499755859375,45.45500183105469,542.2100219726562,2583.0,157792800.0
2025-07-04,45.51499938964844,541.1300048828125,45.59000015258789,542.4600219726562,45.51499938964844,538.8200073242188,45.59000015258789,542.4600219726562,2126.0,114465300.0
2025-07-07,45.41999816894531,543.5,45.595001220703125,543.6599731445312,45.41999816894531,540.739990234375,45.595001220703125,541.02001953125,623.0,138331400.0
2025-07-08,45.310001373291016,545.7100219726562,45.334999084472656,545.7899780273438,45.27000045776367,542.219970703125,45.27000045776367,543.6400146484375,315.0,172163300.0
2025-07-09,45.334999084472656,549.9600219726562,45.345001220703125,550.72998046875,45.345001220703125,546.0499877929688,45.345001220703125,546.4500122070312,209.0,178631100.0
2025-07-10,45.275001525878906,552.9299926757812,45.41999816894531,553.489990234375,45.275001525878906,550.7899780273438,45.41999816894531,550.7899780273438,6156.0,175208800.0
2025-07-11,45.220001220703125,547.3400268554688,45.35499954223633,551.8699951171875,45.19499969482422,546.6400146484375,45.35499954223633,551.8699951171875,220.0,156370200.0
2025-07-14,45.20500183105469,546.989990234375,45.314998626708984,546.989990234375,45.15999984741211,544.1599731445312,45.314998626708984,545.3400268554688,478.0,123498000.0
2025-07-15,45.25,544.9500122070312,45.36000061035156,548.97998046875,45.25,544.7899780273438,45.36000061035156,547.2000122070312,525.0,146409500.0
2025-07-16,45.31999969482422,541.8400268554688,45.31999969482422,545.6599731445312,45.23500061035156,541.8300170898438,45.23500061035156,543.6099853515625,32.0,153072000.0
2025-07-17,45.369998931884766,547.030029296875,45.375,547.219970703125,45.290000915527344,544.510009765625,45.290000915527344,544.510009765625,720.0,133342700.0
2025-07-18,45.2599983215332,547.0,45.349998474121094,549.5399780273438,45.255001068115234,546.4099731445312,45.349998474121094,547.8900146484375,974.0,162900200.0
2025-07-21,45.51499938964844,546.5800170898438,45.53499984741211,547.530029296875,45.404998779296875,544.75,45.435001373291016,547.239990234375,1435.0,151591100.0
2025-07-22,45.55500030517578,544.3400268554688,45.55500030517578,545.780029296875,45.470001220703125,542.72998046875,45.470001220703125,545.780029296875,237.0,138969900.0
2025-07-23,45.57500076293945,550.219970703125,45.58000183105469,551.27001953125,45.54999923706055,546.3699951171875,45.58000183105469,546.3699951171875,570.0,190893700.0
2025-07-24,45.334999084472656,551.5499877929688,45.44499969482422,554.0399780273438,45.334999084472656,550.5700073242188,45.44499969482422,551.5999755859375,857.0,206061200.0
2025-07-25,45.314998626708984,549.9500122070312,45.314998626708984,550.6799926757812,45.16999816894531,548.010009765625,45.224998474121094,550.6799926757812,3476.0,198606700.0
2025-07-28,45.400001525878906,548.760009765625,45.415000915527344,555.0399780273438,45.34000015258789,548.1300048828125,45.3849983215332,552.5599975585938,5237.0,147176700.0
2025-07-29,45.404998779296875,550.3599853515625,45.42499923706055,554.219970703125,45.380001068115234,549.4199829101562,45.400001525878906,549.4199829101562,558.0,174100200.0
2025-07-30,45.345001220703125,550.239990234375,45.41999816894531,551.47998046875,45.34000015258789,548.75,45.415000915527344,550.0800170898438,4835.0,186809100.0
2025-07-31,45.380001068115234,546.1099853515625,45.400001525878906,552.9500122070312,45.35499954223633,545.9400024414062,45.369998931884766,550.9199829101562,17141.0,231547500.0
2025-08-01,45.415000915527344,,45.43000030517578,,45.31999969482422,,45.349998474121094,,820.0,
2025-08-04,45.54499816894531,540.5999755859375,45.57500076293945,540.6099853515625,45.39500045776367,535.969970703125,45.470001220703125,536.4400024414062,10066.0,225178600.0
2025-08-05,45.58000183105469,541.4000244140625,45.58000183105469,543.6400146484375,45.529998779296875,540.739990234375,45.564998626708984,541.75,516.0,170716600.0
2025-08-06,45.51499938964844,541.0700073242188,45.540000915527344,543.6500244140625,45.4900016784668,540.1900024414062,45.540000915527344,542.2999877929688,1574.0,207171100.0
2025-08-07,45.57500076293945,546.0499877929688,45.59000015258789,547.4000244140625,45.540000915527344,540.530029296875,45.59000015258789,540.530029296875,1341.0,199185600.0
2025-08-08,45.40999984741211,547.0800170898438,45.599998474121094,548.22998046875,45.400001525878906,546.010009765625,45.599998474121094,546.4600219726562,6596.0,185085100.0
2025-08-11,45.39500045776367,546.760009765625,45.5,549.2000122070312,45.39500045776367,546.2100219726562,45.5,548.1900024414062,18028.0,139779600.0
2025-08-12,45.279998779296875,547.8900146484375,45.44499969482422,548.8900146484375,45.25,546.0900268554688,45.44499969482422,547.760009765625,364.0,141833200.0
2025-08-13,45.494998931884766,550.8499755859375,45.45500183105469,551.22998046875,45.45000076293945,548.6799926757812,45.45000076293945,548.6799926757812,335.0,156262700.0
2025-08-14,45.41999816894531,553.8699951171875,45.564998626708984,553.8699951171875,45.415000915527344,551.1099853515625,45.564998626708984,551.1099853515625,3281.0,152867700.0
2025-08-15,45.23500061035156,553.5599975585938,45.404998779296875,556.4099731445312,45.349998474121094,553.0900268554688,45.404998779296875,554.47998046875,168.0,161863500.0
2025-08-18,45.25,554.010009765625,45.33000183105469,554.5800170898438,45.2599983215332,552.1900024414062,45.33000183105469,554.0599975585938,445.0,181886100.0
2025-08-19,45.279998779296875,557.8099975585938,45.28499984741211,558.219970703125,45.2400016784668,554.3400268554688,45.2400016784668,554.3400268554688,148.0,154711900.0
2025-08-20,45.3849983215332,559.0900268554688,45.34000015258789,559.8200073242188,45.34000015258789,555.739990234375,45.34000015258789,557.3599853515625,242.0,146961900.0
2025-08-21,45.279998779296875,559.0700073242188,45.439998626708984,559.2999877929688,45.244998931884766,556.4600219726562,45.439998626708984,559.1099853515625,237.0,123967600.0
2025-08-22,45.400001525878906,561.2999877929688,45.400001525878906,563.280029296875,45.2599983215332,558.2100219726562,45.31999969482422,558.75,2810.0,137161400.0
2025-08-25,45.20500183105469,558.8200073242188,45.23500061035156,561.1199951171875,45.20500183105469,558.6799926757812,45.23500061035156,560.8300170898438,268.0,64077500.0
2025-08-26,45.31999969482422,554.2000122070312,45.31999969482422,557.2899780273438,45.22999954223633,553.3699951171875,45.2599983215332,557.2899780273438,241.0,322539000.0
2025-08-27,45.310001373291016,554.760009765625,45.310001373291016,556.239990234375,45.26499938964844,553.3499755859375,45.29999923706055,554.9000244140625,2459.0,147080100.0
2025-08-28,45.345001220703125,553.6699829101562,45.345001220703125,556.7899780273438,45.32500076293945,552.6500244140625,45.34000015258789,555.1199951171875,442.0,192977900.0
2025-08-29,45.30500030517578,550.1400146484375,45.415000915527344,553.4500122070312,45.279998779296875,549.97998046875,45.415000915527344,552.8099975585938,2540.0,184180100.0
2025-09-01,45.20000076293945,551.4299926757812,45.29999923706055,552.5700073242188,45.20000076293945,550.4000244140625,45.29999923706055,550.4600219726562,113.0,111978200.0
2025-09-02,45.095001220703125,543.1699829101562,45.165000915527344,551.2000122070312,45.08000183105469,543.1699829101562,45.15999984741211,551.2000122070312,6266.0,166487700.0
2025-09-03,45.209999084472656,546.780029296875,45.21500015258789,547.530029296875,45.13999938964844,543.5999755859375,45.13999938964844,544.5599975585938,3077.0,155702500.0
2025-09-04,45.31999969482422,550.0900268554688,45.334999084472656,550.47998046875,45.29999923706055,546.47998046875,45.334999084472656,546.8800048828125,623.0,146451900.0
2025-09-05,45.46500015258789,549.2100219726562,45.46500015258789,552.6900024414062,45.31999969482422,548.0599975585938,45.349998474121094,550.9000244140625,84.0,141877100.0
2025-09-08,45.5099983215332,552.0399780273438,45.529998779296875,552.5999755859375,45.44499969482422,550.0800170898438,45.474998474121094,550.260009765625,1880.0,123366300.0
2025-09-09,45.474998474121094,552.3900146484375,45.525001525878906,554.0499877929688,45.459999084472656,551.0800170898438,45.525001525878906,552.5499877929688,93.0,160613600.0
2025-09-10,45.494998931884766,552.2899780273438,45.525001525878906,555.6599731445312,45.48500061035156,551.8800048828125,45.505001068115234,553.8300170898438,1703.0,206137900.0
2025-09-11,45.55500030517578,555.3300170898438,45.619998931884766,555.8699951171875,45.5,552.52001953125,45.619998931884766,552.6199951171875,280.0,148182100.0
2025-09-12,45.41999816894531,554.8400268554688,45.470001220703125,556.5,45.415000915527344,553.4500122070312,45.45500183105469,555.3900146484375,2606.0,143532000.0
2025-09-15,45.48500061035156,557.1599731445312,45.48500061035156,558.6599731445312,45.45000076293945,555.97998046875,45.45000076293945,555.97998046875,161.0,174223300.0
2025-09-16,45.4900016784668,550.7899780273438,45.540000915527344,557.5599975585938,45.45000076293945,550.6599731445312,45.540000915527344,557.1699829101562,269.0,214767300.0
2025-09-17,45.5,550.6300048828125,45.540000915527344,552.3800048828125,45.46500015258789,550.1699829101562,45.52000045776367,551.489990234375,775.0,151132400.0
2025-09-18,45.41999816894531,555.010009765625,45.474998474121094,555.780029296875,45.41999816894531,551.7000122070312,45.474998474121094,551.7000122070312,808.0,163190000.0
2025-09-19,45.35499954223633,554.1199951171875,45.43000030517578,556.8200073242188,45.349998474121094,554.1199951171875,45.43000030517578,555.030029296875,257.0,401335500.0
2025-09-22,45.375,553.4000244140625,45.415000915527344,554.3900146484375,45.375,552.030029296875,45.415000915527344,554.3900146484375,906.0,141596000.0
2025-09-23,45.31999969482422,554.9500122070312,45.45500183105469,557.260009765625,45.31999969482422,553.7999877929688,45.44499969482422,553.7999877929688,2077.0,165847300.0
2025-09-24,45.3650016784668,553.8800048828125,45.3849983215332,555.1799926757812,45.34000015258789,551.6799926757812,45.35499954223633,554.8499755859375,1300.0,155225800.0
2025-09-25,45.290000915527344,550.219970703125,45.3650016784668,553.5999755859375,45.290000915527344,549.239990234375,45.3650016784668,553.5999755859375,604.0,166259000.0
2025-09-26,45.345001220703125,554.52001953125,45.3650016784668,555.1500244140625,45.34000015258789,550.6300048828125,45.34000015258789,550.6300048828125,165.0,162936500.0
2025-09-29,45.46500015258789,555.530029296875,45.46500015258789,557.1199951171875,45.39500045776367,554.489990234375,45.40999984741211,555.6900024414062,933.0,141088500.0
2025-09-30,45.44499969482422,558.1799926757812,45.48500061035156,558.2100219726562,45.435001373291016,553.3200073242188,45.48500061035156,555.3200073242188,2010.0,196046200.0
2025-10-01,45.45000076293945,564.6199951171875,45.48500061035156,565.0900268554688,45.3849983215332,557.6500244140625,45.40999984741211,557.6500244140625,4003.0,224490500.0
2025-10-02,45.5099983215332,567.5999755859375,45.51499938964844,569.8800048828125,45.45500183105469,566.8300170898438,45.46500015258789,566.8300170898438,3829.0,187435700.0
2025-10-03,45.505001068115234,570.4500122070312,45.58000183105469,570.5700073242188,45.48500061035156,568.6300048828125,45.52000045776367,568.6300048828125,1420.0,199273000.0
2025-10-06,45.45000076293945,570.239990234375,45.459999084472656,571.6699829101562,45.415000915527344,567.8499755859375,45.45000076293945,570.8699951171875,48516.0,166689900.0
2025-10-07,45.459999084472656,569.27001953125,45.4900016784668,571.6199951171875,45.404998779296875,568.969970703125,45.415000915527344,570.3499755859375,1607.0,157109900.0
2025-10-08,45.584999084472656,573.7899780273438,45.595001220703125,574.3200073242188,45.5,569.239990234375,45.5,569.239990234375,2822.0,188139500.0
2025-10-09,45.51499938964844,571.3099975585938,45.64500045776367,573.8900146484375,45.529998779296875,571.3099975585938,45.64500045776367,573.1300048828125,870.0,199077600.0
2025-10-10,45.63999938964844,564.1599731445312,45.63999938964844,572.1300048828125,45.57500076293945,564.030029296875,45.584999084472656,570.8800048828125,3152.0,172378900.0
2025-10-13,45.69499969482422,566.6300048828125,45.709999084472656,567.9500122070312,45.6349983215332,564.4099731445312,45.70500183105469,564.8099975585938,2823.0,176432700.0
2025-10-14,45.77000045776367,564.5399780273438,45.80500030517578,564.8300170898438,45.7599983215332,560.3099975585938,45.77000045776367,564.8300170898438,16810.0,173510300.0
2025-10-15,45.939998626708984,567.77001953125,45.915000915527344,569.2100219726562,45.85499954223633,566.3200073242188,45.85499954223633,566.3200073242188,2762.0,174953000.0
2025-10-16,45.94499969482422,571.6599731445312,45.97999954223633,571.6599731445312,45.91999816894531,567.3400268554688,45.97999954223633,567.9299926757812,1377.0,172670700.0
2025-10-17,45.89500045776367,566.239990234375,46.0099983215332,568.97998046875,45.875,560.8400268554688,46.005001068115234,568.8499755859375,1599.0,218852800.0
2025-10-20,45.8849983215332,572.0999755859375,45.95000076293945,572.489990234375,45.8650016784668,568.3200073242188,45.95000076293945,568.3200073242188,5975.0,162772900.0
2025-10-21,45.96500015258789,573.2999877929688,45.974998474121094,574.030029296875,45.900001525878906,571.3800048828125,45.939998626708984,572.6599731445312,3706.0,162223300.0
2025-10-22,45.935001373291016,572.2899780273438,45.98500061035156,574.3099975585938,45.935001373291016,571.4500122070312,45.95000076293945,572.4600219726562,4275.0,212795100.0
2025-10-23,45.89500045776367,574.4299926757812,45.96500015258789,574.8400268554688,45.90999984741211,572.5,45.96500015258789,572.8800048828125,204.0,191150500.0
2025-10-24,45.75579833984375,575.760009765625,45.75579833984375,576.1799926757812,45.75579833984375,572.8200073242188,45.75579833984375,575.5499877929688,0.0,168010600.0
2025-10-27,45.810001373291016,577.030029296875,45.81999969482422,577.260009765625,45.75,575.3099975585938,45.814998626708984,576.9000244140625,1416.0,167358600.0
2025-10-28,45.834999084472656,575.760009765625,45.849998474121094,576.4400024414062,45.810001373291016,574.9600219726562,45.810001373291016,576.3099975585938,450.0,168206300.0
2025-10-29,45.84000015258789,575.4000244140625,45.86000061035156,577.6799926757812,45.83000183105469,574.8300170898438,45.83000183105469,575.4400024414062,645.0,185578400.0
2025-10-30,45.82500076293945,574.8300170898438,45.834999084472656,575.1300048828125,45.7599983215332,571.8699951171875,45.81999969482422,574.9000244140625,1364.0,228198800.0
2025-10-31,45.81999969482422,571.8900146484375,45.83000183105469,574.6099853515625,45.79999923706055,571.1500244140625,45.83000183105469,574.489990234375,465.0,167014400.0
2025-11-03,45.76499938964844,572.280029296875,45.85499954223633,574.7899780273438,45.75,571.8900146484375,45.85499954223633,571.9500122070312,978.0,173600500.0
2025-11-04,45.779998779296875,570.5800170898438,45.80500030517578,570.780029296875,45.779998779296875,562.8400268554688,45.790000915527344,569.7100219726562,82.0,206849000.0
2025-11-05,45.720001220703125,571.9000244140625,45.775001525878906,573.0,45.7400016784668,566.4000244140625,45.775001525878906,567.8300170898438,129.0,190073700.0
2025-11-06,45.7599983215332,567.9000244140625,45.76499938964844,571.8599853515625,45.75,567.3400268554688,45.76499938964844,571.8599853515625,1134.0,223395600.0
2025-11-07,45.73500061035156,564.7899780273438,45.77000045776367,569.4000244140625,45.685001373291016,562.989990234375,45.77000045776367,568.530029296875,13015.0,185448000.0
2025-11-10,45.77000045776367,572.8200073242188,45.77000045776367,573.719970703125,45.70000076293945,568.239990234375,45.744998931884766,568.239990234375,591.0,184506900.0
2025-11-11,45.790000915527344,580.1300048828125,45.80500030517578,580.6199951171875,45.76499938964844,573.8599853515625,45.77000045776367,573.8599853515625,1030.0,207545000.0
2025-11-12,45.849998474121094,584.22998046875,45.85499954223633,585.4600219726562,45.775001525878906,580.8800048828125,45.84000015258789,580.8800048828125,985.0,201797800.0
2025-11-13,45.72999954223633,580.6699829101562,45.834999084472656,586.3300170898438,45.72999954223633,580.6699829101562,45.834999084472656,584.4400024414062,1239.0,166226200.0
2025-11-14,45.665000915527344,574.8099975585938,45.75,578.739990234375,45.665000915527344,569.510009765625,45.75,578.739990234375,29117.0,186256500.0
2025-11-17,45.67499923706055,571.6799926757812,45.69499969482422,575.8900146484375,45.64500045776367,570.97998046875,45.69499969482422,574.9400024414062,63065.0,178992600.0
2025-11-18,45.654998779296875,561.8599853515625,45.709999084472656,568.4000244140625,45.654998779296875,560.0,45.709999084472656,568.4000244140625,38372.0,205490600.0
2025-11-19,45.67499923706055,561.7100219726562,45.744998931884766,565.7100219726562,45.67499923706055,560.1199951171875,45.744998931884766,561.9500122070312,30668.0,187306400.0
2025-11-20,45.64500045776367,563.9400024414062,45.67499923706055,568.2100219726562,45.584999084472656,563.9400024414062,45.66999816894531,564.3400268554688,7130.0,181153600.0
2025-11-21,45.685001373291016,562.0999755859375,45.7599983215332,562.8499755859375,45.60499954223633,556.9600219726562,45.60499954223633,560.4199829101562,39950.0,193259000.0
2025-11-24,45.69499969482422,562.8800048828125,45.79999923706055,566.1099853515625,45.685001373291016,560.969970703125,45.79999923706055,563.2000122070312,1308.0,366791700.0
2025-11-25,45.78499984741211,568.010009765625,45.78499984741211,568.219970703125,45.70500183105469,561.780029296875,45.70500183105469,563.4600219726562,905.0,176713700.0
2025-11-26,45.80500030517578,574.2100219726562,45.814998626708984,574.3699951171875,45.75,568.3900146484375,45.790000915527344,569.260009765625,61876.0,208067900.0
2025-11-27,45.78499984741211,575.0,45.880001068115234,575.3900146484375,45.7599983215332,572.969970703125,45.880001068115234,574.219970703125,759.0,148173600.0
2025-11-28,45.79499816894531,576.4299926757812,45.810001373291016,576.969970703125,45.775001525878906,574.219970703125,45.78499984741211,574.97998046875,13983.0,141746800.0
2025-12-01,45.65999984741211,575.27001953125,45.79999923706055,575.8400268554688,45.630001068115234,572.7100219726562,45.79999923706055,575.260009765625,1075.0,171580400.0
2025-12-02,45.6349983215332,575.6500244140625,45.70000076293945,577.5800170898438,45.619998931884766,574.4199829101562,45.70000076293945,575.010009765625,212.0,169635700.0
2025-12-03,45.67499923706055,576.219970703125,45.70500183105469,578.2899780273438,45.65999984741211,574.77001953125,45.65999984741211,576.010009765625,1622.0,185347300.0
2025-12-04,45.61000061035156,578.8400268554688,45.66999816894531,579.6500244140625,45.6150016784668,576.4600219726562,45.66999816894531,577.6500244140625,180.0,189342700.0
2025-12-05,45.53499984741211,578.77001953125,45.625,581.4199829101562,45.53499984741211,578.77001953125,45.625,579.4099731445312,222.0,165378200.0
2025-12-08,45.39500045776367,578.3599853515625,45.54999923706055,579.219970703125,45.400001525878906,577.3800048828125,45.54999923706055,578.0399780273438,208.0,159308700.0
2025-12-09,45.439998626708984,577.77001953125,45.459999084472656,580.27001953125,45.43000030517578,577.3300170898438,45.459999084472656,578.780029296875,250.0,170040500.0
2025-12-10,45.415000915527344,578.1699829101562,45.415000915527344,578.3300170898438,45.32500076293945,575.77001953125,45.32500076293945,577.3599853515625,324.0,209327200.0
2025-12-11,45.45000076293945,581.3400268554688,45.47999954223633,582.3900146484375,45.41999816894531,576.260009765625,45.46500015258789,578.0399780273438,866.0,155393500.0
2025-12-12,45.41999816894531,578.239990234375,45.51499938964844,584.7100219726562,45.3849983215332,578.0499877929688,45.51499938964844,582.0,547.0,160796700.0
2025-12-15,45.435001373291016,582.5399780273438,45.52000045776367,583.22998046875,45.435001373291016,578.9500122070312,45.52000045776367,578.9500122070312,507.0,178063000.0
2025-12-16,45.45500183105469,579.7999877929688,45.48500061035156,583.6400146484375,45.45000076293945,578.5999755859375,45.459999084472656,582.280029296875,342.0,195869800.0
2025-12-17,45.45000076293945,579.7899780273438,45.494998931884766,582.6500244140625,45.44499969482422,579.5800170898438,45.494998931884766,580.9199829101562,2518.0,185789000.0
2025-12-18,45.53499984741211,585.3499755859375,45.53499984741211,585.4000244140625,45.38999938964844,579.2899780273438,45.52000045776367,579.6599731445312,12262.0,176544700.0
2025-12-19,45.400001525878906,587.5,45.439998626708984,588.2000122070312,45.38999938964844,584.3900146484375,45.439998626708984,584.989990234375,169.0,372610100.0
2025-12-22,45.369998931884766,586.75,45.439998626708984,587.8300170898438,45.380001068115234,585.010009765625,45.439998626708984,587.469970703125,348.0,227525900.0
2025-12-23,45.505001068115234,588.72998046875,45.5099983215332,589.469970703125,45.45000076293945,587.22998046875,45.5099983215332,587.3400268554688,885.0,154645300.0
2025-12-24,45.5,,45.525001525878906,,45.525001525878906,,45.525001525878906,,18.0,
2025-12-29,45.595001220703125,589.25,45.595001220703125,590.1500244140625,45.5099983215332,587.8099975585938,45.5099983215332,588.8599853515625,2321.0,115734500.0
2025-12-30,45.54999923706055,592.780029296875,45.560001373291016,593.4199829101562,45.53499984741211,588.780029296875,45.560001373291016,588.8300170898438,423.0,111521000.0
2025-12-31,45.529998779296875,,45.529998779296875,,45.529998779296875,,45.529998779296875,,44.0,
2026-01-02,45.404998779296875,,45.51499938964844,,45.404998779296875,,45.439998626708984,,182.0,
2026-01-05,45.525001525878906,601.760009765625,45.525001525878906,601.760009765625,45.45500183105469,597.2999877929688,45.45500183105469,598.0700073242188,1260.0,194380700.0
2026-01-06,45.619998931884766,605.280029296875,45.6349983215332,606.280029296875,45.56999969482422,601.8499755859375,45.56999969482422,602.5399780273438,4685.0,191869600.0
2026-01-07,45.709999084472656,604.989990234375,45.72999954223633,605.989990234375,45.619998931884766,603.739990234375,45.619998931884766,605.260009765625,439.0,220544000.0
2026-01-08,45.67499923706055,603.8300170898438,45.67499923706055,604.8599853515625,45.61000061035156,601.9000244140625,45.619998931884766,603.780029296875,3655.0,182374700.0
2026-01-09,45.68000030517578,609.6699829101562,45.70500183105469,609.9000244140625,45.665000915527344,604.5599975585938,45.70000076293945,604.5599975585938,2960.0,177370100.0
2026-01-12,45.7400016784668,610.9500122070312,45.73500061035156,611.27001953125,45.66999816894531,607.6099853515625,45.72999954223633,609.02001953125,1175.0,164139700.0
2026-01-13,45.70500183105469,610.4400024414062,45.724998474121094,611.8599853515625,45.665000915527344,608.97998046875,45.720001220703125,611.6900024414062,841.0,215781100.0
2026-01-14,45.810001373291016,611.5599975585938,45.810001373291016,612.6500244140625,45.724998474121094,610.4500122070312,45.744998931884766,610.5599975585938,1644.0,221698300.0
2026-01-15,45.80500030517578,614.5700073242188,45.85499954223633,615.0700073242188,45.77000045776367,611.9199829101562,45.85499954223633,611.9400024414062,3951.0,245653400.0
2026-01-16,45.755001068115234,614.3800048828125,45.78499984741211,615.0499877929688,45.720001220703125,612.4099731445312,45.720001220703125,614.5499877929688,1107.0,210602500.0
2026-01-19,45.775001525878906,607.0599975585938,45.79499816894531,610.25,45.77000045776367,605.760009765625,45.77000045776367,610.25,32878.0,161136000.0
2026-01-20,45.709999084472656,602.7999877929688,45.75,605.3499755859375,45.6150016784668,598.2999877929688,45.75,605.3499755859375,4443.0,214785500.0
2026-01-21,45.66999816894531,602.6699829101562,45.76499938964844,603.8699951171875,45.65999984741211,597.6500244140625,45.76499938964844,602.47998046875,121617.0,191927600.0
2026-01-22,45.709999084472656,608.8599853515625,45.75,611.1099853515625,45.69499969482422,605.7100219726562,45.72999954223633,605.7100219726562,31008.0,200740200.0
2026-01-23,45.70000076293945,608.3400268554688,45.724998474121094,609.239990234375,45.67499923706055,606.5,45.67499923706055,608.8400268554688,4509.0,165081200.0
2026-01-26,45.810001373291016,609.5700073242188,45.82500076293945,611.0700073242188,45.69499969482422,607.02001953125,45.69499969482422,608.6199951171875,8040.0,162653500.0
2026-01-27,45.814998626708984,613.1099853515625,45.84000015258789,613.780029296875,45.7599983215332,610.1699829101562,45.84000015258789,610.8699951171875,13531.0,182288900.0
2026-01-28,45.86000061035156,608.510009765625,45.869998931884766,613.5,45.86000061035156,608.010009765625,45.869998931884766,612.530029296875,564.0,188207500.0
2026-01-29,45.904998779296875,607.1400146484375,45.915000915527344,613.4199829101562,45.880001068115234,606.5,45.880001068115234,610.2100219726562,1483.0,210401700.0
2026-01-30,45.880001068115234,611.0,45.8849983215332,612.3599853515625,45.849998474121094,606.6300048828125,45.875,606.719970703125,320.0,198870900.0
2026-02-02,45.845001220703125,617.3099975585938,45.90999984741211,617.7999877929688,45.849998474121094,606.8699951171875,45.849998474121094,607.6199951171875,640.0,214668000.0
2026-02-03,45.790000915527344,617.9299926757812,45.82500076293945,622.6699829101562,45.790000915527344,615.1599731445312,45.814998626708984,619.6500244140625,6529.0,210801300.0
2026-02-04,45.84000015258789,618.1199951171875,45.86000061035156,622.219970703125,45.81999969482422,616.0599975585938,45.84000015258789,617.5499877929688,11957.0,253595900.0
2026-02-05,45.86000061035156,611.6500244140625,45.8849983215332,618.4400024414062,45.81999969482422,609.3900146484375,45.81999969482422,617.3599853515625,62703.0,267531700.0
2026-02-06,45.88999938964844,617.1199951171875,45.935001373291016,617.52001953125,45.845001220703125,608.7899780273438,45.845001220703125,611.5,190.0,218239100.0
2026-02-09,45.915000915527344,621.4099731445312,45.915000915527344,621.4299926757812,45.84000015258789,616.6099853515625,45.84000015258789,617.8499755859375,2497.0,218332600.0
2026-02-10,46.01499938964844,620.969970703125,46.01499938964844,622.3200073242188,46.0,620.4000244140625,46.0,621.75,736.0,223035900.0
2026-02-11,46.029998779296875,621.5800170898438,46.084999084472656,623.489990234375,46.0,618.6199951171875,46.084999084472656,620.6599731445312,639.0,241358500.0
2026-02-12,46.08000183105469,618.52001953125,46.09000015258789,625.9000244140625,46.029998779296875,617.75,46.064998626708984,623.8599853515625,1288.0,243319700.0
2026-02-13,46.125,617.7000122070312,46.165000915527344,618.9299926757812,46.064998626708984,614.8400268554688,46.099998474121094,618.3699951171875,2932.0,287886300.0
2026-02-16,46.099998474121094,618.52001953125,46.19499969482422,620.5700073242188,46.084999084472656,618.2100219726562,46.19499969482422,618.9400024414062,29077.0,147835600.0
2026-02-17,46.189998626708984,621.2899780273438,46.20000076293945,621.6300048828125,46.15999984741211,617.0700073242188,46.18000030517578,617.739990234375,1647.0,170014700.0
2026-02-18,46.19499969482422,628.6900024414062,46.19499969482422,629.3900146484375,46.1349983215332,622.5900268554688,46.154998779296875,622.5900268554688,2384.0,223774400.0
2026-02-19,46.165000915527344,625.3300170898438,46.19499969482422,628.5,46.14500045776367,623.3499755859375,46.14500045776367,628.469970703125,1106.0,227376600.0
2026-02-20,46.220001220703125,630.5599975585938,46.224998474121094,632.3099975585938,46.20000076293945,625.8300170898438,46.20000076293945,626.5599975585938,803.0,207904200.0
2026-02-23,46.27000045776367,627.7000122070312,46.26499938964844,631.0700073242188,46.20000076293945,626.5,46.244998931884766,629.6300048828125,438.0,182028100.0
2026-02-24,46.290000915527344,629.1400146484375,46.30500030517578,631.3800048828125,46.275001525878906,625.7000122070312,46.30500030517578,627.5599975585938,1287.0,224921100.0
2026-02-25,46.310001373291016,633.469970703125,46.310001373291016,633.52001953125,46.279998779296875,630.489990234375,46.28499984741211,630.489990234375,1446.0,262993900.0
2026-02-26,46.31999969482422,633.1799926757812,46.34000015258789,634.8800048828125,46.275001525878906,631.0999755859375,46.310001373291016,633.6099853515625,719.0,219627800.0
2026-02-27,46.44499969482422,633.8499755859375,46.44499969482422,636.1599731445312,46.310001373291016,631.739990234375,46.345001220703125,633.0700073242188,382.0,376798900.0
2026-03-02,46.189998626708984,623.6300048828125,46.39500045776367,628.7000122070312,46.15999984741211,621.2999877929688,46.39500045776367,628.7000122070312,274.0,296061900.0
2026-03-03,46.05500030517578,604.4400024414062,46.05500030517578,620.3800048828125,45.91999816894531,600.6400146484375,45.91999816894531,620.3800048828125,356.0,358464800.0
2026-03-04,46.099998474121094,612.7100219726562,46.099998474121094,614.4500122070312,46.0099983215332,604.5499877929688,46.0099983215332,605.280029296875,2989.0,257002000.0
2026-03-05,45.875,604.8300170898438,46.029998779296875,616.9099731445312,45.875,604.22998046875,46.02000045776367,612.9000244140625,2468.0,247793100.0
2026-03-06,45.779998779296875,598.6900024414062,45.85499954223633,608.6400146484375,45.66999816894531,593.5399780273438,45.79999923706055,606.8599853515625,4877.0,263900800.0
2026-03-09,45.66999816894531,594.9199829101562,45.70500183105469,595.4600219726562,45.52000045776367,583.97998046875,45.56999969482422,593.8800048828125,712.0,257931100.0
2026-03-10,45.89500045776367,606.1199951171875,45.90999984741211,608.969970703125,45.790000915527344,598.0800170898438,45.88999938964844,598.0800170898438,634.0,264176700.0
2026-03-11,45.61000061035156,602.5399780273438,45.720001220703125,604.7000122070312,45.61000061035156,598.9299926757812,45.720001220703125,604.22998046875,1401.0,224094400.0
2026-03-12,45.5099983215332,598.52001953125,45.560001373291016,602.7000122070312,45.5099983215332,598.0800170898438,45.560001373291016,601.0800170898438,69.0,0.0
